ISO-10303-21;
HEADER;
FILE_DESCRIPTION (( 'STEP AP203' ),
    '1' );
FILE_NAME ('HD0026.STEP',
    '2026-03-26T00:50:01',
    ( '' ),
    ( '' ),
    'SwSTEP 2.0',
    'SolidWorks 2025',
    '' );
FILE_SCHEMA (( 'CONFIG_CONTROL_DESIGN' ));
ENDSEC;

DATA;
#1 = CARTESIAN_POINT ( 'NONE',  ( -0.7294950701564656415, -0.1251007753447345439, -1.414987658372634405 ) ) ;
#2 = ORIENTED_EDGE ( 'NONE', *, *, #1682, .F. ) ;
#3 = AXIS2_PLACEMENT_3D ( 'NONE', #861, #3246, #1779 ) ;
#4 =( BOUNDED_CURVE ( )  B_SPLINE_CURVE ( 3, ( #4984, #6017, #4072, #3604 ),
 .UNSPECIFIED., .F., .F. ) 
 B_SPLINE_CURVE_WITH_KNOTS ( ( 4, 4 ),
 ( 3.141592653589793116, 4.586190565023598786 ),
 .UNSPECIFIED. ) 
 CURVE ( )  GEOMETRIC_REPRESENTATION_ITEM ( )  RATIONAL_B_SPLINE_CURVE ( ( 1.000000000000000000, 0.8335252317299775004, 0.8335252317299775004, 1.000000000000000000 ) ) 
 REPRESENTATION_ITEM ( '' )  );
#5 = DIRECTION ( 'NONE',  ( -1.000000000000000000, 0.000000000000000000, 0.000000000000000000 ) ) ;
#6 = CARTESIAN_POINT ( 'NONE',  ( -0.3125000000000001665, -0.1763878406783229158, -1.581155855443755698 ) ) ;
#7 = ORIENTED_EDGE ( 'NONE', *, *, #5515, .T. ) ;
#8 = CARTESIAN_POINT ( 'NONE',  ( 0.3808464024490064159, -0.1204493447541867962, -1.635975522197532062 ) ) ;
#9 = CARTESIAN_POINT ( 'NONE',  ( -0.4682200722196740994, 0.1754136937944216490, -0.04643260993721694957 ) ) ;
#10 = ADVANCED_FACE ( 'NONE', ( #5303 ), #2615, .T. ) ;
#11 = ORIENTED_EDGE ( 'NONE', *, *, #1438, .F. ) ;
#12 = CARTESIAN_POINT ( 'NONE',  ( 0.5028430527820674234, -0.2259634888040849554, -0.1272386242378484023 ) ) ;
#13 = CARTESIAN_POINT ( 'NONE',  ( 0.5106206509312859465, -0.2643192772299081672, -0.1335051027535818224 ) ) ;
#14 = B_SPLINE_CURVE_WITH_KNOTS ( 'NONE', 3,
 ( #2665, #1132, #656, #1227, #2602, #5570, #4624, #4501, #114, #2172, #5604, #3128, #4017, #4142, #5992, #1575, #3518, #4299, #4235, #3744 ),
 .UNSPECIFIED., .F., .F.,
 ( 4, 2, 2, 2, 2, 2, 2, 2, 2, 4 ),
 ( 0.000000000000000000, 0.0007793411935166806711, 0.001558682387033361342, 0.002338023580550041905, 0.003117364774066722685, 0.003896705967583400428, 0.004286376564341737132, 0.004676047161100074269, 0.005455388354616745941, 0.006234729548133417613 ),
 .UNSPECIFIED. ) ;
#15 = CARTESIAN_POINT ( 'NONE',  ( -0.5000000000000001110, -0.2104964325533064118, -0.1250000000000000555 ) ) ;
#16 = VERTEX_POINT ( 'NONE', #430 ) ;
#17 = CARTESIAN_POINT ( 'NONE',  ( -0.06250000000000006939, -0.4375000000000000555, -1.266155855443755529 ) ) ;
#18 = DIRECTION ( 'NONE',  ( 1.000000000000000000, 0.000000000000000000, 0.000000000000000000 ) ) ;
#19 = EDGE_CURVE ( 'NONE', #1738, #5641, #2371, .T. ) ;
#20 = ORIENTED_EDGE ( 'NONE', *, *, #5681, .T. ) ;
#21 = ORIENTED_EDGE ( 'NONE', *, *, #4127, .T. ) ;
#22 = CARTESIAN_POINT ( 'NONE',  ( 0.5295890070392447191, 0.5000000000000000000, -0.1494588600076266482 ) ) ;
#23 = CARTESIAN_POINT ( 'NONE',  ( 0.4898506454919533404, -0.04267232491951303969, -0.6177734050422721834 ) ) ;
#24 = CARTESIAN_POINT ( 'NONE',  ( -0.3082233602167164799, -0.09798340257583003365, -1.641155855443755307 ) ) ;
#25 = ORIENTED_EDGE ( 'NONE', *, *, #1241, .F. ) ;
#26 = DATE_TIME_ROLE ( 'classification_date' ) ;
#27 = ADVANCED_FACE ( 'NONE', ( #525 ), #1063, .T. ) ;
#28 = CARTESIAN_POINT ( 'NONE',  ( 0.4175940155840455192, 0.1138848221189861926, -0.4664540431823459010 ) ) ;
#29 = LINE ( 'NONE', #2487, #3759 ) ;
#30 = CARTESIAN_POINT ( 'NONE',  ( 0.000000000000000000, -0.3124999999999999445, -0.1250000000000000000 ) ) ;
#31 = CARTESIAN_POINT ( 'NONE',  ( -0.2575000000000000067, 6.829619984160658046E-17, -0.3197798846031684739 ) ) ;
#32 = CARTESIAN_POINT ( 'NONE',  ( -0.5295890070392446081, -0.4085786437626903189, -0.1494588600076266482 ) ) ;
#33 = AXIS2_PLACEMENT_3D ( 'NONE', #718, #2210, #4625 ) ;
#34 = EDGE_LOOP ( 'NONE', ( #1328, #5544, #3264, #3356 ) ) ;
#35 = CARTESIAN_POINT ( 'NONE',  ( -0.3909845410584554259, 0.1194528942142962791, -1.087640065265693456 ) ) ;
#36 = CARTESIAN_POINT ( 'NONE',  ( -0.4640639265841039474, 0.4085786437626895418, -0.2249999999999999778 ) ) ;
#37 = ORIENTED_EDGE ( 'NONE', *, *, #4166, .F. ) ;
#38 = DIRECTION ( 'NONE',  ( -1.000000000000000000, 8.881784197001252323E-15, 0.000000000000000000 ) ) ;
#39 = FACE_OUTER_BOUND ( 'NONE', #50, .T. ) ;
#40 = ORIENTED_EDGE ( 'NONE', *, *, #3214, .F. ) ;
#41 = CARTESIAN_POINT ( 'NONE',  ( 0.4238510346673456386, 0.2654139267921887257, -0.1152754446691354601 ) ) ;
#42 =( BOUNDED_SURFACE ( )  B_SPLINE_SURFACE ( 3, 2, ( 
 ( #5196, #252, #673 ),
 ( #4197, #798, #285 ),
 ( #5136, #2162, #6177 ),
 ( #734, #3116, #2131 ),
 ( #2748, #317, #2196 ),
 ( #4124, #4164, #5658 ) ),
 .UNSPECIFIED., .F., .F., .F. ) 
 B_SPLINE_SURFACE_WITH_KNOTS ( ( 4, 2, 4 ),
 ( 3, 3 ),
 ( 0.000000000000000000, 0.001002059535306300611, 0.002004119070612601222 ),
 ( 0.000000000000000000, 1.000000000000000000 ),
 .UNSPECIFIED. ) 
 GEOMETRIC_REPRESENTATION_ITEM ( )  RATIONAL_B_SPLINE_SURFACE ( (
 ( 1.000000000000000000, 0.9697339845682835247, 1.000000000000000000),
 ( 1.000000000000000000, 0.9646124974352660031, 1.000000000000000000),
 ( 1.000000000000000000, 0.9592229369860358901, 1.000000000000000000),
 ( 1.000000000000000000, 0.9481943243729449300, 1.000000000000000000),
 ( 1.000000000000000000, 0.9425516486189167153, 1.000000000000000000),
 ( 1.000000000000000000, 0.9368594878432070505, 1.000000000000000000) ) ) 
 REPRESENTATION_ITEM ( '' )  SURFACE ( )  );
#43 = CARTESIAN_POINT ( 'NONE',  ( 0.7694581563129685442, 0.2119317846998126087, -1.334205529120631839 ) ) ;
#44 = CARTESIAN_POINT ( 'NONE',  ( 0.3695002029321565185, 0.1199778267619433098, -1.111689914856395456 ) ) ;
#45 = AXIS2_PLACEMENT_3D ( 'NONE', #668, #186, #2128 ) ;
#46 = CARTESIAN_POINT ( 'NONE',  ( 0.2575000000000000067, -0.005467624554585159835, -0.3197798846031685294 ) ) ;
#47 = AXIS2_PLACEMENT_3D ( 'NONE', #5188, #5096, #4220 ) ;
#48 = EDGE_CURVE ( 'NONE', #3135, #4064, #3359, .T. ) ;
#49 = CARTESIAN_POINT ( 'NONE',  ( 0.3124999999999998890, 0.2499999999999998890, -1.393655855443755476 ) ) ;
#50 = EDGE_LOOP ( 'NONE', ( #845, #2731, #2433, #1859 ) ) ;
#51 = DIRECTION ( 'NONE',  ( 0.000000000000000000, 0.000000000000000000, -1.000000000000000000 ) ) ;
#52 = DIRECTION ( 'NONE',  ( 0.000000000000000000, -1.000000000000000000, 0.000000000000000000 ) ) ;
#53 = ORIENTED_EDGE ( 'NONE', *, *, #6015, .T. ) ;
#54 = EDGE_LOOP ( 'NONE', ( #571, #3898, #2220, #967 ) ) ;
#55 = DIRECTION ( 'NONE',  ( -0.000000000000000000, -0.000000000000000000, 1.000000000000000000 ) ) ;
#56 = EDGE_CURVE ( 'NONE', #2473, #475, #2406, .T. ) ;
#57 = CARTESIAN_POINT ( 'NONE',  ( 0.4971067195565699870, -0.01081846865315772878, -0.6460165046748544970 ) ) ;
#58 = LINE ( 'NONE', #4570, #4278 ) ;
#59 = VECTOR ( 'NONE', #80, 39.37007874015748854 ) ;
#60 = ORIENTED_EDGE ( 'NONE', *, *, #4751, .T. ) ;
#61 = PERSON_AND_ORGANIZATION_ROLE ( 'design_supplier' ) ;
#62 = FACE_OUTER_BOUND ( 'NONE', #647, .T. ) ;
#63 = CARTESIAN_POINT ( 'NONE',  ( 0.2798752118503107789, 0.06996370872038434885, -0.3336388083263412407 ) ) ;
#64 = CARTESIAN_POINT ( 'NONE',  ( -0.7544113108891862263, -0.3501815465105995728, -1.372175383980938079 ) ) ;
#65 = CARTESIAN_POINT ( 'NONE',  ( 0.3535533905932746745, -0.3535533905932730092, -0.02500000000000000486 ) ) ;
#66 = CARTESIAN_POINT ( 'NONE',  ( 0.4993153503435474594, 0.03026378394306777908, -0.07746080854268365401 ) ) ;
#67 = ADVANCED_FACE ( 'NONE', ( #880 ), #3779, .F. ) ;
#68 = EDGE_CURVE ( 'NONE', #2547, #605, #157, .T. ) ;
#69 = CARTESIAN_POINT ( 'NONE',  ( -0.07936856691505272954, -0.4028428119596747514, -0.2561825069640480401 ) ) ;
#70 = CARTESIAN_POINT ( 'NONE',  ( 0.3501526200876836081, -0.5441862003895896471, -0.1435352863234480025 ) ) ;
#71 = ORIENTED_EDGE ( 'NONE', *, *, #4520, .F. ) ;
#72 = CARTESIAN_POINT ( 'NONE',  ( -0.3125000000000001665, 0.1763878406783229158, -1.581155855443755698 ) ) ;
#73 = EDGE_CURVE ( 'NONE', #6020, #665, #1074, .T. ) ;
#74 = CARTESIAN_POINT ( 'NONE',  ( 0.5542030978846961276, -0.2737100207136046737, -1.576469735100668679 ) ) ;
#75 = ORIENTED_EDGE ( 'NONE', *, *, #5635, .F. ) ;
#76 = CARTESIAN_POINT ( 'NONE',  ( 0.1077951263332768278, 0.3658105183398440152, -0.2615125245777987772 ) ) ;
#77 = CARTESIAN_POINT ( 'NONE',  ( 0.5577654683988126916, 0.2174850773834932915, -1.574437451417087352 ) ) ;
#78 = CARTESIAN_POINT ( 'NONE',  ( 0.3912654317005972993, 0.1194221050736027773, -1.087305906093121166 ) ) ;
#79 = CARTESIAN_POINT ( 'NONE',  ( -0.4238510346673349805, -0.2654139267921586387, -0.1152754446691460072 ) ) ;
#80 = DIRECTION ( 'NONE',  ( 0.7071067811865454633, -0.7071067811865493491, 0.000000000000000000 ) ) ;
#81 = CARTESIAN_POINT ( 'NONE',  ( 0.1199697592112542593, -0.3083302451846453573, -1.469863291271794825 ) ) ;
#82 = ORIENTED_EDGE ( 'NONE', *, *, #925, .T. ) ;
#83 = CARTESIAN_POINT ( 'NONE',  ( 0.3993197982237513544, -0.4492083392001057218, -0.1250000000000000000 ) ) ;
#84 = AXIS2_PLACEMENT_3D ( 'NONE', #3711, #2271, #4143 ) ;
#85 = VERTEX_POINT ( 'NONE', #3454 ) ;
#86 = EDGE_LOOP ( 'NONE', ( #4352, #3527, #5725, #1894 ) ) ;
#87 = EDGE_LOOP ( 'NONE', ( #6155, #2293, #1078, #40, #757 ) ) ;
#88 = LINE ( 'NONE', #2030, #907 ) ;
#89 = CARTESIAN_POINT ( 'NONE',  ( 0.4878245669010831120, 0.4932827572342012301, -0.1705289341865960651 ) ) ;
#90 = AXIS2_PLACEMENT_3D ( 'NONE', #5924, #5360, #3353 ) ;
#91 = VECTOR ( 'NONE', #2859, 39.37007874015748143 ) ;
#92 = FACE_OUTER_BOUND ( 'NONE', #3069, .T. ) ;
#93 = VERTEX_POINT ( 'NONE', #107 ) ;
#94 = ADVANCED_FACE ( 'NONE', ( #5076 ), #2469, .F. ) ;
#95 = AXIS2_PLACEMENT_3D ( 'NONE', #6294, #5777, #5873 ) ;
#96 = CARTESIAN_POINT ( 'NONE',  ( -0.7294950701564656415, 0.3748992246552653729, -1.414987658372634405 ) ) ;
#97 = CARTESIAN_POINT ( 'NONE',  ( 0.4640639265841039474, 0.4085786437626901524, -0.2249999999999999778 ) ) ;
#98 = EDGE_CURVE ( 'NONE', #342, #5541, #4464, .T. ) ;
#99 = ORIENTED_EDGE ( 'NONE', *, *, #729, .F. ) ;
#100 = CARTESIAN_POINT ( 'NONE',  ( 0.06249999999999995837, 0.3125000000000000555, -0.1250000000000000000 ) ) ;
#101 = CARTESIAN_POINT ( 'NONE',  ( 0.5939341860352329583, -0.3280686397633026941, -1.551553864909449576 ) ) ;
#102 = ORIENTED_EDGE ( 'NONE', *, *, #752, .F. ) ;
#103 = AXIS2_PLACEMENT_3D ( 'NONE', #750, #5032, #4568 ) ;
#104 = CARTESIAN_POINT ( 'NONE',  ( -8.244080595807468049E-17, 0.5000000000000000000, 0.000000000000000000 ) ) ;
#105 = VECTOR ( 'NONE', #222, 39.37007874015748143 ) ;
#106 = EDGE_CURVE ( 'NONE', #1370, #1397, #669, .T. ) ;
#107 = CARTESIAN_POINT ( 'NONE',  ( -0.7727392372327768211, -0.1763878406783225827, -1.326155855443755138 ) ) ;
#108 = CARTESIAN_POINT ( 'NONE',  ( -0.3775000000000000022, 6.829619984160658046E-17, 0.000000000000000000 ) ) ;
#109 = CARTESIAN_POINT ( 'NONE',  ( -0.06250000000000018041, 0.4085786437626895418, -1.541155855443755440 ) ) ;
#110 = CYLINDRICAL_SURFACE ( 'NONE', #3625, 0.5000000000000001110 ) ;
#111 = CARTESIAN_POINT ( 'NONE',  ( -0.5457102019574745499, -0.3236121593216770842, -1.581155855443755476 ) ) ;
#112 = CARTESIAN_POINT ( 'NONE',  ( 0.1101622814852675769, -0.2643183894862528582, -1.394894839864007974 ) ) ;
#113 = ORIENTED_EDGE ( 'NONE', *, *, #6278, .F. ) ;
#114 = CARTESIAN_POINT ( 'NONE',  ( -0.1200022531024749484, 0.3021587500335173870, -1.255680803799901879 ) ) ;
#115 = CARTESIAN_POINT ( 'NONE',  ( 0.000000000000000000, 0.3125000000000000555, -1.641155855443755307 ) ) ;
#116 = ORIENTED_EDGE ( 'NONE', *, *, #98, .T. ) ;
#117 = CARTESIAN_POINT ( 'NONE',  ( -0.09088001942282329659, 0.2339823884275611665, -1.395699851157284010 ) ) ;
#118 = ORIENTED_EDGE ( 'NONE', *, *, #1183, .T. ) ;
#119 = ORIENTED_EDGE ( 'NONE', *, *, #768, .T. ) ;
#120 = DIRECTION ( 'NONE',  ( 0.8364310715623483050, -0.5480721325930207888, 0.000000000000000000 ) ) ;
#121 = CARTESIAN_POINT ( 'NONE',  ( -0.5618640866636079867, 0.2104964325533083269, -0.04643260993721637364 ) ) ;
#122 = ORIENTED_EDGE ( 'NONE', *, *, #365, .T. ) ;
#123 = CARTESIAN_POINT ( 'NONE',  ( 0.4617482583810937347, -0.1926884747841186574, -0.04031751024721971083 ) ) ;
#124 = CARTESIAN_POINT ( 'NONE',  ( 0.5195068619302913859, -0.1432022843856145811, -0.1408106802389894885 ) ) ;
#125 = EDGE_CURVE ( 'NONE', #270, #184, #2047, .T. ) ;
#126 = LINE ( 'NONE', #5489, #1588 ) ;
#127 = ORIENTED_EDGE ( 'NONE', *, *, #4968, .F. ) ;
#128 = DIRECTION ( 'NONE',  ( -0.000000000000000000, -0.000000000000000000, 1.000000000000000000 ) ) ;
#129 = EDGE_CURVE ( 'NONE', #205, #5217, #4704, .T. ) ;
#130 = DIRECTION ( 'NONE',  ( 0.000000000000000000, 0.000000000000000000, 1.000000000000000000 ) ) ;
#131 = ORIENTED_EDGE ( 'NONE', *, *, #4723, .T. ) ;
#132 = CARTESIAN_POINT ( 'NONE',  ( -0.8082233602167164799, -0.4499999999999998446, -1.641155855443755085 ) ) ;
#133 = CARTESIAN_POINT ( 'NONE',  ( -0.1199999999999999956, 0.3125000000000000555, -1.641155855443755307 ) ) ;
#134 = CARTESIAN_POINT ( 'NONE',  ( -0.3082233602167164244, 0.4792893218813439882, -1.611866533562410275 ) ) ;
#135 = DIRECTION ( 'NONE',  ( 1.000000000000000000, 0.000000000000000000, -3.663353113774463059E-16 ) ) ;
#136 = EDGE_CURVE ( 'NONE', #5541, #5094, #1990, .T. ) ;
#137 = EDGE_CURVE ( 'NONE', #1829, #2041, #2501, .T. ) ;
#138 = CARTESIAN_POINT ( 'NONE',  ( 0.06249999999999980571, -0.2100609937572604224, -1.641155855443755307 ) ) ;
#139 = CARTESIAN_POINT ( 'NONE',  ( 0.07752833397380839986, -0.2204183714101782265, -1.506350373406275533 ) ) ;
#140 = ORIENTED_EDGE ( 'NONE', *, *, #4272, .T. ) ;
#141 = CARTESIAN_POINT ( 'NONE',  ( -0.2575000000000000067, 0.01100921337120576264, -0.3197798846031685294 ) ) ;
#142 = DIRECTION ( 'NONE',  ( 0.000000000000000000, 0.000000000000000000, -1.000000000000000000 ) ) ;
#143 = ORIENTED_EDGE ( 'NONE', *, *, #4012, .T. ) ;
#144 = DIRECTION ( 'NONE',  ( 0.000000000000000000, 0.000000000000000000, -1.000000000000000000 ) ) ;
#145 = ORIENTED_EDGE ( 'NONE', *, *, #519, .F. ) ;
#146 = ORIENTED_EDGE ( 'NONE', *, *, #1923, .F. ) ;
#147 = DIRECTION ( 'NONE',  ( -0.000000000000000000, 0.000000000000000000, -1.000000000000000000 ) ) ;
#148 = CARTESIAN_POINT ( 'NONE',  ( 0.2071067811865481001, -0.5000000000000001110, 0.3826834323650908365 ) ) ;
#149 = AXIS2_PLACEMENT_3D ( 'NONE', #6326, #5715, #3725 ) ;
#150 = ORIENTED_EDGE ( 'NONE', *, *, #2627, .T. ) ;
#151 = CARTESIAN_POINT ( 'NONE',  ( 0.06249999999999980571, 0.4149390062427396053, -1.641155855443755307 ) ) ;
#152 = DIRECTION ( 'NONE',  ( 0.000000000000000000, 0.000000000000000000, 1.000000000000000000 ) ) ;
#153 = AXIS2_PLACEMENT_3D ( 'NONE', #4301, #1363, #4361 ) ;
#154 = FACE_OUTER_BOUND ( 'NONE', #4343, .T. ) ;
#155 = AXIS2_PLACEMENT_3D ( 'NONE', #5334, #2370, #3358 ) ;
#156 = AXIS2_PLACEMENT_3D ( 'NONE', #2591, #4160, #1776 ) ;
#157 = B_SPLINE_CURVE_WITH_KNOTS ( 'NONE', 3,
 ( #5272, #4790, #398, #3425, #2336, #6283, #943, #1391, #3324, #2881, #6346, #3877 ),
 .UNSPECIFIED., .F., .F.,
 ( 4, 2, 2, 2, 2, 4 ),
 ( 0.003116710482534879208, 0.003896215248934516845, 0.004285967632134336965, 0.004675720015334157084, 0.005455224781733799058, 0.006234729548133441032 ),
 .UNSPECIFIED. ) ;
#158 = FACE_OUTER_BOUND ( 'NONE', #4980, .T. ) ;
#159 = UNCERTAINTY_MEASURE_WITH_UNIT (LENGTH_MEASURE( 1.000000000000000082E-05 ), #5656, 'distance_accuracy_value', 'NONE');
#161 = ORIENTED_EDGE ( 'NONE', *, *, #106, .T. ) ;
#160 = VECTOR ( 'NONE', #5328, 39.37007874015748143 ) ;
#162 = DIRECTION ( 'NONE',  ( 0.000000000000000000, 0.000000000000000000, -1.000000000000000000 ) ) ;
#163 = CARTESIAN_POINT ( 'NONE',  ( 0.000000000000000000, -0.3124999999999999445, -0.1250000000000000000 ) ) ;
#164 = EDGE_LOOP ( 'NONE', ( #1724, #3783, #1052, #3225 ) ) ;
#165 = DIRECTION ( 'NONE',  ( 0.000000000000000000, 0.000000000000000000, -1.000000000000000000 ) ) ;
#166 = CARTESIAN_POINT ( 'NONE',  ( 0.4297007272410571233, -0.5000000000000000000, -0.1443947498903830340 ) ) ;
#167 = EDGE_CURVE ( 'NONE', #1613, #6198, #1635, .T. ) ;
#168 = CARTESIAN_POINT ( 'NONE',  ( -0.5000000000000001110, -0.3219692077899853344, -0.1250000000000000278 ) ) ;
#169 = B_SPLINE_CURVE_WITH_KNOTS ( 'NONE', 3,
 ( #414, #1871, #445, #2897, #6369, #3439, #1972, #3825, #1942, #4316 ),
 .UNSPECIFIED., .F., .F.,
 ( 4, 2, 2, 2, 4 ),
 ( 0.000000000000000000, 0.0006908456119852027927, 0.001381691223970405585, 0.002072536835955608378, 0.002763382447940811171 ),
 .UNSPECIFIED. ) ;
#170 = CARTESIAN_POINT ( 'NONE',  ( 0.3974238797262089617, 0.4999999999999998335, -0.1341649091325095022 ) ) ;
#171 = DIRECTION ( 'NONE',  ( 0.000000000000000000, 0.000000000000000000, 1.000000000000000000 ) ) ;
#172 = ORIENTED_EDGE ( 'NONE', *, *, #3380, .F. ) ;
#173 = CARTESIAN_POINT ( 'NONE',  ( -0.4975000000000011080, 0.005462789525911309306, -0.6477781215626883249 ) ) ;
#174 = CARTESIAN_POINT ( 'NONE',  ( -0.2071067811865479613, -0.5000000000000000000, -0.02500000000000000486 ) ) ;
#175 = ORIENTED_EDGE ( 'NONE', *, *, #653, .F. ) ;
#176 = FACE_OUTER_BOUND ( 'NONE', #1324, .T. ) ;
#177 = VERTEX_POINT ( 'NONE', #4134 ) ;
#178 = ADVANCED_FACE ( 'NONE', ( #711, #4103, #5596 ), #5171, .T. ) ;
#179 = ORIENTED_EDGE ( 'NONE', *, *, #3730, .T. ) ;
#180 = CARTESIAN_POINT ( 'NONE',  ( 0.5940133626453336646, -0.1718628399986439070, -1.551498723561000048 ) ) ;
#181 = CARTESIAN_POINT ( 'NONE',  ( -0.6985357351166163742, -0.1027756813566453598, -1.453655855443755307 ) ) ;
#182 = DIRECTION ( 'NONE',  ( 0.000000000000000000, 0.000000000000000000, 1.000000000000000000 ) ) ;
#183 = AXIS2_PLACEMENT_3D ( 'NONE', #2841, #5817, #934 ) ;
#184 = VERTEX_POINT ( 'NONE', #774 ) ;
#185 = ADVANCED_FACE ( 'NONE', ( #1187 ), #1355, .T. ) ;
#186 = DIRECTION ( 'NONE',  ( 0.000000000000000000, -1.000000000000000000, 0.000000000000000000 ) ) ;
#187 = AXIS2_PLACEMENT_3D ( 'NONE', #3180, #5166, #2714 ) ;
#188 = CIRCLE ( 'NONE', #1006, 0.09999999999999997780 ) ;
#189 = CARTESIAN_POINT ( 'NONE',  ( 0.3590156445683690967, 0.1186956673856174177, -1.638598834526910020 ) ) ;
#190 = CIRCLE ( 'NONE', #293, 0.09999999999999997780 ) ;
#191 = DIRECTION ( 'NONE',  ( -1.707404996040164265E-16, 0.000000000000000000, -1.000000000000000000 ) ) ;
#192 = ORIENTED_EDGE ( 'NONE', *, *, #5922, .T. ) ;
#193 = CARTESIAN_POINT ( 'NONE',  ( -0.1199160139981158280, 0.3079369555429143368, -1.437541699802413975 ) ) ;
#194 = CIRCLE ( 'NONE', #2229, 0.1249999999999999029 ) ;
#195 = VERTEX_POINT ( 'NONE', #3634 ) ;
#196 = CARTESIAN_POINT ( 'NONE',  ( -0.7789340383353708930, -0.4792893218813452094, -0.7600000000000056710 ) ) ;
#197 = CARTESIAN_POINT ( 'NONE',  ( 0.5258707588104867270, 0.3278020613712230302, -0.1462500919927343934 ) ) ;
#198 = DIRECTION ( 'NONE',  ( -0.8581933334987899009, 0.5133266039649952983, 0.000000000000000000 ) ) ;
#199 = CARTESIAN_POINT ( 'NONE',  ( 0.4974999999999999978, 6.829619984160658046E-17, -0.8722218784373162448 ) ) ;
#200 = CARTESIAN_POINT ( 'NONE',  ( -0.1153749234501835197, -0.2786419969644114425, -1.400381592892953053 ) ) ;
#201 = ADVANCED_FACE ( 'NONE', ( #4722 ), #4205, .F. ) ;
#202 = VERTEX_POINT ( 'NONE', #1219 ) ;
#203 = CARTESIAN_POINT ( 'NONE',  ( -0.2861130584806066413, 0.07793460139290499245, -0.3377995157454380948 ) ) ;
#204 = CARTESIAN_POINT ( 'NONE',  ( 0.06249999999999981265, 0.4792893218813446543, -1.611866533562410275 ) ) ;
#205 = VERTEX_POINT ( 'NONE', #3156 ) ;
#206 = CARTESIAN_POINT ( 'NONE',  ( -0.5000000000000001110, -0.2520006735878971837, -0.1250000000000000555 ) ) ;
#207 = EDGE_LOOP ( 'NONE', ( #683, #2212, #1746, #3611 ) ) ;
#208 = ORIENTED_EDGE ( 'NONE', *, *, #4604, .F. ) ;
#209 = CARTESIAN_POINT ( 'NONE',  ( 0.6610684442155797536, -0.1315432400449932371, -1.495887900717910890 ) ) ;
#210 = DIRECTION ( 'NONE',  ( 0.000000000000000000, 0.000000000000000000, 1.000000000000000000 ) ) ;
#211 =( BOUNDED_SURFACE ( )  B_SPLINE_SURFACE ( 3, 2, ( 
 ( #2587, #642, #2040 ),
 ( #4545, #6043, #517 ),
 ( #1505, #3443, #2966 ),
 ( #4943, #2494, #70 ) ),
 .UNSPECIFIED., .F., .F., .T. ) 
 B_SPLINE_SURFACE_WITH_KNOTS ( ( 4, 4 ),
 ( 3, 3 ),
 ( 0.000000000000000000, 0.002249330099329034053 ),
 ( 0.000000000000000000, 0.6556274001493577197 ),
 .UNSPECIFIED. ) 
 GEOMETRIC_REPRESENTATION_ITEM ( )  RATIONAL_B_SPLINE_SURFACE ( (
 ( 1.000000000000000000, 0.9246427122564543355, 0.9480980298041246090),
 ( 1.000000000000000000, 0.9323777682687059976, 0.9534255125019832633),
 ( 1.000000000000000000, 0.9403628482562936819, 0.9589251980126651809),
 ( 1.000000000000000000, 0.9484203801752714158, 0.9644747844433010364) ) ) 
 REPRESENTATION_ITEM ( '' )  SURFACE ( )  );
#212 = CARTESIAN_POINT ( 'NONE',  ( 0.3082233602167161468, -0.4499999999999997335, -1.641155855443755307 ) ) ;
#213 = ADVANCED_FACE ( 'NONE', ( #1728 ), #227, .F. ) ;
#214 = VERTEX_POINT ( 'NONE', #260 ) ;
#215 = CARTESIAN_POINT ( 'NONE',  ( -0.4762073702705120759, -0.5000000000000000000, -0.1699752509611387741 ) ) ;
#216 = LINE ( 'NONE', #3621, #4609 ) ;
#217 = FACE_OUTER_BOUND ( 'NONE', #3489, .T. ) ;
#218 = EDGE_CURVE ( 'NONE', #2058, #3614, #2805, .T. ) ;
#219 = EDGE_CURVE ( 'NONE', #2588, #6231, #4249, .T. ) ;
#220 = CARTESIAN_POINT ( 'NONE',  ( 0.000000000000000000, 0.000000000000000000, 0.000000000000000000 ) ) ;
#221 = CARTESIAN_POINT ( 'NONE',  ( 0.3808511049307268803, 0.1204525758473540958, -1.635975653608124913 ) ) ;
#222 = DIRECTION ( 'NONE',  ( 0.7071067811865459074, 0.7071067811865491270, -0.000000000000000000 ) ) ;
#223 = CARTESIAN_POINT ( 'NONE',  ( 0.1199999999999999956, -0.3124999999999999445, -1.641155855443755307 ) ) ;
#224 = DIRECTION ( 'NONE',  ( 0.000000000000000000, 0.000000000000000000, -1.000000000000000000 ) ) ;
#225 = EDGE_LOOP ( 'NONE', ( #5476, #21, #3023, #4853 ) ) ;
#226 = CARTESIAN_POINT ( 'NONE',  ( -0.1078322314664217352, 0.3657329504524966524, -0.2615206168447626878 ) ) ;
#227 = CYLINDRICAL_SURFACE ( 'NONE', #6006, 0.1199999999999999956 ) ;
#228 = DIRECTION ( 'NONE',  ( -1.000000000000000000, 0.000000000000000000, 5.463695987328528015E-15 ) ) ;
#229 = CARTESIAN_POINT ( 'NONE',  ( 0.3124999999999998890, 0.2499999999999998890, -1.453655855443755307 ) ) ;
#230 = CIRCLE ( 'NONE', #2999, 0.1199999999999999956 ) ;
#231 = ORIENTED_EDGE ( 'NONE', *, *, #5523, .T. ) ;
#232 = CARTESIAN_POINT ( 'NONE',  ( -0.4290520619355512877, 0.1085506451441902304, -0.4840897325199788881 ) ) ;
#233 = DIRECTION ( 'NONE',  ( 1.000000000000000000, 0.000000000000000000, 0.000000000000000000 ) ) ;
#234 = ORIENTED_EDGE ( 'NONE', *, *, #558, .T. ) ;
#235 = CARTESIAN_POINT ( 'NONE',  ( 0.5028362887287072258, 0.2259269237934924124, -0.1272332982115805255 ) ) ;
#236 = ORIENTED_EDGE ( 'NONE', *, *, #6036, .F. ) ;
#237 = ORIENTED_EDGE ( 'NONE', *, *, #1456, .T. ) ;
#238 = CARTESIAN_POINT ( 'NONE',  ( 0.1200000000000000233, -0.3021344321231364538, -1.255681349255749035 ) ) ;
#239 = B_SPLINE_CURVE_WITH_KNOTS ( 'NONE', 3,
 ( #2873, #2649, #3144, #4030, #4062, #189, #670, #221, #4610, #2192, #3086, #2616, #6007, #4574, #2586, #1718, #1594, #5525, #3663, #1176, #2096, #3591, #1626, #5657 ),
 .UNSPECIFIED., .F., .F.,
 ( 4, 2, 2, 2, 2, 2, 2, 2, 2, 2, 2, 4 ),
 ( 0.000000000000000000, 0.0008398450949029503867, 0.001259767642354428074, 0.001679690189805905761, 0.002519535284708855714, 0.003359380379611805450, 0.003779302927063284221, 0.004199225474514762559, 0.005039070569417721836, 0.005878915664320679378, 0.006298838211772158149, 0.006718760759223636053 ),
 .UNSPECIFIED. ) ;
#240 = CARTESIAN_POINT ( 'NONE',  ( 0.8082233602167162578, -0.4085786437626903189, -1.141155855443755307 ) ) ;
#241 = CARTESIAN_POINT ( 'NONE',  ( -0.5110137031959000042, 0.1774609107568649868, -0.1336722072408660644 ) ) ;
#242 = CARTESIAN_POINT ( 'NONE',  ( 0.1196728442458711295, 0.3034983202785304091, -1.481126468725040279 ) ) ;
#243 = ORIENTED_EDGE ( 'NONE', *, *, #1723, .F. ) ;
#244 = DIRECTION ( 'NONE',  ( -0.000000000000000000, -0.000000000000000000, 1.000000000000000000 ) ) ;
#245 = CARTESIAN_POINT ( 'NONE',  ( -0.5032504848770039674, -0.3216465972396931328, -0.1270137222979304814 ) ) ;
#246 = VERTEX_POINT ( 'NONE', #4685 ) ;
#247 =( BOUNDED_SURFACE ( )  B_SPLINE_SURFACE ( 3, 2, ( 
 ( #3644, #2209, #3227 ),
 ( #2695, #4727, #363 ),
 ( #4180, #299, #267 ),
 ( #1699, #2300, #5212 ) ),
 .UNSPECIFIED., .F., .F., .F. ) 
 B_SPLINE_SURFACE_WITH_KNOTS ( ( 4, 4 ),
 ( 3, 3 ),
 ( 0.000000000000000000, 0.001932519716716417282 ),
 ( 0.000000000000000000, 1.000000000000000000 ),
 .UNSPECIFIED. ) 
 GEOMETRIC_REPRESENTATION_ITEM ( )  RATIONAL_B_SPLINE_SURFACE ( (
 ( 1.000000000000000000, 0.8758300415810403861, 1.000000000000000000),
 ( 1.000000000000000000, 0.8788422869741179255, 1.000000000000000000),
 ( 1.000000000000000000, 0.8819302843720554508, 1.000000000000000000),
 ( 1.000000000000000000, 0.8850608017200333189, 1.000000000000000000) ) ) 
 REPRESENTATION_ITEM ( '' )  SURFACE ( )  );
#248 = DIRECTION ( 'NONE',  ( 0.000000000000000000, 0.000000000000000000, 1.000000000000000000 ) ) ;
#249 = EDGE_CURVE ( 'NONE', #5575, #2636, #4553, .T. ) ;
#250 = AXIS2_PLACEMENT_3D ( 'NONE', #5056, #745, #5605 ) ;
#251 = CIRCLE ( 'NONE', #5485, 0.7582233602167156583 ) ;
#252 = CARTESIAN_POINT ( 'NONE',  ( 0.5016053291289902516, -0.3100390486111986865, -0.1258156929987267469 ) ) ;
#253 = EDGE_CURVE ( 'NONE', #4493, #747, #5173, .T. ) ;
#254 = DIRECTION ( 'NONE',  ( -1.422837496700139188E-16, 0.000000000000000000, -1.000000000000000000 ) ) ;
#255 = AXIS2_PLACEMENT_3D ( 'NONE', #229, #5667, #4140 ) ;
#256 = ORIENTED_EDGE ( 'NONE', *, *, #4805, .T. ) ;
#257 = CARTESIAN_POINT ( 'NONE',  ( -0.3540739776788480175, 0.4837259163330118183, -0.1248391628715039003 ) ) ;
#258 = CARTESIAN_POINT ( 'NONE',  ( 0.4921650373251191257, 0.03626940253369323464, -0.6260898379057378005 ) ) ;
#259 = CARTESIAN_POINT ( 'NONE',  ( -0.4972807245917361119, -0.06021631684814652413, -0.07527484517488194915 ) ) ;
#260 = CARTESIAN_POINT ( 'NONE',  ( 0.3082233602167161468, 0.09798340257582993651, -1.641155855443755307 ) ) ;
#261 = EDGE_CURVE ( 'NONE', #5836, #184, #3108, .T. ) ;
#262 = DIRECTION ( 'NONE',  ( -1.000000000000000000, 3.486305596842085305E-32, 3.663353113774462073E-16 ) ) ;
#263 = CIRCLE ( 'NONE', #3726, 0.4707106781186553013 ) ;
#264 = CARTESIAN_POINT ( 'NONE',  ( 0.5502848193546799882, 0.2596493223841194742, -1.578655855443755085 ) ) ;
#265 = EDGE_LOOP ( 'NONE', ( #1771, #1350, #145, #2827 ) ) ;
#266 = CARTESIAN_POINT ( 'NONE',  ( -0.2799029789429078319, -0.07000140466677441664, -1.186342882568478752 ) ) ;
#267 = CARTESIAN_POINT ( 'NONE',  ( -0.4211455928641009705, -0.4361532843187381214, -0.1250000000000000278 ) ) ;
#268 = CARTESIAN_POINT ( 'NONE',  ( 0.000000000000000000, 0.000000000000000000, -0.1250000000000000000 ) ) ;
#269 = ORIENTED_EDGE ( 'NONE', *, *, #1873, .T. ) ;
#270 = VERTEX_POINT ( 'NONE', #4584 ) ;
#271 = ORIENTED_EDGE ( 'NONE', *, *, #4950, .F. ) ;
#272 = CARTESIAN_POINT ( 'NONE',  ( 0.1875000000000000278, 0.000000000000000000, 0.000000000000000000 ) ) ;
#273 = CARTESIAN_POINT ( 'NONE',  ( -0.4993153503435471818, 0.03026378394307199446, -0.07746080854266743088 ) ) ;
#274 = CARTESIAN_POINT ( 'NONE',  ( -0.3482165447527835744, 0.1165036404461540637, -1.639583581667547030 ) ) ;
#275 = VECTOR ( 'NONE', #590, 39.37007874015748143 ) ;
#276 = VERTEX_POINT ( 'NONE', #3602 ) ;
#277 = CYLINDRICAL_SURFACE ( 'NONE', #545, 0.1000000000000000194 ) ;
#278 = ORIENTED_EDGE ( 'NONE', *, *, #5723, .T. ) ;
#279 = CARTESIAN_POINT ( 'NONE',  ( 0.000000000000000000, 0.5000000000000000000, -0.7600000000000001199 ) ) ;
#280 = DIRECTION ( 'NONE',  ( 1.000000000000000000, -0.000000000000000000, -0.000000000000000000 ) ) ;
#281 = CARTESIAN_POINT ( 'NONE',  ( -0.3071113073003087779, -0.09761379202653104603, -0.3527159709025739498 ) ) ;
#282 = EDGE_CURVE ( 'NONE', #2636, #5575, #359, .T. ) ;
#283 = CARTESIAN_POINT ( 'NONE',  ( -0.4700671852836415532, -0.3594474359591905421, -0.1247499324974560148 ) ) ;
#284 = VECTOR ( 'NONE', #4101, 39.37007874015748854 ) ;
#285 = CARTESIAN_POINT ( 'NONE',  ( 0.5235532691012073636, -0.3148944863008406037, -0.1442570228538233024 ) ) ;
#286 = CARTESIAN_POINT ( 'NONE',  ( -0.06250000000000020817, -0.2100609937572606722, -1.408880016195982021 ) ) ;
#287 = VECTOR ( 'NONE', #3652, 39.37007874015748143 ) ;
#288 = VECTOR ( 'NONE', #837, 39.37007874015748143 ) ;
#289 = EDGE_CURVE ( 'NONE', #1963, #6324, #6277, .T. ) ;
#290 = ORIENTED_EDGE ( 'NONE', *, *, #3531, .F. ) ;
#291 = CARTESIAN_POINT ( 'NONE',  ( 0.4682200722196740439, -0.1754136937944217045, -0.04643260993721710223 ) ) ;
#292 = CARTESIAN_POINT ( 'NONE',  ( 0.000000000000000000, 0.3125000000000000555, 0.000000000000000000 ) ) ;
#293 = AXIS2_PLACEMENT_3D ( 'NONE', #1872, #3826, #2358 ) ;
#294 = CARTESIAN_POINT ( 'NONE',  ( -0.5199265109473560909, 0.3022088300667186145, -0.1412097098256076821 ) ) ;
#295 = CARTESIAN_POINT ( 'NONE',  ( 0.3775000000000000022, 6.829619984160658046E-17, -0.1250000000000000000 ) ) ;
#296 = EDGE_CURVE ( 'NONE', #177, #3878, #1385, .T. ) ;
#297 = VERTEX_POINT ( 'NONE', #5884 ) ;
#298 = FACE_BOUND ( 'NONE', #3808, .T. ) ;
#299 = CARTESIAN_POINT ( 'NONE',  ( -0.4493627883659123690, -0.4815618668916200606, -0.1249999999999944905 ) ) ;
#300 = DIRECTION ( 'NONE',  ( 0.000000000000000000, -1.000000000000000000, 0.000000000000000000 ) ) ;
#301 = ORIENTED_EDGE ( 'NONE', *, *, #4201, .F. ) ;
#302 = ORIENTED_EDGE ( 'NONE', *, *, #3758, .T. ) ;
#303 = VERTEX_POINT ( 'NONE', #2426 ) ;
#304 = DIRECTION ( 'NONE',  ( 0.000000000000000000, 0.000000000000000000, -1.000000000000000000 ) ) ;
#305 = CARTESIAN_POINT ( 'NONE',  ( -0.07189502216928558842, -0.4085786437626901524, -1.641155855443755307 ) ) ;
#306 = CARTESIAN_POINT ( 'NONE',  ( 0.1066731219699106753, 0.2569398177185307497, -1.393655855443755698 ) ) ;
#307 = ORIENTED_EDGE ( 'NONE', *, *, #2152, .T. ) ;
#308 = TOROIDAL_SURFACE ( 'NONE', #413, 0.5999999999999999778, 0.09999999999999997780 ) ;
#309 = DIRECTION ( 'NONE',  ( -1.776356839400250465E-15, 0.000000000000000000, 1.000000000000000000 ) ) ;
#310 = AXIS2_PLACEMENT_3D ( 'NONE', #5409, #601, #5344 ) ;
#311 = ORIENTED_EDGE ( 'NONE', *, *, #400, .T. ) ;
#312 = CIRCLE ( 'NONE', #3465, 0.8082233602167163689 ) ;
#313 = CARTESIAN_POINT ( 'NONE',  ( -0.4640639265841040029, 0.3803218006416977381, -0.2249999999999999500 ) ) ;
#314 = CARTESIAN_POINT ( 'NONE',  ( -0.06250000000000020817, -0.4149390062427392167, -1.641155855443755307 ) ) ;
#315 = DIRECTION ( 'NONE',  ( 0.000000000000000000, 0.000000000000000000, 1.000000000000000000 ) ) ;
#316 = CARTESIAN_POINT ( 'NONE',  ( 0.09531983342749519861, -0.3858227617803199894, -0.2589669451582419790 ) ) ;
#317 = CARTESIAN_POINT ( 'NONE',  ( 0.5027839020690821892, -0.3686319344452367863, -0.1262078651401201679 ) ) ;
#318 = B_SPLINE_CURVE_WITH_KNOTS ( 'NONE', 3,
 ( #4195, #346, #3242, #831, #1243, #2191, #860, #6174, #3787, #3176, #5685, #4740, #4640, #1777, #1374, #1717, #3210, #1808, #3307, #4161, #2744, #2802, #2682, #281, #4773, #2227, #379, #5288, #2257, #1836, #3761, #2284, #6138, #5163, #5749, #762 ),
 .UNSPECIFIED., .F., .F.,
 ( 4, 2, 2, 2, 2, 2, 2, 2, 2, 2, 2, 2, 2, 2, 2, 2, 2, 4 ),
 ( 0.01322331381877143129, 0.01363912749068851155, 0.01405494116260559180, 0.01488656850643975058, 0.01571819585027391109, 0.01654982319410807159, 0.01821307788177639261, 0.01987633256944471710, 0.02070795991327887414, 0.02153958725711303118, 0.02237121460094719169, 0.02320284194478135220, 0.02403446928861550924, 0.02445028296053258776, 0.02486609663244966628, 0.02528191030436675174, 0.02569772397628383026, 0.02652935132011798730 ),
 .UNSPECIFIED. ) ;
#319 = CARTESIAN_POINT ( 'NONE',  ( 0.1131295627603367548, -0.3528484680329018741, -1.257298302815876401 ) ) ;
#320 = EDGE_CURVE ( 'NONE', #2915, #4659, #2902, .T. ) ;
#321 = CARTESIAN_POINT ( 'NONE',  ( -0.4946888994777819404, 0.2463480224625379245, -0.1219337194430427790 ) ) ;
#322 = CARTESIAN_POINT ( 'NONE',  ( 0.4493627883659684907, -0.4815618668917387435, -0.1250000000000165978 ) ) ;
#323 = VERTEX_POINT ( 'NONE', #4845 ) ;
#324 = CYLINDRICAL_SURFACE ( 'NONE', #6349, 0.06249999999999995143 ) ;
#325 = CARTESIAN_POINT ( 'NONE',  ( 0.7582233602167159914, 0.5000000000000000000, -1.141155855443755307 ) ) ;
#326 = CARTESIAN_POINT ( 'NONE',  ( 0.000000000000000000, 0.3125000000000000555, -0.1250000000000000000 ) ) ;
#327 = EDGE_CURVE ( 'NONE', #3268, #3417, #4450, .T. ) ;
#328 = CARTESIAN_POINT ( 'NONE',  ( -0.07001289347647102201, -0.2149321626139474584, -1.502456689744962492 ) ) ;
#329 = ORIENTED_EDGE ( 'NONE', *, *, #5384, .F. ) ;
#330 = FACE_OUTER_BOUND ( 'NONE', #2675, .T. ) ;
#331 = DIRECTION ( 'NONE',  ( 1.000000000000000000, 0.000000000000000000, 0.000000000000000000 ) ) ;
#332 = CARTESIAN_POINT ( 'NONE',  ( 0.1138288467268330217, -0.2737083220302460318, -0.2628556084326747477 ) ) ;
#333 = ORIENTED_EDGE ( 'NONE', *, *, #4514, .F. ) ;
#334 = ORIENTED_EDGE ( 'NONE', *, *, #1539, .T. ) ;
#335 = ORIENTED_EDGE ( 'NONE', *, *, #129, .F. ) ;
#336 = CARTESIAN_POINT ( 'NONE',  ( -0.7544113108891862263, 0.1498184534894003994, -1.372175383980938079 ) ) ;
#337 = CARTESIAN_POINT ( 'NONE',  ( -0.4762073702705107991, 0.5000000000000000000, -0.1699752509611382190 ) ) ;
#338 = EDGE_CURVE ( 'NONE', #857, #2669, #5316, .T. ) ;
#339 = EDGE_CURVE ( 'NONE', #5690, #2796, #3352, .T. ) ;
#340 = CARTESIAN_POINT ( 'NONE',  ( 0.1024390062427425058, -0.2499999999999945044, -1.513655855443763132 ) ) ;
#341 = VERTEX_POINT ( 'NONE', #5762 ) ;
#342 = VERTEX_POINT ( 'NONE', #842 ) ;
#343 = CARTESIAN_POINT ( 'NONE',  ( 0.4747619168582061788, 0.3383393419071596964, -0.1236264255859122613 ) ) ;
#344 = ADVANCED_FACE ( 'NONE', ( #1354 ), #4816, .F. ) ;
#345 = CARTESIAN_POINT ( 'NONE',  ( -0.06250000000000020817, -0.2100609937572606722, -1.408880016195982021 ) ) ;
#346 = CARTESIAN_POINT ( 'NONE',  ( -0.4974999999999992761, -0.005496964171801263337, -0.6477781215626803313 ) ) ;
#347 = CARTESIAN_POINT ( 'NONE',  ( 0.4427484659287583835, -0.4225456165064891967, -0.1250000000000000000 ) ) ;
#348 = CARTESIAN_POINT ( 'NONE',  ( 0.000000000000000000, -0.3124999999999999445, -1.641155855443755307 ) ) ;
#349 = DIRECTION ( 'NONE',  ( -1.000000000000000000, 0.000000000000000000, 0.000000000000000000 ) ) ;
#350 = CARTESIAN_POINT ( 'NONE',  ( 0.06249999999999980571, 0.2100609937572605612, -1.641155855443755307 ) ) ;
#351 = FACE_OUTER_BOUND ( 'NONE', #2643, .T. ) ;
#352 = CARTESIAN_POINT ( 'NONE',  ( 0.4427081429264292933, -0.4225720382091952554, -0.1250000000000000278 ) ) ;
#353 = ORIENTED_EDGE ( 'NONE', *, *, #1837, .T. ) ;
#354 = CARTESIAN_POINT ( 'NONE',  ( -0.3775000000000000022, 6.829619984160658046E-17, -0.1250000000000000000 ) ) ;
#355 = DIRECTION ( 'NONE',  ( 0.000000000000000000, 1.000000000000000000, 0.000000000000000000 ) ) ;
#356 = CC_DESIGN_PERSON_AND_ORGANIZATION_ASSIGNMENT ( #985, #4311, ( #2619 ) ) ;
#357 = CARTESIAN_POINT ( 'NONE',  ( -0.3535533905932743415, -0.3535533905932732868, 0.3826834323650908365 ) ) ;
#358 =( GEOMETRIC_REPRESENTATION_CONTEXT ( 3 ) GLOBAL_UNCERTAINTY_ASSIGNED_CONTEXT ( ( #159 ) ) GLOBAL_UNIT_ASSIGNED_CONTEXT ( ( #5656, #761, #5941 ) ) REPRESENTATION_CONTEXT ( 'NONE', 'WORKASPACE' ) );
#359 = CIRCLE ( 'NONE', #4865, 0.06249999999999995837 ) ;
#360 = CARTESIAN_POINT ( 'NONE',  ( 0.7512041801893883930, 0.3456568324294738148, -1.373068632839063996 ) ) ;
#361 = ORIENTED_EDGE ( 'NONE', *, *, #3052, .F. ) ;
#362 = CARTESIAN_POINT ( 'NONE',  ( -0.4898565042429987026, -0.04265699893747138677, -0.9022063813793161913 ) ) ;
#363 = CARTESIAN_POINT ( 'NONE',  ( -0.4427081429263803880, -0.4225720382091388561, -0.1250000000000000278 ) ) ;
#364 = CARTESIAN_POINT ( 'NONE',  ( 0.09539826007295704180, -0.2392843193836783344, -0.2589821491764647265 ) ) ;
#365 = EDGE_CURVE ( 'NONE', #1430, #93, #3293, .T. ) ;
#366 = VERTEX_POINT ( 'NONE', #2296 ) ;
#367 = CIRCLE ( 'NONE', #776, 0.05999999999999990757 ) ;
#368 = SECURITY_CLASSIFICATION ( '', '', #4414 ) ;
#369 = ORIENTED_EDGE ( 'NONE', *, *, #2052, .F. ) ;
#370 = VERTEX_POINT ( 'NONE', #2781 ) ;
#371 = LINE ( 'NONE', #2733, #619 ) ;
#372 = CARTESIAN_POINT ( 'NONE',  ( -0.5295890070392618165, 0.3669585729229195015, -0.1494588600076326990 ) ) ;
#373 = VERTEX_POINT ( 'NONE', #4750 ) ;
#374 = EDGE_CURVE ( 'NONE', #2686, #949, #5184, .T. ) ;
#375 = ORIENTED_EDGE ( 'NONE', *, *, #2645, .T. ) ;
#376 = CARTESIAN_POINT ( 'NONE',  ( 0.3082233602167161468, 0.5000000000000000000, -1.591155855443755041 ) ) ;
#377 = CARTESIAN_POINT ( 'NONE',  ( -0.4944414788605199784, -0.02747288719126189660, -1.605187541497391068 ) ) ;
#378 = DIRECTION ( 'NONE',  ( 1.000000000000000000, 0.000000000000000000, -3.100300561798464228E-16 ) ) ;
#379 = CARTESIAN_POINT ( 'NONE',  ( -0.2859995674928334508, -0.07780170914045621278, -0.3377226587750167819 ) ) ;
#380 = EDGE_CURVE ( 'NONE', #4192, #5641, #1946, .T. ) ;
#381 = CARTESIAN_POINT ( 'NONE',  ( -0.5457102019574745499, 0.1763878406783228325, -1.581155855443755476 ) ) ;
#382 = CARTESIAN_POINT ( 'NONE',  ( -0.5000000000000001110, -0.2104964325533062175, -0.1250000000000000278 ) ) ;
#383 = CARTESIAN_POINT ( 'NONE',  ( 0.06011167611184144166, 0.2083442162216127824, -0.2535120015135552407 ) ) ;
#384 = DIRECTION ( 'NONE',  ( -3.100300561798464228E-16, 0.000000000000000000, -1.000000000000000000 ) ) ;
#385 = AXIS2_PLACEMENT_3D ( 'NONE', #3115, #1209, #3565 ) ;
#386 = ORIENTED_EDGE ( 'NONE', *, *, #986, .T. ) ;
#387 = DIRECTION ( 'NONE',  ( 6.829619984160655877E-15, -2.828921223293641404E-15, -1.000000000000000000 ) ) ;
#388 = DIRECTION ( 'NONE',  ( 1.000000000000000000, 0.000000000000000000, 0.000000000000000000 ) ) ;
#389 = DIRECTION ( 'NONE',  ( 0.000000000000000000, -1.000000000000000000, 0.000000000000000000 ) ) ;
#390 = VECTOR ( 'NONE', #128, 39.37007874015748143 ) ;
#391 = AXIS2_PLACEMENT_3D ( 'NONE', #3856, #5379, #5874 ) ;
#392 = APPLICATION_CONTEXT ( 'configuration controlled 3d designs of mechanical parts and assemblies' ) ;
#393 = LINE ( 'NONE', #3833, #4453 ) ;
#394 = ORIENTED_EDGE ( 'NONE', *, *, #2202, .F. ) ;
#395 = CARTESIAN_POINT ( 'NONE',  ( -0.4110276516352181497, -0.1154141741195517518, -1.062109692762141178 ) ) ;
#396 = DIRECTION ( 'NONE',  ( -0.7071067811865467956, 0.7071067811865482389, -0.000000000000000000 ) ) ;
#397 = AXIS2_PLACEMENT_3D ( 'NONE', #4891, #5192, #5655 ) ;
#398 = CARTESIAN_POINT ( 'NONE',  ( 0.1186780724564329703, 0.2919841414583533301, -1.256006723192456542 ) ) ;
#399 = DIRECTION ( 'NONE',  ( 0.000000000000000000, 0.000000000000000000, 1.000000000000000000 ) ) ;
#400 = EDGE_CURVE ( 'NONE', #3173, #4064, #4869, .T. ) ;
#401 = CARTESIAN_POINT ( 'NONE',  ( -0.4542579333252519946, 0.2097741746869201396, -0.03508455216554840633 ) ) ;
#402 = ORIENTED_EDGE ( 'NONE', *, *, #641, .T. ) ;
#403 = VERTEX_POINT ( 'NONE', #2875 ) ;
#404 = CARTESIAN_POINT ( 'NONE',  ( 0.4712023226244813623, -0.07520008497533996195, -0.9553582955073033345 ) ) ;
#405 = ADVANCED_FACE ( 'NONE', ( #5264 ), #3383, .T. ) ;
#406 = DIRECTION ( 'NONE',  ( 0.000000000000000000, 0.000000000000000000, -1.000000000000000000 ) ) ;
#407 = CARTESIAN_POINT ( 'NONE',  ( -0.3590156445683693742, -0.1186956673856172789, -1.638598834526909798 ) ) ;
#408 = DIRECTION ( 'NONE',  ( 0.000000000000000000, 0.000000000000000000, 1.000000000000000000 ) ) ;
#409 = CIRCLE ( 'NONE', #4090, 0.09999999999999995004 ) ;
#410 = APPROVAL_DATE_TIME ( #4864, #946 ) ;
#411 = TOROIDAL_SURFACE ( 'NONE', #3994, 0.7082233602167162800, 0.09999999999999997780 ) ;
#412 = CARTESIAN_POINT ( 'NONE',  ( -0.6565112028162558566, 0.1330800025639138628, -1.506144479463631614 ) ) ;
#413 = AXIS2_PLACEMENT_3D ( 'NONE', #977, #1011, #531 ) ;
#414 = CARTESIAN_POINT ( 'NONE',  ( 0.4777984767417230993, -0.3169356545511294310, -0.1213857510507521109 ) ) ;
#415 = ADVANCED_FACE ( 'NONE', ( #5297 ), #572, .T. ) ;
#416 = EDGE_CURVE ( 'NONE', #5310, #2402, #2622, .T. ) ;
#417 = CARTESIAN_POINT ( 'NONE',  ( 0.000000000000000000, -0.4085786437626903189, -0.7600000000000001199 ) ) ;
#418 = DIRECTION ( 'NONE',  ( -0.7071067811865474617, -0.7071067811865474617, 0.000000000000000000 ) ) ;
#419 = B_SPLINE_CURVE_WITH_KNOTS ( 'NONE', 3,
 ( #1451, #1057, #4883, #5497, #4982, #1091, #2566, #3452, #4523, #4041 ),
 .UNSPECIFIED., .F., .F.,
 ( 4, 2, 2, 2, 4 ),
 ( 0.000000000000000000, 0.0007791776206337198019, 0.001558355241267439604, 0.002337532861901159623, 0.003116710482534879208 ),
 .UNSPECIFIED. ) ;
#420 = DIRECTION ( 'NONE',  ( 1.000000000000000000, 0.000000000000000000, 0.000000000000000000 ) ) ;
#421 = CARTESIAN_POINT ( 'NONE',  ( 0.4416152470997383728, -0.5199190173187604458, -0.1683334754517382403 ) ) ;
#422 = VERTEX_POINT ( 'NONE', #1536 ) ;
#423 = CARTESIAN_POINT ( 'NONE',  ( -0.2651322050008763642, 0.04244538345388769451, -1.195672977953730509 ) ) ;
#424 = CARTESIAN_POINT ( 'NONE',  ( -0.5122492237942234405, -0.2720579339334839308, -0.1348256416849266670 ) ) ;
#425 = DIRECTION ( 'NONE',  ( 1.000000000000000000, 0.000000000000000000, 0.000000000000000000 ) ) ;
#426 = CARTESIAN_POINT ( 'NONE',  ( 0.7712725304250872549, 0.2694922314946642250, -1.329812181921621539 ) ) ;
#427 = EDGE_LOOP ( 'NONE', ( #980, #5216, #4923, #5253 ) ) ;
#428 = CARTESIAN_POINT ( 'NONE',  ( 0.4682200722196740994, 0.1754136937944216768, -0.04643260993721706753 ) ) ;
#429 = CARTESIAN_POINT ( 'NONE',  ( -0.1199999999999999956, -0.3124999999999999445, -0.1250000000000000000 ) ) ;
#430 = CARTESIAN_POINT ( 'NONE',  ( -0.1024390062427392722, 0.2499999999999998890, -1.393655855443755476 ) ) ;
#431 = LINE ( 'NONE', #1004, #4673 ) ;
#432 = CARTESIAN_POINT ( 'NONE',  ( -0.4882553789458253246, -0.2789792777487623554, -0.1204537496168199134 ) ) ;
#433 = VERTEX_POINT ( 'NONE', #1084 ) ;
#434 = DIRECTION ( 'NONE',  ( -1.000000000000000000, 0.000000000000000000, 0.000000000000000000 ) ) ;
#435 = VERTEX_POINT ( 'NONE', #3415 ) ;
#436 = CARTESIAN_POINT ( 'NONE',  ( -0.4318449217206863366, -0.2523082709435576776, -0.1079911554124207002 ) ) ;
#437 = FACE_BOUND ( 'NONE', #2084, .T. ) ;
#438 = CARTESIAN_POINT ( 'NONE',  ( 0.4449144676702398993, -0.09946188317333735929, -1.009514739760788427 ) ) ;
#439 = CARTESIAN_POINT ( 'NONE',  ( 0.3307283210671009832, -0.5000000000000000000, -0.1242047542652713471 ) ) ;
#440 = CARTESIAN_POINT ( 'NONE',  ( 0.4503606601897507389, -0.09613260304038669102, -0.5197851102567140336 ) ) ;
#441 = CARTESIAN_POINT ( 'NONE',  ( -0.3993197982237520760, -0.4492083392001049447, -0.1250000000000000000 ) ) ;
#442 = ORIENTED_EDGE ( 'NONE', *, *, #4388, .T. ) ;
#443 = EDGE_CURVE ( 'NONE', #716, #805, #126, .T. ) ;
#444 = CARTESIAN_POINT ( 'NONE',  ( 0.4777984767417230993, -0.3169356545511294310, -0.1213857510507521109 ) ) ;
#445 = CARTESIAN_POINT ( 'NONE',  ( 0.4831675899355214465, -0.2994933406537479970, -0.1204668213732293935 ) ) ;
#446 = CARTESIAN_POINT ( 'NONE',  ( 0.000000000000000000, -0.3124999999999999445, -1.641155855443755307 ) ) ;
#447 = LINE ( 'NONE', #4871, #802 ) ;
#448 = PLANE ( 'NONE',  #4895 ) ;
#449 = ORIENTED_EDGE ( 'NONE', *, *, #1741, .F. ) ;
#450 = FACE_OUTER_BOUND ( 'NONE', #819, .T. ) ;
#451 = ADVANCED_FACE ( 'NONE', ( #2097 ), #4908, .F. ) ;
#452 = DIRECTION ( 'NONE',  ( 0.000000000000000000, 0.000000000000000000, -1.000000000000000000 ) ) ;
#453 = CARTESIAN_POINT ( 'NONE',  ( 0.000000000000000000, 0.000000000000000000, -0.02500000000000002220 ) ) ;
#454 = DIRECTION ( 'NONE',  ( 9.106159978880878627E-17, 0.000000000000000000, 1.000000000000000000 ) ) ;
#455 = VERTEX_POINT ( 'NONE', #5978 ) ;
#456 = CARTESIAN_POINT ( 'NONE',  ( 0.06018375635154155773, 0.4166159706071788649, -0.2535203473145108410 ) ) ;
#457 = CARTESIAN_POINT ( 'NONE',  ( 0.1077951263332768000, -0.2591894816601560403, -0.2615125245777986662 ) ) ;
#458 = ADVANCED_FACE ( 'NONE', ( #1025 ), #1050, .T. ) ;
#459 = CARTESIAN_POINT ( 'NONE',  ( -0.4640639265841041139, 0.4085786437626895973, -0.1250000000000000278 ) ) ;
#460 = VECTOR ( 'NONE', #4480, 39.37007874015748143 ) ;
#461 = ORIENTED_EDGE ( 'NONE', *, *, #2949, .F. ) ;
#462 = CARTESIAN_POINT ( 'NONE',  ( 0.4640639265841039474, 0.4085786437626901524, -0.2249999999999999778 ) ) ;
#463 = CARTESIAN_POINT ( 'NONE',  ( 0.5199265109473562019, -0.3022088300667187255, -0.1412097098256078487 ) ) ;
#464 = CARTESIAN_POINT ( 'NONE',  ( 0.5332153359170342943, 0.03607242834918725910, -0.1526202650089132640 ) ) ;
#465 = CARTESIAN_POINT ( 'NONE',  ( -0.5000000000000001110, -0.2104964325533064118, -0.1250000000000000555 ) ) ;
#466 = ORIENTED_EDGE ( 'NONE', *, *, #2430, .F. ) ;
#467 = CARTESIAN_POINT ( 'NONE',  ( -0.4777984767417230993, 0.3169356545511292644, -0.1213857510507520554 ) ) ;
#468 = CARTESIAN_POINT ( 'NONE',  ( 0.3270189340712463810, -0.1763878406783225827, -1.326155855443755582 ) ) ;
#469 = VERTEX_POINT ( 'NONE', #1562 ) ;
#470 = AXIS2_PLACEMENT_3D ( 'NONE', #36, #1118, #2560 ) ;
#471 = CARTESIAN_POINT ( 'NONE',  ( -0.3125000000000002776, 0.3972243186433543904, -1.453655855443755529 ) ) ;
#472 = CARTESIAN_POINT ( 'NONE',  ( 0.09101050264434493164, 0.2337170069388317950, -1.395460923068640335 ) ) ;
#473 = CARTESIAN_POINT ( 'NONE',  ( 0.3769867190653534150, -0.1202117416594423865, -0.4163449289539958298 ) ) ;
#474 = CARTESIAN_POINT ( 'NONE',  ( -0.4378581013617193762, -0.1038550150580181963, -1.624083485719433950 ) ) ;
#475 = VERTEX_POINT ( 'NONE', #3971 ) ;
#476 = APPLICATION_PROTOCOL_DEFINITION ( 'international standard', 'config_control_design', 1994, #1046 ) ;
#477 = DIRECTION ( 'NONE',  ( -0.000000000000000000, -1.000000000000000000, -0.000000000000000000 ) ) ;
#478 = CARTESIAN_POINT ( 'NONE',  ( 0.4936124270729900787, 0.08147702773417650479, -0.1183958742293034910 ) ) ;
#479 = B_SPLINE_CURVE_WITH_KNOTS ( 'NONE', 3,
 ( #1661, #4721, #5109, #2236 ),
 .UNSPECIFIED., .F., .F.,
 ( 4, 4 ),
 ( 0.000000000000000000, 0.002167978304660154402 ),
 .UNSPECIFIED. ) ;
#480 = CARTESIAN_POINT ( 'NONE',  ( -0.1040910828379353337, 0.2522793993701654136, -0.2607156962876681638 ) ) ;
#481 = EDGE_CURVE ( 'NONE', #5215, #4019, #581, .T. ) ;
#482 = VERTEX_POINT ( 'NONE', #4422 ) ;
#483 = CARTESIAN_POINT ( 'NONE',  ( -0.4921754665581716259, 0.03623549203159066173, -0.8938712328339734059 ) ) ;
#484 = CARTESIAN_POINT ( 'NONE',  ( -0.06250000000000020817, -0.4149390062427392167, -1.640953379406639323 ) ) ;
#485 = VERTEX_POINT ( 'NONE', #5457 ) ;
#486 = DIRECTION ( 'NONE',  ( 0.000000000000000000, 0.000000000000000000, -1.000000000000000000 ) ) ;
#487 = EDGE_CURVE ( 'NONE', #5224, #1141, #4455, .T. ) ;
#488 = CARTESIAN_POINT ( 'NONE',  ( -0.4297007272410588441, 0.5000000000000000000, -0.1443947498903837834 ) ) ;
#489 = ORIENTED_EDGE ( 'NONE', *, *, #3319, .T. ) ;
#490 = CARTESIAN_POINT ( 'NONE',  ( 0.5000000000000001110, 0.3121068144790535848, -0.1250000000000000278 ) ) ;
#491 = CARTESIAN_POINT ( 'NONE',  ( 0.000000000000000000, 0.3125000000000000555, 0.000000000000000000 ) ) ;
#492 = ORIENTED_EDGE ( 'NONE', *, *, #4930, .F. ) ;
#493 = CARTESIAN_POINT ( 'NONE',  ( -0.3125000000000002776, -0.3236121593216769732, -1.581155855443755698 ) ) ;
#494 = AXIS2_PLACEMENT_3D ( 'NONE', #1351, #5262, #3219 ) ;
#495 = CARTESIAN_POINT ( 'NONE',  ( 0.2651429243621428178, 0.04247217606297719328, -1.195666425987595760 ) ) ;
#496 = CARTESIAN_POINT ( 'NONE',  ( -0.4394448086741521431, -0.1027756813566453598, -1.453655855443755307 ) ) ;
#497 = ADVANCED_FACE ( 'NONE', ( #158 ), #5427, .F. ) ;
#498 = AXIS2_PLACEMENT_3D ( 'NONE', #3181, #3734, #6143 ) ;
#499 = CARTESIAN_POINT ( 'NONE',  ( -0.4369008756050770104, 0.2433308249217185082, -0.02781321658021381274 ) ) ;
#500 = CARTESIAN_POINT ( 'NONE',  ( -0.09719718559686107984, 0.2414085296341368925, -1.513655855443755582 ) ) ;
#501 = ORIENTED_EDGE ( 'NONE', *, *, #730, .T. ) ;
#502 = CARTESIAN_POINT ( 'NONE',  ( -0.5016053291289899185, 0.3100390486111986310, -0.1258156929987267192 ) ) ;
#503 = ORIENTED_EDGE ( 'NONE', *, *, #6241, .F. ) ;
#504 = CARTESIAN_POINT ( 'NONE',  ( 0.06249999999999986816, -0.2100609937572604224, -1.266155855443755529 ) ) ;
#505 = CARTESIAN_POINT ( 'NONE',  ( 0.3270189340712463810, -0.3236121593216773062, -1.326155855443755582 ) ) ;
#506 = AXIS2_PLACEMENT_3D ( 'NONE', #3053, #5034, #4933 ) ;
#507 = CARTESIAN_POINT ( 'NONE',  ( 0.3465546265635773282, -0.1162399544094292608, -0.3856860251037987353 ) ) ;
#508 = CARTESIAN_POINT ( 'NONE',  ( -0.3082233602167164799, -0.5000000000000000000, -1.591155855443754819 ) ) ;
#509 = CARTESIAN_POINT ( 'NONE',  ( -0.4640639265841040029, 0.4085786437626895418, -0.2249999999999999500 ) ) ;
#510 = VERTEX_POINT ( 'NONE', #3501 ) ;
#511 = DATE_AND_TIME ( #1404, #2291 ) ;
#512 = CARTESIAN_POINT ( 'NONE',  ( -0.6985357351166163742, 0.3972243186433544460, -1.453655855443755307 ) ) ;
#513 = DIRECTION ( 'NONE',  ( 1.000000000000000000, -0.000000000000000000, -9.106159978880878627E-17 ) ) ;
#514 = CIRCLE ( 'NONE', #4294, 0.09999999999999996392 ) ;
#515 = ORIENTED_EDGE ( 'NONE', *, *, #481, .F. ) ;
#516 = CARTESIAN_POINT ( 'NONE',  ( -0.4974999999999991096, 0.005496964171801397778, -0.8722218784373199085 ) ) ;
#517 = CARTESIAN_POINT ( 'NONE',  ( 0.4040272625349929370, -0.5158809336128113987, -0.1447270263948489122 ) ) ;
#518 = VERTEX_POINT ( 'NONE', #1977 ) ;
#519 = EDGE_CURVE ( 'NONE', #85, #5094, #5707, .T. ) ;
#520 = LINE ( 'NONE', #72, #1105 ) ;
#521 = CARTESIAN_POINT ( 'NONE',  ( 0.6004742954151194301, -0.3335052349469883048, -1.546937790266554646 ) ) ;
#522 = VERTEX_POINT ( 'NONE', #994 ) ;
#523 = CARTESIAN_POINT ( 'NONE',  ( 0.4131690541584244758, -0.1150880513661338006, -1.630137412770436001 ) ) ;
#524 = DIRECTION ( 'NONE',  ( 9.106159978880878627E-17, 0.000000000000000000, 1.000000000000000000 ) ) ;
#525 = FACE_OUTER_BOUND ( 'NONE', #827, .T. ) ;
#526 = EDGE_CURVE ( 'NONE', #4081, #4037, #2935, .T. ) ;
#527 = CARTESIAN_POINT ( 'NONE',  ( 0.3465546265635771062, 0.1162399544094293441, -1.134313974896201227 ) ) ;
#528 = LINE ( 'NONE', #3395, #3838 ) ;
#529 = DIRECTION ( 'NONE',  ( -1.000000000000000000, 0.000000000000000000, -5.463695987328525648E-15 ) ) ;
#530 = ORIENTED_EDGE ( 'NONE', *, *, #1478, .T. ) ;
#531 = DIRECTION ( 'NONE',  ( -1.000000000000000000, 0.000000000000000000, 0.000000000000000000 ) ) ;
#532 = CARTESIAN_POINT ( 'NONE',  ( 0.3768424737129612012, -0.4666649928256388358, -0.1249999999999999861 ) ) ;
#533 = EDGE_LOOP ( 'NONE', ( #5796, #5348, #75, #1263, #4487, #4404 ) ) ;
#534 = VERTEX_POINT ( 'NONE', #6008 ) ;
#535 = ADVANCED_FACE ( 'NONE', ( #5919 ), #4063, .F. ) ;
#536 = LINE ( 'NONE', #471, #3646 ) ;
#537 = ADVANCED_FACE ( 'NONE', ( #5043 ), #211, .T. ) ;
#538 = CARTESIAN_POINT ( 'NONE',  ( -0.3125000000000002776, -0.3236121593216774173, -1.326155855443755582 ) ) ;
#539 = LINE ( 'NONE', #2482, #4585 ) ;
#540 = VERTEX_POINT ( 'NONE', #2009 ) ;
#541 = CARTESIAN_POINT ( 'NONE',  ( 0.3464570171564978485, 0.1162177499388305085, -0.3855940084584469907 ) ) ;
#542 = ADVANCED_FACE ( 'NONE', ( #5949, #3698 ), #3664, .F. ) ;
#543 = CARTESIAN_POINT ( 'NONE',  ( 0.000000000000000000, -0.5000000000000000000, -0.7600000000000001199 ) ) ;
#544 = CARTESIAN_POINT ( 'NONE',  ( 0.5194374838768771596, 0.1434140518860025915, -0.1407530322398493905 ) ) ;
#545 = AXIS2_PLACEMENT_3D ( 'NONE', #1337, #5868, #3297 ) ;
#546 = CARTESIAN_POINT ( 'NONE',  ( 0.07730028577388060873, 0.2205982745822239466, -1.506065772341682596 ) ) ;
#547 = CARTESIAN_POINT ( 'NONE',  ( 0.7082233602167161690, 0.4085786437626901524, -1.641155855443755307 ) ) ;
#548 = ORIENTED_EDGE ( 'NONE', *, *, #4846, .T. ) ;
#549 = CARTESIAN_POINT ( 'NONE',  ( -0.5000000000000001110, 0.3316624790355399144, -0.1250000000000000278 ) ) ;
#550 = LINE ( 'NONE', #1982, #769 ) ;
#551 = EDGE_LOOP ( 'NONE', ( #4934, #5603 ) ) ;
#552 = CARTESIAN_POINT ( 'NONE',  ( 0.1161500840693589637, 0.3436546323485683008, -0.2633999191949421004 ) ) ;
#553 = CARTESIAN_POINT ( 'NONE',  ( 0.7414012085512620143, 0.1414873590315456064, -1.391028235099934118 ) ) ;
#554 = CARTESIAN_POINT ( 'NONE',  ( 0.3307958893367704545, 0.1108515637480260857, -1.148310623847854428 ) ) ;
#555 = CARTESIAN_POINT ( 'NONE',  ( 0.5000000000000000000, 0.2104964325533063285, -0.1250000000000000000 ) ) ;
#556 = CIRCLE ( 'NONE', #250, 0.09999999999999999167 ) ;
#557 = CARTESIAN_POINT ( 'NONE',  ( -0.4640639265841040584, 0.3803218006416977937, -0.1250000000000000000 ) ) ;
#558 = EDGE_CURVE ( 'NONE', #2971, #518, #3258, .T. ) ;
#559 = DIRECTION ( 'NONE',  ( 1.000000000000000000, 0.000000000000000000, 0.000000000000000000 ) ) ;
#560 = VERTEX_POINT ( 'NONE', #5688 ) ;
#561 = AXIS2_PLACEMENT_3D ( 'NONE', #4091, #6172, #2614 ) ;
#562 = EDGE_LOOP ( 'NONE', ( #3000, #4731, #4567, #234 ) ) ;
#563 = ORIENTED_EDGE ( 'NONE', *, *, #4043, .F. ) ;
#564 = DIRECTION ( 'NONE',  ( 0.000000000000000000, 0.000000000000000000, -1.000000000000000000 ) ) ;
#565 = CARTESIAN_POINT ( 'NONE',  ( -0.3125000000000002776, -0.3236121593216771952, -1.326155855443755360 ) ) ;
#566 = CARTESIAN_POINT ( 'NONE',  ( 0.06250000000000002776, -0.3124999999999999445, 0.000000000000000000 ) ) ;
#567 = DIRECTION ( 'NONE',  ( 1.000000000000000000, 0.000000000000000000, 0.000000000000000000 ) ) ;
#568 = CARTESIAN_POINT ( 'NONE',  ( 0.06249999999999995837, 0.3125000000000000555, 0.000000000000000000 ) ) ;
#569 = AXIS2_PLACEMENT_3D ( 'NONE', #1054, #5494, #4036 ) ;
#570 = EDGE_CURVE ( 'NONE', #4757, #85, #2230, .T. ) ;
#571 = ORIENTED_EDGE ( 'NONE', *, *, #579, .F. ) ;
#572 = TOROIDAL_SURFACE ( 'NONE', #4661, 0.4000000000000002442, 0.09999999999999997780 ) ;
#573 = DIRECTION ( 'NONE',  ( 0.000000000000000000, 1.000000000000000000, 0.000000000000000000 ) ) ;
#574 = CARTESIAN_POINT ( 'NONE',  ( 0.4814319093656164172, 0.06029097811781369831, -0.5914365534007437475 ) ) ;
#575 = FACE_BOUND ( 'NONE', #1070, .T. ) ;
#576 = CIRCLE ( 'NONE', #4978, 0.4499999999999998446 ) ;
#577 = CARTESIAN_POINT ( 'NONE',  ( -0.06249999999999995837, 0.3125000000000000555, 0.000000000000000000 ) ) ;
#578 = DIRECTION ( 'NONE',  ( 0.000000000000000000, 0.000000000000000000, 1.000000000000000000 ) ) ;
#579 = EDGE_CURVE ( 'NONE', #3417, #403, #1533, .T. ) ;
#580 = CARTESIAN_POINT ( 'NONE',  ( -0.01587717885087152128, -0.4324942425842499549, -0.2500013546859747859 ) ) ;
#581 = LINE ( 'NONE', #3473, #3208 ) ;
#582 = EDGE_LOOP ( 'NONE', ( #6301, #3132, #743, #3713 ) ) ;
#583 = CARTESIAN_POINT ( 'NONE',  ( -0.1190042639006114178, 0.2968993757805876710, -1.416016474169888184 ) ) ;
#584 = VECTOR ( 'NONE', #135, 39.37007874015748143 ) ;
#585 = B_SPLINE_CURVE_WITH_KNOTS ( 'NONE', 3,
 ( #5426, #5918, #1503, #546, #3830, #4292, #5326, #936, #2874, #4844 ),
 .UNSPECIFIED., .F., .F.,
 ( 4, 2, 2, 2, 4 ),
 ( 0.005120590985028327519, 0.005494437893715291461, 0.005868284802402255404, 0.006242131711089218479, 0.006615978619776182422 ),
 .UNSPECIFIED. ) ;
#586 = LINE ( 'NONE', #6, #1282 ) ;
#587 = ORIENTED_EDGE ( 'NONE', *, *, #2819, .T. ) ;
#588 = DIRECTION ( 'NONE',  ( -0.2380987839448049093, -0.9504134974180484807, -0.2000578741504526747 ) ) ;
#589 = DIRECTION ( 'NONE',  ( -1.000000000000000000, 0.000000000000000000, 0.000000000000000000 ) ) ;
#590 = DIRECTION ( 'NONE',  ( -3.100300561798464228E-16, -0.000000000000000000, -1.000000000000000000 ) ) ;
#591 = CARTESIAN_POINT ( 'NONE',  ( -0.4380632106078392041, -0.5000000000000000000, -0.1475466539317342174 ) ) ;
#592 = CARTESIAN_POINT ( 'NONE',  ( 0.3775000000000000022, 6.829619984160658046E-17, -1.641155855443755307 ) ) ;
#593 = CARTESIAN_POINT ( 'NONE',  ( 0.09101141327355913302, -0.2337180760170349259, -1.511851077968817902 ) ) ;
#594 = ORIENTED_EDGE ( 'NONE', *, *, #5156, .F. ) ;
#595 = CARTESIAN_POINT ( 'NONE',  ( -0.4950333109005289889, 0.02453204349959316535, -0.6372949583523366268 ) ) ;
#596 = CIRCLE ( 'NONE', #1806, 0.5999999999999999778 ) ;
#597 = ORIENTED_EDGE ( 'NONE', *, *, #68, .T. ) ;
#598 = DIRECTION ( 'NONE',  ( 1.000000000000000000, -0.000000000000000000, -0.000000000000000000 ) ) ;
#599 = ORIENTED_EDGE ( 'NONE', *, *, #3758, .F. ) ;
#600 = ORIENTED_EDGE ( 'NONE', *, *, #759, .F. ) ;
#601 = DIRECTION ( 'NONE',  ( -0.7071067811865486830, -0.7071067811865463515, 0.000000000000000000 ) ) ;
#602 = ADVANCED_FACE ( 'NONE', ( #1627 ), #2713, .F. ) ;
#603 = AXIS2_PLACEMENT_3D ( 'NONE', #3378, #513, #3896 ) ;
#604 = DIRECTION ( 'NONE',  ( -0.5480721325930281163, 0.8364310715623435311, 0.000000000000000000 ) ) ;
#605 = VERTEX_POINT ( 'NONE', #1278 ) ;
#606 = PLANE ( 'NONE',  #5832 ) ;
#607 = VECTOR ( 'NONE', #418, 39.37007874015748854 ) ;
#608 = CARTESIAN_POINT ( 'NONE',  ( 0.4414420297510241453, -0.2349846866455830019, -0.02936519811662987103 ) ) ;
#609 = EDGE_CURVE ( 'NONE', #3015, #949, #5556, .T. ) ;
#610 = CARTESIAN_POINT ( 'NONE',  ( -0.4992043186644227748, 0.03268969867157534709, -0.1227629792354567040 ) ) ;
#611 = DIRECTION ( 'NONE',  ( 0.000000000000000000, 0.5000000000000003331, -0.8660254037844383745 ) ) ;
#612 = VERTEX_POINT ( 'NONE', #1146 ) ;
#613 = B_SPLINE_CURVE_WITH_KNOTS ( 'NONE', 3,
 ( #715, #3706, #3097, #3677, #1665, #1732, #2662, #4173, #4621, #6187, #4074, #2206, #5174, #1255, #2725, #2170, #3188, #5601, #1290, #4688, #5145, #6154, #200, #3224, #5636, #1191, #2692, #1694 ),
 .UNSPECIFIED., .F., .F.,
 ( 4, 2, 2, 2, 2, 2, 2, 2, 2, 2, 2, 2, 2, 4 ),
 ( 0.000000000000000000, 0.0003075777125040669900, 0.0006151554250081339801, 0.0009227331375122009701, 0.001230310850016267960, 0.001845466275024414517, 0.002153043987528497662, 0.002460621700032581457, 0.003075777125040768129, 0.003383354837544862333, 0.003690932550048955669, 0.004306087975057143642, 0.004613665687561238279, 0.004921243400065332049 ),
 .UNSPECIFIED. ) ;
#614 = EDGE_CURVE ( 'NONE', #5608, #4081, #2243, .T. ) ;
#615 = EDGE_CURVE ( 'NONE', #5744, #3776, #3061, .T. ) ;
#616 = DIRECTION ( 'NONE',  ( 1.000000000000000000, -0.000000000000000000, -0.000000000000000000 ) ) ;
#617 = CARTESIAN_POINT ( 'NONE',  ( 0.1024390062427410902, 0.2499999999999967526, -1.393655855443750813 ) ) ;
#618 = ORIENTED_EDGE ( 'NONE', *, *, #5156, .T. ) ;
#619 = VECTOR ( 'NONE', #4304, 39.37007874015748143 ) ;
#620 = DIRECTION ( 'NONE',  ( -0.000000000000000000, 1.000000000000000000, -0.000000000000000000 ) ) ;
#621 = CARTESIAN_POINT ( 'NONE',  ( 0.4380632106078383714, -0.5000000000000001110, -0.1475466539317337455 ) ) ;
#622 = CARTESIAN_POINT ( 'NONE',  ( 0.5199265109473528712, 0.3022088300667059579, -0.1412097098256048233 ) ) ;
#623 =( BOUNDED_CURVE ( )  B_SPLINE_CURVE ( 3, ( #5022, #4467, #3072, #2599 ),
 .UNSPECIFIED., .F., .T. ) 
 B_SPLINE_CURVE_WITH_KNOTS ( ( 4, 4 ),
 ( 2.599176623630000016, 3.684008683549587548 ),
 .UNSPECIFIED. ) 
 CURVE ( )  GEOMETRIC_REPRESENTATION_ITEM ( )  RATIONAL_B_SPLINE_CURVE ( ( 1.000000000000000000, 0.9043093408702512770, 0.9043093408702512770, 1.000000000000000000 ) ) 
 REPRESENTATION_ITEM ( '' )  );
#624 = CYLINDRICAL_SURFACE ( 'NONE', #3513, 0.06250000000000002776 ) ;
#625 = DIRECTION ( 'NONE',  ( 0.000000000000000000, -0.4999999999999998335, 0.8660254037844388186 ) ) ;
#626 = ORIENTED_EDGE ( 'NONE', *, *, #2394, .F. ) ;
#627 = DIRECTION ( 'NONE',  ( 1.000000000000000000, -0.000000000000000000, -0.000000000000000000 ) ) ;
#628 = DIRECTION ( 'NONE',  ( -0.000000000000000000, 1.000000000000000000, -0.000000000000000000 ) ) ;
#629 = VERTEX_POINT ( 'NONE', #1685 ) ;
#630 = CARTESIAN_POINT ( 'NONE',  ( -0.06630019290451491520, 0.2123795642436765718, -1.406811905297629561 ) ) ;
#631 = ORIENTED_EDGE ( 'NONE', *, *, #5760, .T. ) ;
#632 = VERTEX_POINT ( 'NONE', #3088 ) ;
#633 = CARTESIAN_POINT ( 'NONE',  ( 0.5753718445023743300, -0.1904543282428630413, -1.563852626079659691 ) ) ;
#634 = FACE_OUTER_BOUND ( 'NONE', #1644, .T. ) ;
#635 = DIRECTION ( 'NONE',  ( 0.000000000000000000, -1.000000000000000000, 0.000000000000000000 ) ) ;
#636 = ORIENTED_EDGE ( 'NONE', *, *, #1890, .F. ) ;
#637 = CARTESIAN_POINT ( 'NONE',  ( 0.1199999999999999956, 0.3125000000000000555, -0.2643186507442511490 ) ) ;
#638 = DIRECTION ( 'NONE',  ( 0.000000000000000000, 0.000000000000000000, 1.000000000000000000 ) ) ;
#639 = CARTESIAN_POINT ( 'NONE',  ( -0.5302523565147962969, 0.07269877981383593424, -0.1500317357425940412 ) ) ;
#640 = DIRECTION ( 'NONE',  ( 1.000000000000000000, 0.000000000000000000, 0.000000000000000000 ) ) ;
#641 = EDGE_CURVE ( 'NONE', #4493, #3431, #3212, .T. ) ;
#642 = CARTESIAN_POINT ( 'NONE',  ( 0.4162621494360823626, -0.4775330212873193925, -0.1249999999999999861 ) ) ;
#643 = ORIENTED_EDGE ( 'NONE', *, *, #3402, .F. ) ;
#644 = CARTESIAN_POINT ( 'NONE',  ( -0.1024390062427392722, 0.2499999999999998890, -1.513655855443755138 ) ) ;
#645 = LINE ( 'NONE', #859, #4557 ) ;
#646 = ADVANCED_FACE ( 'NONE', ( #5068 ), #42, .T. ) ;
#647 = EDGE_LOOP ( 'NONE', ( #4786, #839, #3017, #2784 ) ) ;
#648 = DIRECTION ( 'NONE',  ( -1.000000000000000000, 0.000000000000000000, 0.000000000000000000 ) ) ;
#649 = CARTESIAN_POINT ( 'NONE',  ( -0.4784548185051879510, -0.1480947682231408824, -0.05610323634872633330 ) ) ;
#650 = CARTESIAN_POINT ( 'NONE',  ( 0.7620242025675507680, 0.1778320746311214950, -1.351173275548079200 ) ) ;
#651 = CARTESIAN_POINT ( 'NONE',  ( -0.5000000000000001110, -0.3316624790355397479, -0.1250000000000000278 ) ) ;
#652 = DIRECTION ( 'NONE',  ( -0.000000000000000000, -1.000000000000000000, -0.000000000000000000 ) ) ;
#653 = EDGE_CURVE ( 'NONE', #5541, #5491, #2308, .T. ) ;
#654 = DIRECTION ( 'NONE',  ( 0.000000000000000000, 0.000000000000000000, -1.000000000000000000 ) ) ;
#655 = ORIENTED_EDGE ( 'NONE', *, *, #5162, .F. ) ;
#656 = CARTESIAN_POINT ( 'NONE',  ( -0.07923139212196768366, 0.2218012195961107935, -1.263859111186570683 ) ) ;
#657 = FACE_OUTER_BOUND ( 'NONE', #4535, .T. ) ;
#658 = ORIENTED_EDGE ( 'NONE', *, *, #1189, .T. ) ;
#659 = CARTESIAN_POINT ( 'NONE',  ( -0.4616792322724488917, -0.1928727215716732057, -0.04025228862316843070 ) ) ;
#660 = VERTEX_POINT ( 'NONE', #2617 ) ;
#661 = ORIENTED_EDGE ( 'NONE', *, *, #1035, .T. ) ;
#662 = DIRECTION ( 'NONE',  ( -7.886165872636008018E-17, 0.4999999999999998335, -0.8660254037844385966 ) ) ;
#663 =( BOUNDED_CURVE ( )  B_SPLINE_CURVE ( 3, ( #3767, #5724, #6336, #1315 ),
 .UNSPECIFIED., .F., .F. ) 
 B_SPLINE_CURVE_WITH_KNOTS ( ( 4, 4 ),
 ( 3.141592653589793116, 4.586190565023595234 ),
 .UNSPECIFIED. ) 
 CURVE ( )  GEOMETRIC_REPRESENTATION_ITEM ( )  RATIONAL_B_SPLINE_CURVE ( ( 1.000000000000000000, 0.8335252317299783886, 0.8335252317299783886, 1.000000000000000000 ) ) 
 REPRESENTATION_ITEM ( '' )  );
#664 = FACE_OUTER_BOUND ( 'NONE', #3367, .T. ) ;
#665 = VERTEX_POINT ( 'NONE', #3593 ) ;
#666 = CARTESIAN_POINT ( 'NONE',  ( -0.09339317053654508372, -0.3885368197748283459, -1.261427295946718319 ) ) ;
#667 = DIRECTION ( 'NONE',  ( 2.590381828630765808E-16, 0.7071067811865505703, 0.7071067811865444641 ) ) ;
#668 = CARTESIAN_POINT ( 'NONE',  ( 0.000000000000000000, 0.5000000000000000000, -0.7600000000000001199 ) ) ;
#669 = CIRCLE ( 'NONE', #4651, 0.06250000000000002776 ) ;
#670 = CARTESIAN_POINT ( 'NONE',  ( 0.3644486594466652130, 0.1194138842132301537, -1.638015062076701112 ) ) ;
#671 = CIRCLE ( 'NONE', #4251, 0.09999999999999996392 ) ;
#672 = VECTOR ( 'NONE', #1807, 39.37007874015748854 ) ;
#673 = CARTESIAN_POINT ( 'NONE',  ( 0.5199265109473562019, -0.3022088300667187255, -0.1412097098256077377 ) ) ;
#674 = ORIENTED_EDGE ( 'NONE', *, *, #4812, .T. ) ;
#675 = DIRECTION ( 'NONE',  ( 0.6552508045514064960, 0.000000000000000000, 0.7554113999237332955 ) ) ;
#676 = EDGE_CURVE ( 'NONE', #5609, #1041, #6266, .T. ) ;
#677 = EDGE_LOOP ( 'NONE', ( #3405, #1124, #3743 ) ) ;
#678 = FACE_OUTER_BOUND ( 'NONE', #5824, .T. ) ;
#679 = DIRECTION ( 'NONE',  ( 0.000000000000000000, 0.000000000000000000, 1.000000000000000000 ) ) ;
#680 = CARTESIAN_POINT ( 'NONE',  ( -0.5000000000000001110, 0.2104964325533063285, -0.1250000000000000278 ) ) ;
#681 = ADVANCED_FACE ( 'NONE', ( #3310 ), #3274, .T. ) ;
#682 = CARTESIAN_POINT ( 'NONE',  ( 0.5646376753072458454, 0.2948487079583760884, -1.570409994820086474 ) ) ;
#683 = ORIENTED_EDGE ( 'NONE', *, *, #6351, .F. ) ;
#684 = CARTESIAN_POINT ( 'NONE',  ( -0.3307763276601031199, 0.1108420599363221098, -0.3716733439816498064 ) ) ;
#685 = PLANE ( 'NONE',  #3589 ) ;
#686 = EDGE_LOOP ( 'NONE', ( #1537, #5572, #4358, #1110 ) ) ;
#687 = CARTESIAN_POINT ( 'NONE',  ( 0.5057853806002809982, 0.2413300080305519901, -0.1295847634263664061 ) ) ;
#688 = VERTEX_POINT ( 'NONE', #2512 ) ;
#689 = ORIENTED_EDGE ( 'NONE', *, *, #615, .T. ) ;
#690 = DIRECTION ( 'NONE',  ( 1.000000000000000000, 0.000000000000000000, 0.000000000000000000 ) ) ;
#691 = EDGE_CURVE ( 'NONE', #612, #5920, #6128, .T. ) ;
#692 = EDGE_CURVE ( 'NONE', #475, #5652, #3672, .T. ) ;
#693 = CARTESIAN_POINT ( 'NONE',  ( 0.1190048221104876430, 0.2969035803801625684, -1.491290149287403999 ) ) ;
#694 = VECTOR ( 'NONE', #1453, 39.37007874015748143 ) ;
#695 = ORIENTED_EDGE ( 'NONE', *, *, #3630, .T. ) ;
#696 = CARTESIAN_POINT ( 'NONE',  ( -0.1134873849512627736, -0.3528171037464590265, -1.257219987427155905 ) ) ;
#697 = CARTESIAN_POINT ( 'NONE',  ( -0.4427484659287586610, 0.4225456165064885861, -0.1250000000000000000 ) ) ;
#698 = CARTESIAN_POINT ( 'NONE',  ( -0.4701616206371860840, -0.3590794621339571391, -0.1247383549744822129 ) ) ;
#699 =( BOUNDED_SURFACE ( )  B_SPLINE_SURFACE ( 3, 2, ( 
 ( #4151, #2608, #6127 ),
 ( #3167, #5153, #2700 ),
 ( #2119, #4085, #4660 ),
 ( #6061, #5218, #5249 ) ),
 .UNSPECIFIED., .F., .F., .F. ) 
 B_SPLINE_SURFACE_WITH_KNOTS ( ( 4, 4 ),
 ( 3, 3 ),
 ( 0.000000000000000000, 0.002249330099329073518 ),
 ( 0.3443725998506355079, 1.000000000000000000 ),
 .UNSPECIFIED. ) 
 GEOMETRIC_REPRESENTATION_ITEM ( )  RATIONAL_B_SPLINE_SURFACE ( (
 ( 0.9480980298041246090, 0.9246427122564531143, 1.000000000000000000),
 ( 0.9534255125019834853, 0.9323777682687047763, 1.000000000000000000),
 ( 0.9589251980126655139, 0.9403628482562929047, 1.000000000000000000),
 ( 0.9644747844433012585, 0.9484203801752709717, 1.000000000000000000) ) ) 
 REPRESENTATION_ITEM ( '' )  SURFACE ( )  );
#700 = LINE ( 'NONE', #2222, #5273 ) ;
#701 = CARTESIAN_POINT ( 'NONE',  ( 0.3307283210671013718, 0.5000000000000000000, -0.1242047542652713471 ) ) ;
#702 = CARTESIAN_POINT ( 'NONE',  ( -0.3125000000000002220, 0.5000000000000000000, -1.641155855443755307 ) ) ;
#703 = AXIS2_PLACEMENT_3D ( 'NONE', #5848, #1347, #224 ) ;
#704 = CARTESIAN_POINT ( 'NONE',  ( 0.7082233602167161690, 0.4085786437626901524, -1.141155855443755307 ) ) ;
#705 = B_SPLINE_CURVE_WITH_KNOTS ( 'NONE', 3,
 ( #24, #4411, #5287, #892, #3820, #407, #5347, #1966, #6265, #1434, #5412, #474, #4310, #2925, #4897, #953, #1464, #2418, #4375, #377, #3373, #5809, #1495, #2832 ),
 .UNSPECIFIED., .F., .F.,
 ( 4, 2, 2, 2, 2, 2, 2, 2, 2, 2, 2, 4 ),
 ( 0.000000000000000000, 0.0008398450949029614455, 0.001259767642354439783, 0.001679690189805917904, 0.002519535284708869158, 0.003359380379611820195, 0.003779302927063295930, 0.004199225474514772100, 0.005039070569417723570, 0.005878915664320675041, 0.006298838211772150343, 0.006718760759223625645 ),
 .UNSPECIFIED. ) ;
#706 = CARTESIAN_POINT ( 'NONE',  ( -0.1024390062427392722, 0.2499999999999998890, -1.393655855443755476 ) ) ;
#707 = VECTOR ( 'NONE', #2021, 39.37007874015748143 ) ;
#708 = ORIENTED_EDGE ( 'NONE', *, *, #4287, .T. ) ;
#709 = FACE_OUTER_BOUND ( 'NONE', #2149, .T. ) ;
#710 = CARTESIAN_POINT ( 'NONE',  ( 0.4271360613294405972, -0.2600890120688754137, -0.02561813966737347403 ) ) ;
#711 = FACE_OUTER_BOUND ( 'NONE', #4057, .T. ) ;
#712 = CARTESIAN_POINT ( 'NONE',  ( 0.000000000000000000, 0.3125000000000000555, -1.641155855443755307 ) ) ;
#713 = FACE_OUTER_BOUND ( 'NONE', #2027, .T. ) ;
#714 = VECTOR ( 'NONE', #662, 39.37007874015748854 ) ;
#715 = CARTESIAN_POINT ( 'NONE',  ( -0.1024390062427393555, -0.2499999999999998890, -1.513655855443755138 ) ) ;
#716 = VERTEX_POINT ( 'NONE', #6267 ) ;
#717 = CARTESIAN_POINT ( 'NONE',  ( -0.4110276516352182052, 0.1154141741195518905, -0.4578903072378586736 ) ) ;
#718 = CARTESIAN_POINT ( 'NONE',  ( -0.8082233602167164799, 0.2499999999999998890, -1.453655855443755307 ) ) ;
#719 = EDGE_CURVE ( 'NONE', #3119, #629, #312, .T. ) ;
#720 = ORIENTED_EDGE ( 'NONE', *, *, #2152, .F. ) ;
#721 = AXIS2_PLACEMENT_3D ( 'NONE', #5210, #816, #3260 ) ;
#722 = CARTESIAN_POINT ( 'NONE',  ( 0.5016053291289899185, 0.3100390486111970767, -0.1258156929987267747 ) ) ;
#723 = EDGE_LOOP ( 'NONE', ( #5578, #2093, #1666, #3127 ) ) ;
#724 = VERTEX_POINT ( 'NONE', #6206 ) ;
#725 = CARTESIAN_POINT ( 'NONE',  ( 0.6005182645480986459, -0.1664621827574634116, -1.546904931249038828 ) ) ;
#726 = LINE ( 'NONE', #1674, #2339 ) ;
#727 = CARTESIAN_POINT ( 'NONE',  ( -0.4914485142003754414, 0.03802395640444156816, -1.606377455906941254 ) ) ;
#728 = ORIENTED_EDGE ( 'NONE', *, *, #5964, .F. ) ;
#729 = EDGE_CURVE ( 'NONE', #303, #2686, #2759, .T. ) ;
#730 = EDGE_CURVE ( 'NONE', #629, #5849, #3883, .T. ) ;
#731 = ORIENTED_EDGE ( 'NONE', *, *, #2240, .T. ) ;
#732 = DIRECTION ( 'NONE',  ( -1.821231995776175725E-16, 0.000000000000000000, -1.000000000000000000 ) ) ;
#733 = EDGE_CURVE ( 'NONE', #303, #6188, #874, .T. ) ;
#734 = CARTESIAN_POINT ( 'NONE',  ( 0.4701616206371752593, -0.3590794621339582493, -0.1247383549744811998 ) ) ;
#735 = CARTESIAN_POINT ( 'NONE',  ( 0.4975671219954699298, 0.2284606000922934921, -0.1232906438067052635 ) ) ;
#736 = CARTESIAN_POINT ( 'NONE',  ( -0.3307283210671005946, -0.5000000000000000000, -0.1242047542652712916 ) ) ;
#737 = ORIENTED_EDGE ( 'NONE', *, *, #1591, .F. ) ;
#738 = DIRECTION ( 'NONE',  ( 0.000000000000000000, 0.000000000000000000, 1.000000000000000000 ) ) ;
#739 = CARTESIAN_POINT ( 'NONE',  ( 0.4970989529082953107, 0.01090640450378767105, -0.6459822069055765059 ) ) ;
#740 = DIRECTION ( 'NONE',  ( 1.000000000000000000, 0.000000000000000000, -0.000000000000000000 ) ) ;
#741 = AXIS2_PLACEMENT_3D ( 'NONE', #3475, #1477, #965 ) ;
#742 = CARTESIAN_POINT ( 'NONE',  ( -0.09100567716169226384, -0.2337086338320488177, -1.511850539459626885 ) ) ;
#743 = ORIENTED_EDGE ( 'NONE', *, *, #4911, .T. ) ;
#744 = CARTESIAN_POINT ( 'NONE',  ( -0.4922015491313438407, -0.03615461166843162572, -0.8937746598586000513 ) ) ;
#745 = DIRECTION ( 'NONE',  ( -0.7071067811865465735, 0.7071067811865485719, -4.829270603727171320E-16 ) ) ;
#746 = ORIENTED_EDGE ( 'NONE', *, *, #2485, .F. ) ;
#747 = VERTEX_POINT ( 'NONE', #5350 ) ;
#748 = ORIENTED_EDGE ( 'NONE', *, *, #951, .T. ) ;
#749 = CARTESIAN_POINT ( 'NONE',  ( 0.5599463986606418864, -0.2131564231779107810, -1.573177763535946294 ) ) ;
#750 = CARTESIAN_POINT ( 'NONE',  ( -0.3082233602167163133, 0.4085786437626892087, -1.141155855443755307 ) ) ;
#751 = DIRECTION ( 'NONE',  ( 6.439027471636192764E-17, 0.7071067811865502373, 0.7071067811865447972 ) ) ;
#752 = EDGE_CURVE ( 'NONE', #2213, #5849, #1375, .T. ) ;
#753 = CARTESIAN_POINT ( 'NONE',  ( 0.06249999999999986816, 0.4149390062427395498, -1.266155855443755529 ) ) ;
#754 = EDGE_LOOP ( 'NONE', ( #3615, #2029, #6365, #6257 ) ) ;
#755 = CARTESIAN_POINT ( 'NONE',  ( -0.4640639265841039474, 0.4085786437626895418, -0.1250000000000000000 ) ) ;
#756 = CARTESIAN_POINT ( 'NONE',  ( -0.4640639265841245420, -0.3803218006416842489, -0.1250000000000096867 ) ) ;
#757 = ORIENTED_EDGE ( 'NONE', *, *, #4237, .F. ) ;
#758 = CARTESIAN_POINT ( 'NONE',  ( 0.000000000000000000, 0.3125000000000000555, -1.641155855443755307 ) ) ;
#759 = EDGE_CURVE ( 'NONE', #805, #4192, #6240, .T. ) ;
#760 = CARTESIAN_POINT ( 'NONE',  ( 0.2633356827404483846, -0.03735665058785006543, -0.3232424592155062615 ) ) ;
#761 =( NAMED_UNIT ( * ) PLANE_ANGLE_UNIT ( ) SI_UNIT ( $, .RADIAN. ) );
#762 = CARTESIAN_POINT ( 'NONE',  ( -0.2575000000000000067, 6.829619984160658046E-17, -0.3197798846031684739 ) ) ;
#763 = DIRECTION ( 'NONE',  ( -1.000000000000000000, -0.000000000000000000, 1.821231995776175725E-16 ) ) ;
#764 = CARTESIAN_POINT ( 'NONE',  ( 0.3535533905932746190, -0.3535533905932729537, -0.02500000000000000486 ) ) ;
#765 = CARTESIAN_POINT ( 'NONE',  ( -0.3082233602167164799, 0.5000000000000000000, -1.591155855443754596 ) ) ;
#766 = AXIS2_PLACEMENT_3D ( 'NONE', #4983, #1513, #3948 ) ;
#767 = CARTESIAN_POINT ( 'NONE',  ( -0.4137456375881507498, -0.5000000000000001110, -0.1383811162182524701 ) ) ;
#768 = EDGE_CURVE ( 'NONE', #2669, #2699, #3823, .T. ) ;
#769 = VECTOR ( 'NONE', #2069, 39.37007874015748143 ) ;
#770 = ORIENTED_EDGE ( 'NONE', *, *, #3887, .T. ) ;
#771 = CARTESIAN_POINT ( 'NONE',  ( 0.4242640687119292875, 0.4242640687119279552, -0.1250000000000000000 ) ) ;
#772 = CARTESIAN_POINT ( 'NONE',  ( -0.4640639265841039474, 0.5000000000000000000, -0.2249999999999999778 ) ) ;
#773 = AXIS2_PLACEMENT_3D ( 'NONE', #2396, #4262, #1444 ) ;
#774 = CARTESIAN_POINT ( 'NONE',  ( -0.1199999999999999956, 0.3125000000000000555, -0.1250000000000000000 ) ) ;
#775 = FACE_OUTER_BOUND ( 'NONE', #3746, .T. ) ;
#776 = AXIS2_PLACEMENT_3D ( 'NONE', #1498, #2387, #1758 ) ;
#777 = CARTESIAN_POINT ( 'NONE',  ( -0.8082233602167163689, -0.4085786437626903189, -1.141155855443755085 ) ) ;
#778 = VERTEX_POINT ( 'NONE', #2354 ) ;
#779 = CARTESIAN_POINT ( 'NONE',  ( -0.3542579124817706315, -0.1179775528995590933, -1.127039415310069348 ) ) ;
#780 = DIRECTION ( 'NONE',  ( 3.663353113774463059E-16, -0.000000000000000000, 1.000000000000000000 ) ) ;
#781 = CARTESIAN_POINT ( 'NONE',  ( 0.3270189340712463810, -0.3972243186433544460, -1.453655855443755529 ) ) ;
#782 = ORIENTED_EDGE ( 'NONE', *, *, #5828, .F. ) ;
#783 = ORIENTED_EDGE ( 'NONE', *, *, #2103, .T. ) ;
#784 = VERTEX_POINT ( 'NONE', #4345 ) ;
#785 = CARTESIAN_POINT ( 'NONE',  ( 0.7562377631156979030, -0.1636260774197040579, -1.363183766348563086 ) ) ;
#786 = CARTESIAN_POINT ( 'NONE',  ( 0.4751113105652867152, -0.1593056673253862021, -0.1043817056594943532 ) ) ;
#787 = CARTESIAN_POINT ( 'NONE',  ( -0.3919641329041186895, 0.1196174312177890470, -1.634211678928529476 ) ) ;
#788 = ORIENTED_EDGE ( 'NONE', *, *, #4879, .T. ) ;
#789 = DIRECTION ( 'NONE',  ( 0.000000000000000000, -1.000000000000000000, 0.000000000000000000 ) ) ;
#790 = ORIENTED_EDGE ( 'NONE', *, *, #2468, .T. ) ;
#791 = ADVANCED_FACE ( 'NONE', ( #3764 ), #896, .F. ) ;
#792 = CARTESIAN_POINT ( 'NONE',  ( -0.06250000000000020817, 0.2100609937572608110, -1.408880016195981799 ) ) ;
#793 = DIRECTION ( 'NONE',  ( 0.000000000000000000, 0.7071067811865503483, 0.7071067811865445751 ) ) ;
#794 = DIRECTION ( 'NONE',  ( 9.106159978880878627E-17, 0.000000000000000000, 1.000000000000000000 ) ) ;
#795 = DIRECTION ( 'NONE',  ( 0.3381620517103006152, -0.9026334081950867505, -0.2662693320553495280 ) ) ;
#796 = EDGE_CURVE ( 'NONE', #5060, #214, #2774, .T. ) ;
#797 = VECTOR ( 'NONE', #5691, 39.37007874015748143 ) ;
#798 = CARTESIAN_POINT ( 'NONE',  ( 0.5032504848769211447, -0.3216465972397095086, -0.1270137222979400571 ) ) ;
#799 = CARTESIAN_POINT ( 'NONE',  ( -0.09697468392239771973, -0.2416500870029095194, -1.394111843711387078 ) ) ;
#800 = CARTESIAN_POINT ( 'NONE',  ( 0.4297007272410571233, -0.5000000000000000000, -0.1443947498903830340 ) ) ;
#801 = AXIS2_PLACEMENT_3D ( 'NONE', #5529, #4034, #675 ) ;
#802 = VECTOR ( 'NONE', #5423, 39.37007874015748143 ) ;
#803 = LINE ( 'NONE', #4717, #288 ) ;
#804 = FACE_OUTER_BOUND ( 'NONE', #265, .T. ) ;
#805 = VERTEX_POINT ( 'NONE', #4961 ) ;
#806 = DIRECTION ( 'NONE',  ( 0.000000000000000000, 0.000000000000000000, 1.000000000000000000 ) ) ;
#807 = CARTESIAN_POINT ( 'NONE',  ( 0.4480062054965359142, -0.2230428996958733756, -0.09856725513419480056 ) ) ;
#808 = CARTESIAN_POINT ( 'NONE',  ( -0.3534671909051295691, 0.4841634781052408520, -0.1248284621942517408 ) ) ;
#809 = ADVANCED_FACE ( 'NONE', ( #4774 ), #6332, .F. ) ;
#810 = ADVANCED_FACE ( 'NONE', ( #1838 ), #411, .T. ) ;
#811 = DIRECTION ( 'NONE',  ( -0.000000000000000000, -1.000000000000000000, -0.000000000000000000 ) ) ;
#812 = VECTOR ( 'NONE', #3892, 39.37007874015748143 ) ;
#813 = B_SPLINE_CURVE_WITH_KNOTS ( 'NONE', 3,
 ( #3797, #516, #5391, #1384, #4907, #483, #4385, #2843, #6372, #4320, #4941, #993, #6302, #3899, #1843, #3317, #35, #2460, #5883, #4421, #5296, #1443, #1976, #2965, #904, #4814, #4874, #1877, #961, #2900, #3938, #423, #3442, #5850, #1411, #2425 ),
 .UNSPECIFIED., .F., .F.,
 ( 4, 2, 2, 2, 2, 2, 2, 2, 2, 2, 2, 2, 2, 2, 2, 2, 2, 4 ),
 ( 0.01322331381877143476, 0.01363912749068851848, 0.01405494116260560047, 0.01488656850643976792, 0.01571819585027393190, 0.01654982319410809935, 0.01821307788177642384, 0.01987633256944474486, 0.02070795991327890190, 0.02153958725711305894, 0.02237121460094721598, 0.02320284194478137649, 0.02403446928861553006, 0.02445028296053260858, 0.02486609663244968363, 0.02528191030436675868, 0.02569772397628383720, 0.02652935132011798730 ),
 .UNSPECIFIED. ) ;
#814 = CARTESIAN_POINT ( 'NONE',  ( -0.1024390062427393555, -0.2499999999999998890, -1.513655855443755138 ) ) ;
#815 = VERTEX_POINT ( 'NONE', #6333 ) ;
#816 = DIRECTION ( 'NONE',  ( 0.000000000000000000, 0.000000000000000000, 1.000000000000000000 ) ) ;
#817 = CYLINDRICAL_SURFACE ( 'NONE', #6146, 0.09999999999999993616 ) ;
#818 = CARTESIAN_POINT ( 'NONE',  ( 0.06249999999999986816, 0.5000000000000000000, -1.266155855443755529 ) ) ;
#819 = EDGE_LOOP ( 'NONE', ( #1026, #5235, #3478, #5713 ) ) ;
#820 = ORIENTED_EDGE ( 'NONE', *, *, #1773, .T. ) ;
#821 = ORIENTED_EDGE ( 'NONE', *, *, #3319, .F. ) ;
#822 = CARTESIAN_POINT ( 'NONE',  ( 0.000000000000000000, 0.000000000000000000, -0.1250000000000000000 ) ) ;
#823 = CARTESIAN_POINT ( 'NONE',  ( -0.3808464024490070265, 0.1204493447541869627, -1.635975522197532728 ) ) ;
#824 = ORIENTED_EDGE ( 'NONE', *, *, #1000, .F. ) ;
#825 = CIRCLE ( 'NONE', #5542, 0.1249999999999999029 ) ;
#826 = CARTESIAN_POINT ( 'NONE',  ( -0.4876775587840141424, -0.4932184277019024399, -0.1705180108599859690 ) ) ;
#827 = EDGE_LOOP ( 'NONE', ( #2066, #4564, #172, #1578, #4443 ) ) ;
#828 = VECTOR ( 'NONE', #2837, 39.37007874015748143 ) ;
#829 = DIRECTION ( 'NONE',  ( 0.000000000000000000, 0.000000000000000000, 1.000000000000000000 ) ) ;
#830 = LINE ( 'NONE', #314, #3007 ) ;
#831 = CARTESIAN_POINT ( 'NONE',  ( -0.4958556987851519549, -0.02036837253009942880, -0.6406913460568272045 ) ) ;
#832 = DIRECTION ( 'NONE',  ( 0.000000000000000000, 0.000000000000000000, 1.000000000000000000 ) ) ;
#833 = CARTESIAN_POINT ( 'NONE',  ( -0.4640639265841252081, -0.3803218006416718144, -0.1250000000000000000 ) ) ;
#834 = CARTESIAN_POINT ( 'NONE',  ( 0.7789340383353708930, -0.4792893218813450984, -0.7600000000000056710 ) ) ;
#835 = CARTESIAN_POINT ( 'NONE',  ( 0.4640639265841039474, 0.5000000000000000000, -0.1250000000000000000 ) ) ;
#836 = ADVANCED_FACE ( 'NONE', ( #4284 ), #2867, .T. ) ;
#837 = DIRECTION ( 'NONE',  ( -0.7071067811865463515, -0.7071067811865486830, -0.000000000000000000 ) ) ;
#838 = FACE_OUTER_BOUND ( 'NONE', #4698, .T. ) ;
#839 = ORIENTED_EDGE ( 'NONE', *, *, #1591, .T. ) ;
#840 = DIRECTION ( 'NONE',  ( 0.000000000000000000, 0.000000000000000000, 1.000000000000000000 ) ) ;
#841 = SPHERICAL_SURFACE ( 'NONE', #1915, 0.09999999999999997780 ) ;
#842 = CARTESIAN_POINT ( 'NONE',  ( -0.4640639265841252081, -0.3803218006416718144, -0.1250000000000000000 ) ) ;
#843 = EDGE_CURVE ( 'NONE', #5652, #4192, #3707, .T. ) ;
#844 = CARTESIAN_POINT ( 'NONE',  ( 0.7694581563129686552, -0.2880682153001872248, -1.334205529120631839 ) ) ;
#845 = ORIENTED_EDGE ( 'NONE', *, *, #73, .F. ) ;
#846 = LINE ( 'NONE', #4265, #3256 ) ;
#847 = CARTESIAN_POINT ( 'NONE',  ( -0.07321805027814513867, -0.2171061265808685858, -0.2552407528849032214 ) ) ;
#848 = EDGE_LOOP ( 'NONE', ( #5888, #4229, #1229, #1620 ) ) ;
#849 = PRODUCT_DEFINITION_SHAPE ( 'NONE', 'NONE',  #2619 ) ;
#850 = ORIENTED_EDGE ( 'NONE', *, *, #5681, .F. ) ;
#851 = ORIENTED_EDGE ( 'NONE', *, *, #296, .F. ) ;
#852 = DIRECTION ( 'NONE',  ( 0.000000000000000000, 0.000000000000000000, 1.000000000000000000 ) ) ;
#853 = EDGE_CURVE ( 'NONE', #815, #4994, #4817, .T. ) ;
#854 = AXIS2_PLACEMENT_3D ( 'NONE', #1772, #4736, #2156 ) ;
#855 = CARTESIAN_POINT ( 'NONE',  ( -0.4812894996319728169, -0.3065654244951835916, -0.1206054019723472731 ) ) ;
#856 = ORIENTED_EDGE ( 'NONE', *, *, #167, .T. ) ;
#857 = VERTEX_POINT ( 'NONE', #1560 ) ;
#858 = CARTESIAN_POINT ( 'NONE',  ( 0.4166666666666666297, -0.2763853991962832990, -0.02500000000000005690 ) ) ;
#859 = CARTESIAN_POINT ( 'NONE',  ( 0.3270189340712463810, -0.1027756813566453598, -1.453655855443755529 ) ) ;
#860 = CARTESIAN_POINT ( 'NONE',  ( -0.4897988191434455851, -0.04280500535233425219, -0.6175963337784704521 ) ) ;
#861 = CARTESIAN_POINT ( 'NONE',  ( 0.7082233602167162800, -0.4085786437626903189, -0.7600000000000050049 ) ) ;
#862 = CIRCLE ( 'NONE', #5266, 0.09999999999999997780 ) ;
#863 = CC_DESIGN_PERSON_AND_ORGANIZATION_ASSIGNMENT ( #927, #3858, ( #4252 ) ) ;
#864 = VECTOR ( 'NONE', #3046, 39.37007874015748143 ) ;
#865 = CARTESIAN_POINT ( 'NONE',  ( -0.3643560065438432582, -0.5000000000000001110, -0.1278127172415866875 ) ) ;
#866 = DIRECTION ( 'NONE',  ( -0.8364310715623459735, 0.5480721325930245635, 0.000000000000000000 ) ) ;
#867 = ORIENTED_EDGE ( 'NONE', *, *, #5276, .T. ) ;
#868 = CARTESIAN_POINT ( 'NONE',  ( 0.06249999999999981265, -0.4792893218813450984, -1.611866533562410053 ) ) ;
#869 = DIRECTION ( 'NONE',  ( 0.000000000000000000, 0.000000000000000000, 1.000000000000000000 ) ) ;
#870 = CARTESIAN_POINT ( 'NONE',  ( -0.7727392372327768211, -0.1763878406783225827, -1.326155855443755138 ) ) ;
#871 = AXIS2_PLACEMENT_3D ( 'NONE', #6079, #2690, #5694 ) ;
#872 = EDGE_CURVE ( 'NONE', #2699, #202, #2927, .T. ) ;
#873 = DIRECTION ( 'NONE',  ( 0.000000000000000000, 0.000000000000000000, 1.000000000000000000 ) ) ;
#874 = B_SPLINE_CURVE_WITH_KNOTS ( 'NONE', 3,
 ( #5230, #1811, #1406, #3344, #5721, #444 ),
 .UNSPECIFIED., .F., .F.,
 ( 4, 2, 4 ),
 ( 1.734723475976807094E-18, 0.0008249629259221859766, 0.001649925851844370218 ),
 .UNSPECIFIED. ) ;
#875 = AXIS2_PLACEMENT_3D ( 'NONE', #1790, #1821, #4785 ) ;
#876 = CARTESIAN_POINT ( 'NONE',  ( 0.6206143385467961515, 0.3479218386837976129, -1.531654752045508827 ) ) ;
#877 = EDGE_LOOP ( 'NONE', ( #5764, #2178, #3682, #2730 ) ) ;
#878 = CARTESIAN_POINT ( 'NONE',  ( -0.3694760639394682467, -0.1199771397828344188, -1.111715849973949899 ) ) ;
#879 = CARTESIAN_POINT ( 'NONE',  ( 0.09034904409847675788, -0.2331409634954543508, -0.2580355265925410868 ) ) ;
#880 = FACE_OUTER_BOUND ( 'NONE', #4517, .T. ) ;
#881 = AXIS2_PLACEMENT_3D ( 'NONE', #3040, #4496, #5021 ) ;
#882 = ADVANCED_FACE ( 'NONE', ( #575, #2063 ), #1114, .F. ) ;
#883 = CARTESIAN_POINT ( 'NONE',  ( 0.7529515975145307793, -0.1572842472229917798, -1.369694896694178876 ) ) ;
#884 = CARTESIAN_POINT ( 'NONE',  ( -0.5195661358388662387, 0.1428191084144406209, -0.1408615060221929116 ) ) ;
#885 = CARTESIAN_POINT ( 'NONE',  ( -0.4777984767417238210, -0.3169356545511272660, -0.1213857510507519027 ) ) ;
#886 = ORIENTED_EDGE ( 'NONE', *, *, #4968, .T. ) ;
#887 = ORIENTED_EDGE ( 'NONE', *, *, #5042, .T. ) ;
#888 = EDGE_CURVE ( 'NONE', #4016, #522, #6003, .T. ) ;
#889 = ADVANCED_FACE ( 'NONE', ( #2489 ), #6368, .F. ) ;
#890 = CARTESIAN_POINT ( 'NONE',  ( 0.4700671852836416087, 0.3594474359591908197, -0.1247499324974560425 ) ) ;
#891 = CARTESIAN_POINT ( 'NONE',  ( 0.3980716687990255576, -0.1184115322063468007, -0.4410127961572200550 ) ) ;
#892 = CARTESIAN_POINT ( 'NONE',  ( -0.3428181563175924929, -0.1150123429561441951, -1.639985057052061990 ) ) ;
#893 = CARTESIAN_POINT ( 'NONE',  ( 0.3082233602167161468, 0.5000000000000000000, -1.591155855443755041 ) ) ;
#894 = PERSON_AND_ORGANIZATION ( #2345, #4764 ) ;
#895 = CARTESIAN_POINT ( 'NONE',  ( 0.06249999999999980571, -0.4085786437626904299, -1.541155855443755440 ) ) ;
#896 = CYLINDRICAL_SURFACE ( 'NONE', #5957, 0.05999999999999990757 ) ;
#897 = DIRECTION ( 'NONE',  ( 0.000000000000000000, 0.000000000000000000, 1.000000000000000000 ) ) ;
#898 = CARTESIAN_POINT ( 'NONE',  ( 0.4682200722196740439, 0.1754136937944219543, -0.04643260993721699814 ) ) ;
#899 = CARTESIAN_POINT ( 'NONE',  ( 0.1040899109888363122, 0.2522721952079016172, -0.2607152284326652025 ) ) ;
#900 = CARTESIAN_POINT ( 'NONE',  ( -0.3155551913258481389, -0.1027756813566453598, -1.453655855443755307 ) ) ;
#901 = PLANE ( 'NONE',  #183 ) ;
#902 = AXIS2_PLACEMENT_3D ( 'NONE', #5177, #780, #3287 ) ;
#903 = ORIENTED_EDGE ( 'NONE', *, *, #2870, .F. ) ;
#904 = CARTESIAN_POINT ( 'NONE',  ( -0.2996962431193867515, 0.09187757358342681091, -1.172738655037171895 ) ) ;
#905 =( BOUNDED_CURVE ( )  B_SPLINE_CURVE ( 3, ( #1970, #64, #5728, #3930 ),
 .UNSPECIFIED., .F., .F. ) 
 B_SPLINE_CURVE_WITH_KNOTS ( ( 4, 4 ),
 ( 5.091398001080640334, 5.387520513321721438 ),
 .UNSPECIFIED. ) 
 CURVE ( )  GEOMETRIC_REPRESENTATION_ITEM ( )  RATIONAL_B_SPLINE_CURVE ( ( 1.000000000000000000, 0.9927059611727555577, 0.9927059611727555577, 1.000000000000000000 ) ) 
 REPRESENTATION_ITEM ( '' )  );
#906 = VECTOR ( 'NONE', #3213, 39.37007874015748143 ) ;
#907 = VECTOR ( 'NONE', #3991, 39.37007874015748143 ) ;
#908 = CARTESIAN_POINT ( 'NONE',  ( 0.6931955692965203752, 0.3750335298391699324, -1.460354975132361233 ) ) ;
#909 = ORIENTED_EDGE ( 'NONE', *, *, #5015, .F. ) ;
#910 = CARTESIAN_POINT ( 'NONE',  ( 0.4633988693071609544, 0.1882826091399259771, -0.09618021205288251885 ) ) ;
#911 = CARTESIAN_POINT ( 'NONE',  ( -0.2071067811865479613, -0.5000000000000000000, 0.000000000000000000 ) ) ;
#912 = VECTOR ( 'NONE', #4632, 39.37007874015748854 ) ;
#913 = CARTESIAN_POINT ( 'NONE',  ( -0.4673192245827135216, 0.3697097856054827325, -0.1249999999999999861 ) ) ;
#914 = VERTEX_POINT ( 'NONE', #2457 ) ;
#915 = LINE ( 'NONE', #2215, #4199 ) ;
#916 = CARTESIAN_POINT ( 'NONE',  ( -0.5199265109473560909, 0.3022088300667186145, -0.1412097098256076821 ) ) ;
#917 = EDGE_CURVE ( 'NONE', #540, #5818, #4650, .T. ) ;
#918 = ORIENTED_EDGE ( 'NONE', *, *, #3894, .F. ) ;
#919 = DIRECTION ( 'NONE',  ( 0.8333333333333334814, 0.5527707983925663759, 0.000000000000000000 ) ) ;
#920 = EDGE_LOOP ( 'NONE', ( #1737, #6320, #6274, #4821 ) ) ;
#921 = B_SPLINE_CURVE_WITH_KNOTS ( 'NONE', 3,
 ( #6319, #3364, #3782, #499, #2855, #401, #1891, #5308 ),
 .UNSPECIFIED., .F., .F.,
 ( 4, 2, 2, 4 ),
 ( 0.000000000000000000, 0.0007460657631190526157, 0.001492131526238105231, 0.002984263052476208294 ),
 .UNSPECIFIED. ) ;
#922 = CARTESIAN_POINT ( 'NONE',  ( 0.8082233602167162578, 0.5000000000000000000, -1.141155855443755307 ) ) ;
#923 = CARTESIAN_POINT ( 'NONE',  ( 0.3695002029321565740, -0.1199778267619431432, -0.4083100851436047285 ) ) ;
#924 = PLANE ( 'NONE',  #5016 ) ;
#925 = EDGE_CURVE ( 'NONE', #2384, #4420, #4417, .T. ) ;
#926 = AXIS2_PLACEMENT_3D ( 'NONE', #1394, #1740, #4271 ) ;
#927 = PERSON_AND_ORGANIZATION ( #2345, #4764 ) ;
#928 = AXIS2_PLACEMENT_3D ( 'NONE', #5813, #4939, #4867 ) ;
#929 = DIRECTION ( 'NONE',  ( 1.000000000000000000, 0.000000000000000000, 0.000000000000000000 ) ) ;
#930 = CARTESIAN_POINT ( 'NONE',  ( -0.5235282395443864312, -0.3148069358562003428, -0.1442359922553231866 ) ) ;
#931 = CARTESIAN_POINT ( 'NONE',  ( -0.4930970939108814677, 0.2552640238571671771, -0.1213820790735764682 ) ) ;
#932 = CARTESIAN_POINT ( 'NONE',  ( 0.01568063269214872366, 0.1932701237511336156, -0.2501828289366425095 ) ) ;
#933 = ADVANCED_FACE ( 'NONE', ( #4512, #3408 ), #5878, .F. ) ;
#934 = DIRECTION ( 'NONE',  ( 1.000000000000000000, 0.000000000000000000, -3.663353113774463059E-16 ) ) ;
#935 = ORIENTED_EDGE ( 'NONE', *, *, #3600, .T. ) ;
#936 = CARTESIAN_POINT ( 'NONE',  ( 0.09699278539137380639, 0.2416725194501664065, -1.513204789985268084 ) ) ;
#937 = DIRECTION ( 'NONE',  ( 0.000000000000000000, -1.000000000000000000, 0.000000000000000000 ) ) ;
#938 = CARTESIAN_POINT ( 'NONE',  ( -0.4616792322724402875, 0.1928727215716963539, -0.04025228862324168461 ) ) ;
#939 = CARTESIAN_POINT ( 'NONE',  ( 0.7456360274182892711, 0.3538352196596380450, -1.383503397834995763 ) ) ;
#940 = ORIENTED_EDGE ( 'NONE', *, *, #4475, .F. ) ;
#941 = CARTESIAN_POINT ( 'NONE',  ( 0.1138288467268330773, 0.3512916779697539127, -0.2628556084326747477 ) ) ;
#942 = CARTESIAN_POINT ( 'NONE',  ( 0.4640639265841039474, 0.5000000000000000000, -0.1250000000000000000 ) ) ;
#943 = CARTESIAN_POINT ( 'NONE',  ( 0.1070589078570859110, 0.2580542814619061764, -1.258643070565536037 ) ) ;
#944 = LINE ( 'NONE', #2882, #1609 ) ;
#945 = CARTESIAN_POINT ( 'NONE',  ( 0.2633356827404484402, 0.03735665058785021808, -1.196757540784493923 ) ) ;
#946 = APPROVAL ( #5907, 'UNSPECIFIED' ) ;
#947 = DIRECTION ( 'NONE',  ( -3.100300561798464228E-16, 0.000000000000000000, -1.000000000000000000 ) ) ;
#948 = ORIENTED_EDGE ( 'NONE', *, *, #6113, .T. ) ;
#949 = VERTEX_POINT ( 'NONE', #65 ) ;
#950 = CARTESIAN_POINT ( 'NONE',  ( 0.8082233602167162578, 0.5000000000000000000, -0.7600000000000056710 ) ) ;
#951 = EDGE_CURVE ( 'NONE', #1168, #341, #5484, .T. ) ;
#952 = CARTESIAN_POINT ( 'NONE',  ( 0.3124999999999998890, -0.2499999999999998890, -1.393655855443755476 ) ) ;
#953 = CARTESIAN_POINT ( 'NONE',  ( -0.4673076331796821026, -0.08032064260932018918, -1.615245365302850677 ) ) ;
#954 = ORIENTED_EDGE ( 'NONE', *, *, #5565, .T. ) ;
#955 = DIRECTION ( 'NONE',  ( 0.000000000000000000, 0.000000000000000000, 1.000000000000000000 ) ) ;
#956 = CARTESIAN_POINT ( 'NONE',  ( -0.3082233602167164799, -0.4085786437626901524, -1.641155855443755307 ) ) ;
#957 = EDGE_CURVE ( 'NONE', #1226, #6231, #1698, .T. ) ;
#958 = LINE ( 'NONE', #3411, #2741 ) ;
#959 = FACE_OUTER_BOUND ( 'NONE', #3607, .T. ) ;
#960 = VERTEX_POINT ( 'NONE', #3471 ) ;
#961 = CARTESIAN_POINT ( 'NONE',  ( -0.2769245235062628430, 0.06565759808748569681, -1.188278488926394205 ) ) ;
#962 = CARTESIAN_POINT ( 'NONE',  ( 0.07573593128806993535, 0.9242640687119286769, -0.1250000000000000000 ) ) ;
#963 = VERTEX_POINT ( 'NONE', #3532 ) ;
#964 = EDGE_CURVE ( 'NONE', #5491, #4880, #2161, .T. ) ;
#965 = DIRECTION ( 'NONE',  ( 0.000000000000000000, 0.000000000000000000, 1.000000000000000000 ) ) ;
#966 = CARTESIAN_POINT ( 'NONE',  ( 0.7717357656601950833, -0.2499999999999998890, -1.328655855443755307 ) ) ;
#967 = ORIENTED_EDGE ( 'NONE', *, *, #5751, .F. ) ;
#968 = CARTESIAN_POINT ( 'NONE',  ( 0.4166666666666666852, 0.2763853991962832990, -0.02500000000000003955 ) ) ;
#969 = CARTESIAN_POINT ( 'NONE',  ( -0.4748490257428214512, 0.3378888418270263871, -0.1235941235222209333 ) ) ;
#970 = CARTESIAN_POINT ( 'NONE',  ( -0.4414420297510234237, -0.2349846866455841954, -0.02936519811662962470 ) ) ;
#971 = CARTESIAN_POINT ( 'NONE',  ( 0.2799215419664387028, 0.07002797041826659685, -1.186330773388994286 ) ) ;
#972 = AXIS2_PLACEMENT_3D ( 'NONE', #4499, #1606, #559 ) ;
#973 = DIRECTION ( 'NONE',  ( 0.000000000000000000, 0.000000000000000000, 1.000000000000000000 ) ) ;
#974 = CARTESIAN_POINT ( 'NONE',  ( -0.5106206509312428699, -0.2643192772299209348, -0.1335051027535468227 ) ) ;
#975 = DIRECTION ( 'NONE',  ( 0.000000000000000000, -0.000000000000000000, 1.000000000000000000 ) ) ;
#976 = ORIENTED_EDGE ( 'NONE', *, *, #6185, .T. ) ;
#977 = CARTESIAN_POINT ( 'NONE',  ( 0.000000000000000000, 0.000000000000000000, -0.02500000000000002220 ) ) ;
#978 = CIRCLE ( 'NONE', #6223, 0.05999999999999990757 ) ;
#979 = VECTOR ( 'NONE', #793, 39.37007874015748854 ) ;
#980 = ORIENTED_EDGE ( 'NONE', *, *, #5591, .T. ) ;
#981 = DIRECTION ( 'NONE',  ( 1.000000000000000000, 2.828921223293636277E-16, -6.829619984160657060E-16 ) ) ;
#982 = CARTESIAN_POINT ( 'NONE',  ( -0.2910533905932736753, 0.2499999999999998890, -1.328655855443755307 ) ) ;
#983 = DIRECTION ( 'NONE',  ( 0.000000000000000000, 0.000000000000000000, 1.000000000000000000 ) ) ;
#984 = ORIENTED_EDGE ( 'NONE', *, *, #2355, .F. ) ;
#985 = PERSON_AND_ORGANIZATION ( #2345, #4764 ) ;
#986 = EDGE_CURVE ( 'NONE', #3839, #724, #2392, .T. ) ;
#987 = CARTESIAN_POINT ( 'NONE',  ( 0.000000000000000000, -0.5000000000000000000, 0.000000000000000000 ) ) ;
#988 = CARTESIAN_POINT ( 'NONE',  ( 0.5000000000000009992, 0.01513783007488726101, -0.07818648294174919411 ) ) ;
#989 = CARTESIAN_POINT ( 'NONE',  ( 0.3535533905932746190, -0.3535533905932729537, 0.000000000000000000 ) ) ;
#990 = DIRECTION ( 'NONE',  ( -0.000000000000000000, -1.000000000000000000, -0.000000000000000000 ) ) ;
#991 = ADVANCED_FACE ( 'NONE', ( #2995 ), #5582, .F. ) ;
#992 = ORIENTED_EDGE ( 'NONE', *, *, #289, .T. ) ;
#993 = CARTESIAN_POINT ( 'NONE',  ( -0.4593641799344763132, 0.08854358998451358764, -0.9824258628578697028 ) ) ;
#994 = CARTESIAN_POINT ( 'NONE',  ( 0.3082233602167161468, -0.4085786437626901524, -1.641155855443755307 ) ) ;
#995 = ORIENTED_EDGE ( 'NONE', *, *, #3155, .T. ) ;
#996 = DIRECTION ( 'NONE',  ( 0.000000000000000000, 0.000000000000000000, -1.000000000000000000 ) ) ;
#997 = DIRECTION ( 'NONE',  ( 7.886165872636006785E-17, 0.5000000000000003331, 0.8660254037844383745 ) ) ;
#998 = ADVANCED_FACE ( 'NONE', ( #4542 ), #3622, .F. ) ;
#999 = EDGE_LOOP ( 'NONE', ( #4003, #4269, #1338, #2612 ) ) ;
#1000 = EDGE_CURVE ( 'NONE', #3776, #2384, #1624, .T. ) ;
#1001 = CARTESIAN_POINT ( 'NONE',  ( 0.4769501093301066197, -0.06737343730092475169, -1.611836667195630568 ) ) ;
#1002 = CARTESIAN_POINT ( 'NONE',  ( -0.4767124604080669181, 0.3273220895676162145, -0.1227225460356057563 ) ) ;
#1003 = CIRCLE ( 'NONE', #4578, 0.09999999999999997780 ) ;
#1004 = CARTESIAN_POINT ( 'NONE',  ( -0.8082233602167164799, 0.2499999999999998890, -1.393655855443755476 ) ) ;
#1005 = CARTESIAN_POINT ( 'NONE',  ( 0.5111461757439763609, -0.1770635602558121580, -0.1337765163338396623 ) ) ;
#1006 = AXIS2_PLACEMENT_3D ( 'NONE', #5040, #1561, #2734 ) ;
#1007 = DIRECTION ( 'NONE',  ( 0.000000000000000000, 0.000000000000000000, 1.000000000000000000 ) ) ;
#1008 = ADVANCED_FACE ( 'NONE', ( #5098 ), #5617, .F. ) ;
#1009 = AXIS2_PLACEMENT_3D ( 'NONE', #2609, #2992, #3021 ) ;
#1010 = ORIENTED_EDGE ( 'NONE', *, *, #1360, .T. ) ;
#1011 = DIRECTION ( 'NONE',  ( 0.000000000000000000, 0.000000000000000000, -1.000000000000000000 ) ) ;
#1012 = ORIENTED_EDGE ( 'NONE', *, *, #1116, .F. ) ;
#1013 = B_SPLINE_CURVE_WITH_KNOTS ( 'NONE', 3,
 ( #1903, #5351, #2421, #5388, #930, #1407 ),
 .UNSPECIFIED., .F., .F.,
 ( 4, 2, 4 ),
 ( 0.000000000000000000, 0.001005070688847792878, 0.002010141377695585756 ),
 .UNSPECIFIED. ) ;
#1014 = ORIENTED_EDGE ( 'NONE', *, *, #4166, .T. ) ;
#1015 = DIRECTION ( 'NONE',  ( 0.000000000000000000, 0.000000000000000000, 1.000000000000000000 ) ) ;
#1016 = PLANE ( 'NONE',  #3992 ) ;
#1017 = CARTESIAN_POINT ( 'NONE',  ( 0.4172561707086216987, -0.1134022508335855023, -0.4665569960342043632 ) ) ;
#1018 = FACE_OUTER_BOUND ( 'NONE', #2601, .T. ) ;
#1019 = EDGE_LOOP ( 'NONE', ( #1442, #782, #1917, #1831, #1045 ) ) ;
#1020 = CARTESIAN_POINT ( 'NONE',  ( 0.3306044960808997568, 0.1107747439484297186, -0.3715248033525361815 ) ) ;
#1021 = CARTESIAN_POINT ( 'NONE',  ( 0.4542579333252519391, -0.2097741746869200841, -0.03508455216554844103 ) ) ;
#1022 = CARTESIAN_POINT ( 'NONE',  ( 0.4992043186644389285, 0.03268969867157289766, -0.1227629792354767019 ) ) ;
#1023 = PLANE ( 'NONE',  #1630 ) ;
#1024 = AXIS2_PLACEMENT_3D ( 'NONE', #1193, #4531, #2632 ) ;
#1025 = FACE_OUTER_BOUND ( 'NONE', #164, .T. ) ;
#1026 = ORIENTED_EDGE ( 'NONE', *, *, #3970, .T. ) ;
#1027 = FACE_OUTER_BOUND ( 'NONE', #3570, .T. ) ;
#1028 = EDGE_CURVE ( 'NONE', #3134, #4100, #3200, .T. ) ;
#1029 = CARTESIAN_POINT ( 'NONE',  ( 0.5527754171394992921, -0.2691620241422835735, -1.577270019476308738 ) ) ;
#1030 = EDGE_LOOP ( 'NONE', ( #3332, #1364, #5462, #3089, #3814 ) ) ;
#1031 = CARTESIAN_POINT ( 'NONE',  ( 0.4359794778910202617, 0.2451953579030689279, -0.1051024779115871249 ) ) ;
#1032 = CARTESIAN_POINT ( 'NONE',  ( -0.4863263954273880918, 0.1199027566326697630, -0.06403794033177399869 ) ) ;
#1033 = DIRECTION ( 'NONE',  ( 0.000000000000000000, 0.000000000000000000, -1.000000000000000000 ) ) ;
#1034 = CARTESIAN_POINT ( 'NONE',  ( 0.4777984767417231549, -0.3169356545511293755, -0.1213857510507521664 ) ) ;
#1035 = EDGE_CURVE ( 'NONE', #3839, #5791, #700, .T. ) ;
#1036 = CARTESIAN_POINT ( 'NONE',  ( 0.06249999999999980571, -0.5000000000000000000, -1.641155855443755307 ) ) ;
#1037 = FACE_OUTER_BOUND ( 'NONE', #6347, .T. ) ;
#1038 = PLANE ( 'NONE',  #1780 ) ;
#1039 = ORIENTED_EDGE ( 'NONE', *, *, #5162, .T. ) ;
#1040 = CARTESIAN_POINT ( 'NONE',  ( 0.4682200722196742104, -0.1754136937944215380, -0.04643260993721699814 ) ) ;
#1041 = VERTEX_POINT ( 'NONE', #4193 ) ;
#1042 = CARTESIAN_POINT ( 'NONE',  ( 0.5103971553117280235, 0.4792893218813448208, -0.1715843476528303713 ) ) ;
#1043 = EDGE_CURVE ( 'NONE', #1269, #5991, #2647, .T. ) ;
#1044 = CARTESIAN_POINT ( 'NONE',  ( 0.5295890070392446081, -0.3803218006416974606, -0.1494588600076265927 ) ) ;
#1045 = ORIENTED_EDGE ( 'NONE', *, *, #1695, .F. ) ;
#1046 = APPLICATION_CONTEXT ( 'configuration controlled 3d designs of mechanical parts and assemblies' ) ;
#1047 = FACE_OUTER_BOUND ( 'NONE', #5510, .T. ) ;
#1048 = CARTESIAN_POINT ( 'NONE',  ( 0.4682200722196722120, 0.1754136937944269226, -0.04643260993721511770 ) ) ;
#1049 = CARTESIAN_POINT ( 'NONE',  ( -0.06250000000000020817, 0.5000000000000000000, -1.591155855443754596 ) ) ;
#1050 = CYLINDRICAL_SURFACE ( 'NONE', #6009, 0.09999999999999996392 ) ;
#1051 = DESIGN_CONTEXT ( 'detailed design', #392, 'design' ) ;
#1052 = ORIENTED_EDGE ( 'NONE', *, *, #676, .F. ) ;
#1053 = CARTESIAN_POINT ( 'NONE',  ( -0.4359794778910098811, 0.2451953579030592412, -0.1051024779115795754 ) ) ;
#1054 = CARTESIAN_POINT ( 'NONE',  ( 0.3082233602167161468, -0.4085786437626901524, -1.141155855443755307 ) ) ;
#1055 = VERTEX_POINT ( 'NONE', #5066 ) ;
#1056 = CARTESIAN_POINT ( 'NONE',  ( -0.1199999999999999956, 0.3125000000000000555, -0.2643186507442511490 ) ) ;
#1057 = CARTESIAN_POINT ( 'NONE',  ( 0.07130609853198932591, 0.4095662368413540144, -1.265068480572300480 ) ) ;
#1058 = ADVANCED_FACE ( 'NONE', ( #4159, #1712 ), #6097, .T. ) ;
#1059 = DIRECTION ( 'NONE',  ( 1.000000000000000000, 0.000000000000000000, 0.000000000000000000 ) ) ;
#1060 = CARTESIAN_POINT ( 'NONE',  ( 0.4110671897363303851, 0.1154024622347232937, -1.062055715453544380 ) ) ;
#1061 = CARTESIAN_POINT ( 'NONE',  ( 0.4617468096773059694, 0.4999999999999998335, -0.1595546381390777202 ) ) ;
#1062 = AXIS2_PLACEMENT_3D ( 'NONE', #3014, #628, #142 ) ;
#1063 =( BOUNDED_SURFACE ( )  B_SPLINE_SURFACE ( 3, 2, ( 
 ( #459, #2820, #4329 ),
 ( #2437, #4392, #1422 ),
 ( #1886, #4267, #3909 ),
 ( #1922, #1482, #5827 ) ),
 .UNSPECIFIED., .F., .F., .F. ) 
 B_SPLINE_SURFACE_WITH_KNOTS ( ( 4, 4 ),
 ( 3, 3 ),
 ( 0.000000000000000000, 0.001932519716716429208 ),
 ( 0.000000000000000000, 1.000000000000000000 ),
 .UNSPECIFIED. ) 
 GEOMETRIC_REPRESENTATION_ITEM ( )  RATIONAL_B_SPLINE_SURFACE ( (
 ( 1.000000000000000000, 0.8758300415810414963, 1.000000000000000000),
 ( 1.000000000000000000, 0.8788422869741187027, 1.000000000000000000),
 ( 1.000000000000000000, 0.8819302843720574492, 1.000000000000000000),
 ( 1.000000000000000000, 0.8850608017200345401, 1.000000000000000000) ) ) 
 REPRESENTATION_ITEM ( '' )  SURFACE ( )  );
#1064 = DIRECTION ( 'NONE',  ( 0.000000000000000000, 0.000000000000000000, -1.000000000000000000 ) ) ;
#1065 = CARTESIAN_POINT ( 'NONE',  ( 0.1140453670722091084, -0.2749772973681329225, -1.398969450153731753 ) ) ;
#1066 = ORIENTED_EDGE ( 'NONE', *, *, #2044, .T. ) ;
#1067 = CARTESIAN_POINT ( 'NONE',  ( -0.5199265109473560909, 0.3022088300667185590, -0.1412097098256076821 ) ) ;
#1068 = ADVANCED_FACE ( 'NONE', ( #3661 ), #1242, .F. ) ;
#1069 = ORIENTED_EDGE ( 'NONE', *, *, #3028, .F. ) ;
#1070 = EDGE_LOOP ( 'NONE', ( #3381, #256 ) ) ;
#1071 = ORIENTED_EDGE ( 'NONE', *, *, #1741, .T. ) ;
#1072 = FACE_OUTER_BOUND ( 'NONE', #5122, .T. ) ;
#1073 = DIRECTION ( 'NONE',  ( -6.829619984160657060E-16, 0.000000000000000000, -1.000000000000000000 ) ) ;
#1074 = CIRCLE ( 'NONE', #6215, 0.06250000000000002776 ) ;
#1075 = B_SPLINE_CURVE_WITH_KNOTS ( 'NONE', 3,
 ( #4189, #1801, #3199, #727, #5647, #3233, #3109, #2673, #5710, #1770, #1202, #5220, #2702, #2278, #4218, #787, #823, #6166, #1267, #274, #2769, #1236, #4734, #5093 ),
 .UNSPECIFIED., .F., .F.,
 ( 4, 2, 2, 2, 2, 2, 2, 2, 2, 2, 2, 4 ),
 ( 0.006718760759223625645, 0.007558051709727220228, 0.007977697184979017087, 0.008397342660230816547, 0.008816988135482612537, 0.009236633610734411998, 0.01007592456123800745, 0.01091521551174160290, 0.01175450646224519835, 0.01217415193749699781, 0.01259379741274879727, 0.01343308836325240140 ),
 .UNSPECIFIED. ) ;
#1076 = CARTESIAN_POINT ( 'NONE',  ( 0.5295890070392618165, -0.3669585729229193349, -0.1494588600076326990 ) ) ;
#1077 = CIRCLE ( 'NONE', #2611, 0.1200000000000000233 ) ;
#1078 = ORIENTED_EDGE ( 'NONE', *, *, #4489, .T. ) ;
#1079 = EDGE_CURVE ( 'NONE', #2327, #4511, #3605, .T. ) ;
#1080 = EDGE_CURVE ( 'NONE', #4843, #1528, #251, .T. ) ;
#1081 = CARTESIAN_POINT ( 'NONE',  ( 0.4166666666666666297, -0.2763853991962832990, -0.02500000000000005690 ) ) ;
#1082 = CIRCLE ( 'NONE', #4664, 0.09999999999999997780 ) ;
#1083 = CARTESIAN_POINT ( 'NONE',  ( -0.5000000000000002220, 0.2104964325533059954, -0.1250000000000001110 ) ) ;
#1084 = CARTESIAN_POINT ( 'NONE',  ( -0.3082233602167164799, 0.4085786437626892087, -1.641155855443755307 ) ) ;
#1085 = ORIENTED_EDGE ( 'NONE', *, *, #3494, .F. ) ;
#1086 = FACE_OUTER_BOUND ( 'NONE', #5044, .T. ) ;
#1087 = VECTOR ( 'NONE', #1402, 39.37007874015748143 ) ;
#1088 = CARTESIAN_POINT ( 'NONE',  ( 0.4777984767417223777, 0.3169356545511288203, -0.1213857510507518334 ) ) ;
#1089 = ORIENTED_EDGE ( 'NONE', *, *, #487, .F. ) ;
#1090 = DIRECTION ( 'NONE',  ( 0.9700234113329824215, -0.2430114842264113062, 0.000000000000000000 ) ) ;
#1091 = CARTESIAN_POINT ( 'NONE',  ( 0.1095634331970495867, 0.3624928094323838224, -1.258118284938777975 ) ) ;
#1092 = CARTESIAN_POINT ( 'NONE',  ( 0.5645834595460026417, 0.2052356915511422963, -1.570442338979001429 ) ) ;
#1093 = FACE_BOUND ( 'NONE', #1929, .T. ) ;
#1094 = FACE_OUTER_BOUND ( 'NONE', #2424, .T. ) ;
#1095 = CARTESIAN_POINT ( 'NONE',  ( 0.7582233602167161024, 0.5000000000000000000, -0.7600000000000056710 ) ) ;
#1096 = LINE ( 'NONE', #5990, #3717 ) ;
#1097 = ORIENTED_EDGE ( 'NONE', *, *, #2007, .F. ) ;
#1098 = CARTESIAN_POINT ( 'NONE',  ( -0.4814766903264787179, 0.06021864397632865212, -0.5915602785542455333 ) ) ;
#1099 = CIRCLE ( 'NONE', #4172, 0.06250000000000002776 ) ;
#1100 = VERTEX_POINT ( 'NONE', #4608 ) ;
#1101 = CARTESIAN_POINT ( 'NONE',  ( 0.5013580795678714841, 0.2755709832907665691, -0.1259175368880787460 ) ) ;
#1102 = EDGE_LOOP ( 'NONE', ( #4863, #4500, #4571, #1907 ) ) ;
#1103 = EDGE_LOOP ( 'NONE', ( #1612, #5150, #4944, #2850, #850 ) ) ;
#1104 = CARTESIAN_POINT ( 'NONE',  ( 0.3775000000000000022, 6.829619984160658046E-17, -1.641155855443755307 ) ) ;
#1105 = VECTOR ( 'NONE', #3419, 39.37007874015748143 ) ;
#1106 = FACE_OUTER_BOUND ( 'NONE', #3905, .T. ) ;
#1107 = EDGE_CURVE ( 'NONE', #4423, #1701, #2583, .T. ) ;
#1108 = VECTOR ( 'NONE', #3696, 39.37007874015748143 ) ;
#1109 = CARTESIAN_POINT ( 'NONE',  ( 0.5103971553117281346, -0.4792893218813452094, -0.1715843476528303158 ) ) ;
#1110 = ORIENTED_EDGE ( 'NONE', *, *, #6153, .F. ) ;
#1111 = CARTESIAN_POINT ( 'NONE',  ( -0.07130829961142222395, -0.2154351060793713857, -1.265068208783555637 ) ) ;
#1112 = DIRECTION ( 'NONE',  ( -1.000000000000000000, 0.000000000000000000, -0.000000000000000000 ) ) ;
#1113 = AXIS2_PLACEMENT_3D ( 'NONE', #4415, #3740, #4938 ) ;
#1114 = PLANE ( 'NONE',  #6171 ) ;
#1115 = CARTESIAN_POINT ( 'NONE',  ( -0.4999970235882306158, 0.01515599798595640424, -0.07818333982700062523 ) ) ;
#1116 = EDGE_CURVE ( 'NONE', #2041, #660, #3818, .T. ) ;
#1117 = LINE ( 'NONE', #4641, #3750 ) ;
#1118 = DIRECTION ( 'NONE',  ( -0.7554113999237332955, -0.000000000000000000, -0.6552508045514064960 ) ) ;
#1119 = ORIENTED_EDGE ( 'NONE', *, *, #1080, .T. ) ;
#1120 = CARTESIAN_POINT ( 'NONE',  ( -0.1169149185646185529, 0.2852425031122066690, -1.404935330073624478 ) ) ;
#1121 = ADVANCED_FACE ( 'NONE', ( #217 ), #4137, .T. ) ;
#1122 = CIRCLE ( 'NONE', #1336, 0.1199999999999999956 ) ;
#1123 = CARTESIAN_POINT ( 'NONE',  ( 0.6340821023593072869, -0.3563217934031099321, -1.520830079152241998 ) ) ;
#1124 = ORIENTED_EDGE ( 'NONE', *, *, #6193, .F. ) ;
#1125 = AXIS2_PLACEMENT_3D ( 'NONE', #1799, #3811, #3329 ) ;
#1126 = CARTESIAN_POINT ( 'NONE',  ( 0.3082233602167161468, -0.09798340257582979773, -1.641155855443755307 ) ) ;
#1127 = CARTESIAN_POINT ( 'NONE',  ( 0.7322315158602842322, 0.1340097944274241115, -1.406290421938823698 ) ) ;
#1128 = CARTESIAN_POINT ( 'NONE',  ( -0.3150000000000000577, 6.829619984160658046E-17, 0.000000000000000000 ) ) ;
#1129 = DIRECTION ( 'NONE',  ( 0.000000000000000000, 1.000000000000000000, 0.000000000000000000 ) ) ;
#1130 = CARTESIAN_POINT ( 'NONE',  ( 0.3270189340712463810, -0.1027756813566453598, -1.453655855443755529 ) ) ;
#1131 = ORIENTED_EDGE ( 'NONE', *, *, #5284, .T. ) ;
#1132 = CARTESIAN_POINT ( 'NONE',  ( -0.07130794719766786471, 0.2154348910649892812, -1.265068252299519358 ) ) ;
#1133 = CYLINDRICAL_SURFACE ( 'NONE', #6083, 0.1199999999999999956 ) ;
#1134 = ORIENTED_EDGE ( 'NONE', *, *, #1723, .T. ) ;
#1135 = CARTESIAN_POINT ( 'NONE',  ( 0.4242640687119292875, 0.4242640687119279552, -0.1250000000000000000 ) ) ;
#1136 = ORIENTED_EDGE ( 'NONE', *, *, #3237, .F. ) ;
#1137 = CC_DESIGN_PERSON_AND_ORGANIZATION_ASSIGNMENT ( #894, #2833, ( #368 ) ) ;
#1138 = ORIENTED_EDGE ( 'NONE', *, *, #289, .F. ) ;
#1139 = FACE_OUTER_BOUND ( 'NONE', #562, .T. ) ;
#1140 = PLANE ( 'NONE',  #2023 ) ;
#1141 = VERTEX_POINT ( 'NONE', #6038 ) ;
#1142 = DIRECTION ( 'NONE',  ( -0.000000000000000000, -1.000000000000000000, -0.000000000000000000 ) ) ;
#1143 = ADVANCED_FACE ( 'NONE', ( #3084 ), #5583, .T. ) ;
#1144 = DIRECTION ( 'NONE',  ( 0.000000000000000000, 0.000000000000000000, 1.000000000000000000 ) ) ;
#1145 = ADVANCED_FACE ( 'NONE', ( #1172 ), #3114, .F. ) ;
#1146 = CARTESIAN_POINT ( 'NONE',  ( -0.6985357351166163742, 0.1027756813566453598, -1.453655855443755307 ) ) ;
#1147 = VERTEX_POINT ( 'NONE', #5806 ) ;
#1148 = CARTESIAN_POINT ( 'NONE',  ( -0.1141047992942595402, 0.2751526740120224801, -1.508266127165399872 ) ) ;
#1149 = B_SPLINE_CURVE_WITH_KNOTS ( 'NONE', 3,
 ( #1550, #3485, #593, #139, #5023, #2540 ),
 .UNSPECIFIED., .F., .F.,
 ( 4, 2, 4 ),
 ( 0.01649691497762649159, 0.01724905537345444717, 0.01800119576928240622 ),
 .UNSPECIFIED. ) ;
#1150 = EDGE_LOOP ( 'NONE', ( #4007, #5869, #5569, #3170, #4113, #3423 ) ) ;
#1151 = CARTESIAN_POINT ( 'NONE',  ( 0.000000000000000000, -0.5000000000000000000, -0.7600000000000001199 ) ) ;
#1152 = CARTESIAN_POINT ( 'NONE',  ( 0.4367719253124502377, -0.2435606584525641105, -0.02777597428623033646 ) ) ;
#1153 = ADVANCED_FACE ( 'NONE', ( #4770 ), #1869, .T. ) ;
#1154 = CARTESIAN_POINT ( 'NONE',  ( 0.6004742954151193191, 0.1664947650530115286, -1.546937790266553980 ) ) ;
#1155 = PLANE ( 'NONE',  #1178 ) ;
#1156 = CARTESIAN_POINT ( 'NONE',  ( 0.5524297919798208945, 0.2693475473665546960, -1.577481673063395373 ) ) ;
#1157 = DIRECTION ( 'NONE',  ( 0.000000000000000000, 0.000000000000000000, 1.000000000000000000 ) ) ;
#1158 = EDGE_LOOP ( 'NONE', ( #3165, #4116, #563, #6125, #5179 ) ) ;
#1159 = CARTESIAN_POINT ( 'NONE',  ( -0.2575000000000000067, 6.829619984160658046E-17, -0.3197798846031684739 ) ) ;
#1160 = CARTESIAN_POINT ( 'NONE',  ( 0.000000000000000000, -0.3124999999999999445, -1.641155855443755307 ) ) ;
#1161 = ORIENTED_EDGE ( 'NONE', *, *, #615, .F. ) ;
#1162 = CARTESIAN_POINT ( 'NONE',  ( 0.5158908204013455956, 0.2871689407400200289, -0.1378367817105890236 ) ) ;
#1163 = ORIENTED_EDGE ( 'NONE', *, *, #4176, .T. ) ;
#1164 = ORIENTED_EDGE ( 'NONE', *, *, #3842, .T. ) ;
#1165 = CARTESIAN_POINT ( 'NONE',  ( 0.4211455928640848723, 0.4361532843187127528, -0.1250000000000000278 ) ) ;
#1166 = CARTESIAN_POINT ( 'NONE',  ( -0.4640639265841039474, -0.4085786437626903189, -0.1250000000000000000 ) ) ;
#1167 = AXIS2_PLACEMENT_3D ( 'NONE', #1371, #4833, #5190 ) ;
#1168 = VERTEX_POINT ( 'NONE', #792 ) ;
#1169 = CARTESIAN_POINT ( 'NONE',  ( -0.4777984767417224332, -0.3169356545511286538, -0.1213857510507518611 ) ) ;
#1170 = CARTESIAN_POINT ( 'NONE',  ( -0.06250000000000020817, 0.4149390062427393278, -1.641155855443755307 ) ) ;
#1171 = CARTESIAN_POINT ( 'NONE',  ( -0.5000000000000000000, 0.2104964325533064118, -0.1250000000000001110 ) ) ;
#1172 = FACE_OUTER_BOUND ( 'NONE', #582, .T. ) ;
#1173 = AXIS2_PLACEMENT_3D ( 'NONE', #1938, #955, #5381 ) ;
#1174 = VECTOR ( 'NONE', #5239, 39.37007874015748143 ) ;
#1175 = DIRECTION ( 'NONE',  ( 1.000000000000000000, 0.000000000000000000, 0.000000000000000000 ) ) ;
#1176 = CARTESIAN_POINT ( 'NONE',  ( 0.4944414788605198119, 0.02747288719126204579, -1.605187541497390180 ) ) ;
#1177 = CARTESIAN_POINT ( 'NONE',  ( -0.1040910828379353475, -0.3727206006298344754, -0.2607156962876681083 ) ) ;
#1178 = AXIS2_PLACEMENT_3D ( 'NONE', #3676, #4136, #4649 ) ;
#1179 = CC_DESIGN_APPROVAL ( #946, ( #368 ) ) ;
#1180 = CARTESIAN_POINT ( 'NONE',  ( -0.5000000000000000000, 0.3316624790355398589, -0.02500000000000005343 ) ) ;
#1181 = ORIENTED_EDGE ( 'NONE', *, *, #3262, .T. ) ;
#1182 = CARTESIAN_POINT ( 'NONE',  ( 0.3919520591349295313, 0.4939650176102937107, -0.1261467606891479298 ) ) ;
#1183 = EDGE_CURVE ( 'NONE', #605, #1766, #2860, .T. ) ;
#1184 = VERTEX_POINT ( 'NONE', #4708 ) ;
#1185 = DIRECTION ( 'NONE',  ( 0.000000000000000000, 0.000000000000000000, -1.000000000000000000 ) ) ;
#1186 = CARTESIAN_POINT ( 'NONE',  ( 0.4958521366979894984, 0.02038702859617553750, -0.6406765544551917824 ) ) ;
#1187 = FACE_OUTER_BOUND ( 'NONE', #2028, .T. ) ;
#1188 = CYLINDRICAL_SURFACE ( 'NONE', #6118, 0.1199999999999999956 ) ;
#1189 = EDGE_CURVE ( 'NONE', #4885, #1369, #862, .T. ) ;
#1190 = ADVANCED_FACE ( 'NONE', ( #3784 ), #4309, .T. ) ;
#1191 = CARTESIAN_POINT ( 'NONE',  ( -0.1064798885978420206, -0.2570194564264263182, -1.393954865656994224 ) ) ;
#1192 = ORIENTED_EDGE ( 'NONE', *, *, #5768, .T. ) ;
#1193 = CARTESIAN_POINT ( 'NONE',  ( 0.4999999999999998335, -0.3316624790355400809, -0.02500000000000004996 ) ) ;
#1194 = CARTESIAN_POINT ( 'NONE',  ( 0.1024390062427393416, -0.2499999999999998890, -1.393655855443755476 ) ) ;
#1195 = ORIENTED_EDGE ( 'NONE', *, *, #964, .F. ) ;
#1196 = CARTESIAN_POINT ( 'NONE',  ( -0.1024390062427392722, 0.2499999999999998890, -1.393655855443755476 ) ) ;
#1197 = ORIENTED_EDGE ( 'NONE', *, *, #1730, .T. ) ;
#1198 = ORIENTED_EDGE ( 'NONE', *, *, #5440, .F. ) ;
#1199 = CARTESIAN_POINT ( 'NONE',  ( 0.5672005552312101573, -0.2013557543697951924, -1.568871918507749097 ) ) ;
#1200 = CARTESIAN_POINT ( 'NONE',  ( 0.4220798208972115217, 0.2682247621439912688, -0.02500000000000004649 ) ) ;
#1201 = EDGE_CURVE ( 'NONE', #4837, #2664, #5314, .T. ) ;
#1202 = CARTESIAN_POINT ( 'NONE',  ( -0.4632438357978796994, 0.08412634478629643642, -1.616535584516929358 ) ) ;
#1203 = AXIS2_PLACEMENT_3D ( 'NONE', #895, #4312, #832 ) ;
#1204 = ORIENTED_EDGE ( 'NONE', *, *, #1967, .F. ) ;
#1205 = DIRECTION ( 'NONE',  ( -0.000000000000000000, -0.000000000000000000, 1.000000000000000000 ) ) ;
#1206 = CARTESIAN_POINT ( 'NONE',  ( 0.06249999999999980571, 0.5000000000000000000, -1.641155855443755307 ) ) ;
#1207 = VECTOR ( 'NONE', #3998, 39.37007874015748143 ) ;
#1208 = VECTOR ( 'NONE', #6204, 39.37007874015748143 ) ;
#1209 = DIRECTION ( 'NONE',  ( 0.000000000000000000, 0.000000000000000000, -1.000000000000000000 ) ) ;
#1210 = CARTESIAN_POINT ( 'NONE',  ( 0.03874078143928288975, -0.4263446258678838530, -0.2514215827147951443 ) ) ;
#1211 = CIRCLE ( 'NONE', #2641, 0.09999999999999996392 ) ;
#1212 = CARTESIAN_POINT ( 'NONE',  ( -0.8082233602167162578, 0.5000000000000000000, -0.7600000000000056710 ) ) ;
#1213 = FACE_BOUND ( 'NONE', #5362, .T. ) ;
#1214 = CARTESIAN_POINT ( 'NONE',  ( 0.06249999999999980571, -0.4149390062427394943, -1.266155855443755529 ) ) ;
#1215 = ORIENTED_EDGE ( 'NONE', *, *, #2130, .F. ) ;
#1216 = CARTESIAN_POINT ( 'NONE',  ( -0.2071067811865481001, 0.5000000000000000000, -0.02500000000000000486 ) ) ;
#1217 = CARTESIAN_POINT ( 'NONE',  ( -0.4975000000000001088, 8.299196143137481106E-17, -0.1250000000000000000 ) ) ;
#1218 = B_SPLINE_CURVE_WITH_KNOTS ( 'NONE', 3,
 ( #3574, #264, #1156, #4588, #5082, #682, #3126, #4106, #6082, #3606, #6119, #3386, #876, #5361, #1323, #2814, #1416, #908, #3354, #5855, #3775, #2268, #6249, #4848, #939, #360, #2400, #1848, #1447, #5331, #6305, #4357, #5298, #426, #4233, #2366 ),
 .UNSPECIFIED., .F., .F.,
 ( 4, 2, 2, 2, 2, 2, 2, 2, 2, 2, 2, 2, 2, 2, 2, 2, 2, 4 ),
 ( 0.01174527505664984574, 0.01248075787130596172, 0.01284849927863401971, 0.01321624068596207943, 0.01395172350061820582, 0.01468720631527433221, 0.01542268912993046207, 0.01615817194458658845, 0.01762913757389885511, 0.01836462038855498496, 0.01910010320321111482, 0.01983558601786724468, 0.02057106883252337107, 0.02093881023985142559, 0.02130655164717948358, 0.02204203446183559262, 0.02277751727649170166, 0.02351300009114781417 ),
 .UNSPECIFIED. ) ;
#1219 = CARTESIAN_POINT ( 'NONE',  ( -0.3082233602167164799, -0.09798340257583003365, -1.641155855443755307 ) ) ;
#1220 = DIRECTION ( 'NONE',  ( 1.000000000000000000, -0.000000000000000000, -9.106159978880878627E-17 ) ) ;
#1221 = EDGE_CURVE ( 'NONE', #4898, #1041, #3300, .T. ) ;
#1222 = FACE_BOUND ( 'NONE', #5394, .T. ) ;
#1223 = CARTESIAN_POINT ( 'NONE',  ( 0.4748198107520196221, 0.07047008593161872836, -0.9463793511714636564 ) ) ;
#1224 = VECTOR ( 'NONE', #3371, 39.37007874015748143 ) ;
#1225 = CARTESIAN_POINT ( 'NONE',  ( -0.4747619168582038474, 0.3383393419071712982, -0.1236264255859132188 ) ) ;
#1226 = VERTEX_POINT ( 'NONE', #858 ) ;
#1227 = CARTESIAN_POINT ( 'NONE',  ( -0.09339317053654504208, 0.2364631802251715431, -1.261427295946717653 ) ) ;
#1228 = CARTESIAN_POINT ( 'NONE',  ( -0.06250000000000006939, -0.2100609937572605612, -1.266155855443755529 ) ) ;
#1229 = ORIENTED_EDGE ( 'NONE', *, *, #5161, .F. ) ;
#1230 = AXIS2_PLACEMENT_3D ( 'NONE', #5074, #5019, #3597 ) ;
#1231 = VERTEX_POINT ( 'NONE', #4222 ) ;
#1232 = EDGE_CURVE ( 'NONE', #6147, #2041, #2872, .T. ) ;
#1233 = ORIENTED_EDGE ( 'NONE', *, *, #6096, .T. ) ;
#1234 = CARTESIAN_POINT ( 'NONE',  ( -0.3125000000000002776, -0.3972243186433543904, -1.453655855443755529 ) ) ;
#1235 = LINE ( 'NONE', #1706, #287 ) ;
#1236 = CARTESIAN_POINT ( 'NONE',  ( -0.3272366502889134665, 0.1095220337731188376, -1.640902732965183519 ) ) ;
#1237 = ORIENTED_EDGE ( 'NONE', *, *, #3402, .T. ) ;
#1238 = CARTESIAN_POINT ( 'NONE',  ( -0.5289035462114636266, -0.3538687797696181137, -0.1488616823044215109 ) ) ;
#1239 = B_SPLINE_CURVE_WITH_KNOTS ( 'NONE', 3,
 ( #1788, #2138, #739, #1186, #2688, #258, #4169, #6149, #574, #4937, #1497, #3961, #3251, #2962, #5237, #1819, #28, #1352, #2779, #3929, #541, #1020, #2486, #1844, #4447, #5263, #1529, #63, #5909, #5727, #2812, #4782, #5418, #3798 ),
 .UNSPECIFIED., .F., .F.,
 ( 4, 2, 2, 2, 2, 2, 2, 2, 2, 2, 2, 2, 2, 2, 2, 2, 4 ),
 ( 0.000000000000000000, 0.0004168781430144207563, 0.0008337562860288415126, 0.001667512572057682808, 0.002501268858086523779, 0.003335025144115364749, 0.004168781430144205720, 0.005002537716173045823, 0.006670050288230725162, 0.008337562860288404501, 0.009171319146317242002, 0.01000507543234607777, 0.01083883171837492047, 0.01125570986138933922, 0.01167258800440375797, 0.01250634429043259895, 0.01334010057646143818 ),
 .UNSPECIFIED. ) ;
#1240 = ORIENTED_EDGE ( 'NONE', *, *, #653, .T. ) ;
#1241 = EDGE_CURVE ( 'NONE', #1449, #1231, #1952, .T. ) ;
#1242 = PLANE ( 'NONE',  #4035 ) ;
#1243 = CARTESIAN_POINT ( 'NONE',  ( -0.4950133575512052908, -0.02462679791038715343, -0.6372143124731434183 ) ) ;
#1244 = CARTESIAN_POINT ( 'NONE',  ( -0.3150000000000000577, 6.829619984160658046E-17, -0.1250000000000000000 ) ) ;
#1245 = CARTESIAN_POINT ( 'NONE',  ( -0.4427484659287584945, -0.4225456165064890857, -0.1250000000000000000 ) ) ;
#1246 = CARTESIAN_POINT ( 'NONE',  ( 0.3082233602167161468, 0.4085786437626901524, -1.141155855443755307 ) ) ;
#1247 = CARTESIAN_POINT ( 'NONE',  ( -0.06250000000000022204, 0.2499999999999998890, -1.453655855443755307 ) ) ;
#1248 = DIRECTION ( 'NONE',  ( -7.886165872636009250E-17, -0.4999999999999998335, -0.8660254037844388186 ) ) ;
#1249 = ORIENTED_EDGE ( 'NONE', *, *, #5645, .F. ) ;
#1250 = DIRECTION ( 'NONE',  ( 1.000000000000000000, 0.000000000000000000, 0.000000000000000000 ) ) ;
#1251 = CARTESIAN_POINT ( 'NONE',  ( 0.5000000000000098810, -0.2314495931746158863, -0.1250000000000077438 ) ) ;
#1252 = CARTESIAN_POINT ( 'NONE',  ( -0.4965103365640270994, 0.06092671824354597282, -0.07452044448276343158 ) ) ;
#1253 = CARTESIAN_POINT ( 'NONE',  ( 0.5013914046089064103, 0.3803218006416977381, -0.1249999999999999306 ) ) ;
#1254 = DIRECTION ( 'NONE',  ( -0.000000000000000000, 0.000000000000000000, -1.000000000000000000 ) ) ;
#1255 = CARTESIAN_POINT ( 'NONE',  ( -0.1199674058570533025, -0.3095873213603223539, -1.461761740592775194 ) ) ;
#1256 = EDGE_CURVE ( 'NONE', #4659, #373, #4963, .T. ) ;
#1257 = ORIENTED_EDGE ( 'NONE', *, *, #3137, .T. ) ;
#1258 = CARTESIAN_POINT ( 'NONE',  ( -0.3307763276601031199, -0.1108420599363219294, -1.148326656018350489 ) ) ;
#1259 = PLANE ( 'NONE',  #5305 ) ;
#1260 = DIRECTION ( 'NONE',  ( 0.000000000000000000, 1.000000000000000000, 0.000000000000000000 ) ) ;
#1261 = ORIENTED_EDGE ( 'NONE', *, *, #1268, .F. ) ;
#1262 = ORIENTED_EDGE ( 'NONE', *, *, #4043, .T. ) ;
#1263 = ORIENTED_EDGE ( 'NONE', *, *, #443, .F. ) ;
#1264 = CARTESIAN_POINT ( 'NONE',  ( -0.7727392372327768211, 0.1763878406783225827, -1.326155855443755138 ) ) ;
#1265 = CARTESIAN_POINT ( 'NONE',  ( 0.3993197982237519095, 0.4492083392001054443, -0.1250000000000000000 ) ) ;
#1266 = CARTESIAN_POINT ( 'NONE',  ( -0.5339337773533705533, 0.01818719758314712304, -0.1532548134356807312 ) ) ;
#1267 = CARTESIAN_POINT ( 'NONE',  ( -0.3590624518451061009, 0.1187041524398301517, -1.638594333891446819 ) ) ;
#1268 = EDGE_CURVE ( 'NONE', #4332, #629, #5901, .T. ) ;
#1269 = VERTEX_POINT ( 'NONE', #5972 ) ;
#1270 = ORIENTED_EDGE ( 'NONE', *, *, #4558, .F. ) ;
#1271 = DIRECTION ( 'NONE',  ( 0.000000000000000000, 1.000000000000000000, -0.000000000000000000 ) ) ;
#1272 = AXIS2_PLACEMENT_3D ( 'NONE', #3516, #4015, #654 ) ;
#1273 = EDGE_CURVE ( 'NONE', #6160, #3387, #2335, .T. ) ;
#1274 = EDGE_CURVE ( 'NONE', #4760, #5001, #6360, .T. ) ;
#1275 = CYLINDRICAL_SURFACE ( 'NONE', #156, 0.09999999999999996392 ) ;
#1276 = LINE ( 'NONE', #1306, #1108 ) ;
#1277 = DIRECTION ( 'NONE',  ( -0.000000000000000000, 1.000000000000000000, -0.000000000000000000 ) ) ;
#1278 = CARTESIAN_POINT ( 'NONE',  ( 0.06249999999999980571, 0.2100609937572605612, -1.266155855443755529 ) ) ;
#1279 = VECTOR ( 'NONE', #975, 39.37007874015748143 ) ;
#1280 = LINE ( 'NONE', #2716, #1913 ) ;
#1281 = FACE_OUTER_BOUND ( 'NONE', #4637, .T. ) ;
#1282 = VECTOR ( 'NONE', #997, 39.37007874015748143 ) ;
#1283 = CARTESIAN_POINT ( 'NONE',  ( 0.5103971553117281346, -0.4792893218813448764, -0.1715843476528305100 ) ) ;
#1284 = ORIENTED_EDGE ( 'NONE', *, *, #4768, .T. ) ;
#1285 = CARTESIAN_POINT ( 'NONE',  ( -0.3775000000000000022, 6.829619984160658046E-17, -0.1250000000000000000 ) ) ;
#1286 = CARTESIAN_POINT ( 'NONE',  ( 0.4166666666666666297, -0.2763853991962834655, -0.02500000000000003955 ) ) ;
#1287 = CARTESIAN_POINT ( 'NONE',  ( -0.3764464581010839583, 0.4669725520450975220, -0.1250000000000000000 ) ) ;
#1288 = DIRECTION ( 'NONE',  ( 0.000000000000000000, 0.000000000000000000, 1.000000000000000000 ) ) ;
#1289 = DIRECTION ( 'NONE',  ( -0.000000000000000000, -1.000000000000000000, -0.000000000000000000 ) ) ;
#1290 = CARTESIAN_POINT ( 'NONE',  ( -0.1195234906934511260, -0.3015678100643344184, -1.422719434923770176 ) ) ;
#1291 = ORIENTED_EDGE ( 'NONE', *, *, #3254, .F. ) ;
#1292 = CARTESIAN_POINT ( 'NONE',  ( -0.2894058552085376212, -0.08162842666297158434, -1.179954854060385694 ) ) ;
#1293 = CARTESIAN_POINT ( 'NONE',  ( 0.4974999999999999978, 6.828492400942498038E-17, -1.603945606445599470 ) ) ;
#1294 = LINE ( 'NONE', #781, #4966 ) ;
#1295 = ORIENTED_EDGE ( 'NONE', *, *, #5865, .T. ) ;
#1296 = VERTEX_POINT ( 'NONE', #1461 ) ;
#1297 = ORIENTED_EDGE ( 'NONE', *, *, #3065, .T. ) ;
#1298 = LINE ( 'NONE', #2373, #4182 ) ;
#1299 = FACE_OUTER_BOUND ( 'NONE', #4478, .T. ) ;
#1300 = DIRECTION ( 'NONE',  ( -0.9364401444393469776, 0.3508273875888467952, 1.707404996040163969E-15 ) ) ;
#1301 = EDGE_LOOP ( 'NONE', ( #2899, #3684 ) ) ;
#1302 = ORIENTED_EDGE ( 'NONE', *, *, #1035, .F. ) ;
#1303 = DIRECTION ( 'NONE',  ( 0.000000000000000000, -0.7071067811865493491, -0.7071067811865454633 ) ) ;
#1304 = EDGE_CURVE ( 'NONE', #3119, #1296, #2241, .T. ) ;
#1305 = VECTOR ( 'NONE', #5324, 39.37007874015748143 ) ;
#1306 = CARTESIAN_POINT ( 'NONE',  ( 0.06249999999999986816, -0.4375000000000000000, -1.203113980822090312 ) ) ;
#1307 = CARTESIAN_POINT ( 'NONE',  ( 0.3993197982237513544, -0.4492083392001057218, -0.1250000000000000000 ) ) ;
#1308 = CIRCLE ( 'NONE', #4270, 0.06249999999999995837 ) ;
#1309 = CARTESIAN_POINT ( 'NONE',  ( -0.6985357351166163742, 0.3972243186433544460, -1.453655855443755307 ) ) ;
#1310 = CARTESIAN_POINT ( 'NONE',  ( 0.06249999999999980571, 0.4085786437626901524, -1.541155855443755440 ) ) ;
#1311 = EDGE_CURVE ( 'NONE', #422, #4780, #3771, .T. ) ;
#1312 = CARTESIAN_POINT ( 'NONE',  ( 0.1147712295485574518, -0.3479106085987112573, -1.256919866227378391 ) ) ;
#1313 = VECTOR ( 'NONE', #2929, 39.37007874015748143 ) ;
#1314 = AXIS2_PLACEMENT_3D ( 'NONE', #4996, #55, #4928 ) ;
#1315 = CARTESIAN_POINT ( 'NONE',  ( -0.3307283210671005946, -0.5000000000000000000, -0.1242047542652712916 ) ) ;
#1316 = ORIENTED_EDGE ( 'NONE', *, *, #1742, .T. ) ;
#1317 = CARTESIAN_POINT ( 'NONE',  ( -0.6985357351166163742, -0.1027756813566453598, -1.453655855443755307 ) ) ;
#1318 = CARTESIAN_POINT ( 'NONE',  ( 0.3082233602167161468, -0.4792893218813448208, -1.141155855443755307 ) ) ;
#1319 = CARTESIAN_POINT ( 'NONE',  ( 0.06249999999999980571, 0.5000000000000000000, -1.641155855443755307 ) ) ;
#1320 = CARTESIAN_POINT ( 'NONE',  ( 0.3082233602167161468, 0.5000000000000000000, -1.141155855443755307 ) ) ;
#1321 = ADVANCED_FACE ( 'NONE', ( #3464 ), #2923, .F. ) ;
#1322 = VECTOR ( 'NONE', #6335, 39.37007874015748143 ) ;
#1323 = CARTESIAN_POINT ( 'NONE',  ( 0.6409244988660424136, 0.3594046115675674224, -1.514510340689452450 ) ) ;
#1324 = EDGE_LOOP ( 'NONE', ( #6226, #6065, #5592 ) ) ;
#1325 = CARTESIAN_POINT ( 'NONE',  ( -0.4748124851305639549, -0.07048203637317812520, -0.9463996970292630762 ) ) ;
#1326 = CARTESIAN_POINT ( 'NONE',  ( 0.06249999999999981959, -0.2100609937572604502, -1.408880016195982021 ) ) ;
#1327 = CARTESIAN_POINT ( 'NONE',  ( 0.1192160996751501778, -0.2967210670722547627, -0.2641270285010951513 ) ) ;
#1328 = ORIENTED_EDGE ( 'NONE', *, *, #2076, .F. ) ;
#1329 = VERTEX_POINT ( 'NONE', #5376 ) ;
#1330 = ORIENTED_EDGE ( 'NONE', *, *, #6341, .F. ) ;
#1331 = CARTESIAN_POINT ( 'NONE',  ( 0.3124999999999998890, -0.2499999999999998890, -1.328655855443755307 ) ) ;
#1332 = DIRECTION ( 'NONE',  ( 0.000000000000000000, -0.4999999999999993894, 0.8660254037844390407 ) ) ;
#1333 = AXIS2_PLACEMENT_3D ( 'NONE', #4600, #5644, #1583 ) ;
#1334 = CARTESIAN_POINT ( 'NONE',  ( -0.4930970939108813567, -0.2552640238571664000, -0.1213820790735764404 ) ) ;
#1335 = ORIENTED_EDGE ( 'NONE', *, *, #6153, .T. ) ;
#1336 = AXIS2_PLACEMENT_3D ( 'NONE', #1474, #5819, #1945 ) ;
#1337 = CARTESIAN_POINT ( 'NONE',  ( -0.06250000000000018041, -0.4085786437626901524, -1.541155855443755440 ) ) ;
#1338 = ORIENTED_EDGE ( 'NONE', *, *, #3198, .T. ) ;
#1339 = CARTESIAN_POINT ( 'NONE',  ( 0.4175940155840455748, -0.1138848221189860954, -1.053545956817654172 ) ) ;
#1340 = CYLINDRICAL_SURFACE ( 'NONE', #5702, 0.1200000000000000233 ) ;
#1341 = EDGE_CURVE ( 'NONE', #433, #276, #4606, .T. ) ;
#1342 = CARTESIAN_POINT ( 'NONE',  ( 0.4555969534834461432, 0.3022088300667172267, -0.2177715021015038943 ) ) ;
#1343 = DIRECTION ( 'NONE',  ( 0.000000000000000000, 0.000000000000000000, -1.000000000000000000 ) ) ;
#1344 = DIRECTION ( 'NONE',  ( -0.000000000000000000, 1.000000000000000000, -0.000000000000000000 ) ) ;
#1345 = CARTESIAN_POINT ( 'NONE',  ( 0.1186780724564329564, -0.3330158585416466144, -1.256006723192456764 ) ) ;
#1346 = CARTESIAN_POINT ( 'NONE',  ( -0.5295890070392446081, 0.4085786437626895418, -0.1494588600076266482 ) ) ;
#1347 = DIRECTION ( 'NONE',  ( -0.000000000000000000, 1.000000000000000000, -0.000000000000000000 ) ) ;
#1348 = DIRECTION ( 'NONE',  ( 1.000000000000000000, 0.000000000000000000, -0.000000000000000000 ) ) ;
#1349 = EDGE_CURVE ( 'NONE', #5541, #2199, #409, .T. ) ;
#1350 = ORIENTED_EDGE ( 'NONE', *, *, #1923, .T. ) ;
#1351 = CARTESIAN_POINT ( 'NONE',  ( 0.4242640687119292875, 0.4242640687119279552, -0.02500000000000000486 ) ) ;
#1352 = CARTESIAN_POINT ( 'NONE',  ( 0.3916536739423234215, 0.1199039461763507508, -0.4326448560002755239 ) ) ;
#1353 = CIRCLE ( 'NONE', #3757, 0.5000000000000000000 ) ;
#1354 = FACE_OUTER_BOUND ( 'NONE', #3265, .T. ) ;
#1355 =( BOUNDED_SURFACE ( )  B_SPLINE_SURFACE ( 3, 2, ( 
 ( #6184, #1253, #5110 ),
 ( #3741, #3186, #1662 ),
 ( #2266, #1759, #6214 ),
 ( #4618, #1789, #197 ),
 ( #6114, #3255, #2237 ),
 ( #2757, #1690, #4170 ) ),
 .UNSPECIFIED., .F., .F., .F. ) 
 B_SPLINE_SURFACE_WITH_KNOTS ( ( 4, 2, 4 ),
 ( 3, 3 ),
 ( 0.000000000000000000, 0.001002059535306324247, 0.002004119070612648493 ),
 ( 0.000000000000000000, 1.000000000000000000 ),
 .UNSPECIFIED. ) 
 GEOMETRIC_REPRESENTATION_ITEM ( )  RATIONAL_B_SPLINE_SURFACE ( (
 ( 1.000000000000000000, 0.9368594878432232598, 1.000000000000000000),
 ( 1.000000000000000000, 0.9425516486188750820, 1.000000000000000000),
 ( 1.000000000000000000, 0.9481943243729812343, 1.000000000000000000),
 ( 1.000000000000000000, 0.9592229369859982535, 1.000000000000000000),
 ( 1.000000000000000000, 0.9646124974352948689, 1.000000000000000000),
 ( 1.000000000000000000, 0.9697339845682843018, 1.000000000000000000) ) ) 
 REPRESENTATION_ITEM ( '' )  SURFACE ( )  );
#1356 = AXIS2_PLACEMENT_3D ( 'NONE', #4560, #171, #425 ) ;
#1357 = DIRECTION ( 'NONE',  ( 0.000000000000000000, 0.000000000000000000, 1.000000000000000000 ) ) ;
#1358 = ADVANCED_FACE ( 'NONE', ( #5448 ), #1016, .F. ) ;
#1359 = ORIENTED_EDGE ( 'NONE', *, *, #4093, .F. ) ;
#1360 = EDGE_CURVE ( 'NONE', #1427, #3119, #2416, .T. ) ;
#1361 = DIRECTION ( 'NONE',  ( 0.7071067811865435759, 0.7071067811865513475, 0.000000000000000000 ) ) ;
#1362 = LINE ( 'NONE', #818, #2194 ) ;
#1363 = DIRECTION ( 'NONE',  ( 1.000000000000000000, -0.000000000000000000, -0.000000000000000000 ) ) ;
#1364 = ORIENTED_EDGE ( 'NONE', *, *, #5687, .T. ) ;
#1365 = CARTESIAN_POINT ( 'NONE',  ( 0.7643287323962179025, -0.1856572042739789430, -1.346068776851949700 ) ) ;
#1366 = CARTESIAN_POINT ( 'NONE',  ( 0.4427484659287584390, 0.4225456165064891967, -0.1250000000000000000 ) ) ;
#1367 = AXIS2_PLACEMENT_3D ( 'NONE', #1398, #5311, #919 ) ;
#1368 = CARTESIAN_POINT ( 'NONE',  ( 0.7789340383353712260, 0.4792893218813446543, -0.7600000000000056710 ) ) ;
#1369 = VERTEX_POINT ( 'NONE', #2956 ) ;
#1370 = VERTEX_POINT ( 'NONE', #566 ) ;
#1371 = CARTESIAN_POINT ( 'NONE',  ( 0.000000000000000000, 0.4085786437626895418, -0.7600000000000001199 ) ) ;
#1372 = DIRECTION ( 'NONE',  ( 0.000000000000000000, 0.000000000000000000, 1.000000000000000000 ) ) ;
#1373 = LENGTH_MEASURE_WITH_UNIT ( LENGTH_MEASURE( 0.02539999999999999897 ), #4253 );
#1374 = CARTESIAN_POINT ( 'NONE',  ( -0.4175807801930489505, -0.1139093003211578414, -0.4664161640187778346 ) ) ;
#1375 = LINE ( 'NONE', #834, #3564 ) ;
#1376 = DIRECTION ( 'NONE',  ( -1.000000000000000000, 0.000000000000000000, 0.000000000000000000 ) ) ;
#1377 = AXIS2_PLACEMENT_3D ( 'NONE', #268, #5178, #2111 ) ;
#1378 = CARTESIAN_POINT ( 'NONE',  ( 0.5339432815681531830, -0.03601974945846461024, -0.1532631772016233851 ) ) ;
#1379 = CARTESIAN_POINT ( 'NONE',  ( -0.4895454891964742261, 0.2730304255502453703, -0.1206197306567599742 ) ) ;
#1380 = DIRECTION ( 'NONE',  ( 1.000000000000000000, -6.829619984160660018E-16, 0.000000000000000000 ) ) ;
#1381 = CARTESIAN_POINT ( 'NONE',  ( 0.4942650358051990933, -0.4546695588921588760, -0.1250000000000000278 ) ) ;
#1382 = AXIS2_PLACEMENT_3D ( 'NONE', #3561, #3590, #1144 ) ;
#1383 = ORIENTED_EDGE ( 'NONE', *, *, #5284, .F. ) ;
#1384 = CARTESIAN_POINT ( 'NONE',  ( -0.4958556987851517883, 0.02036837253009959187, -0.8793086539431732573 ) ) ;
#1385 = LINE ( 'NONE', #962, #3940 ) ;
#1386 = EDGE_CURVE ( 'NONE', #4659, #6289, #4929, .T. ) ;
#1387 = CARTESIAN_POINT ( 'NONE',  ( 0.7322315158602841212, -0.3659902055725756109, -1.406290421938823698 ) ) ;
#1388 = ORIENTED_EDGE ( 'NONE', *, *, #339, .F. ) ;
#1389 = CARTESIAN_POINT ( 'NONE',  ( -0.3465015724802472663, -0.1162246157195448298, -1.134362432655059427 ) ) ;
#1390 = DIRECTION ( 'NONE',  ( -1.000000000000000000, -0.000000000000000000, 3.100300561798464228E-16 ) ) ;
#1391 = CARTESIAN_POINT ( 'NONE',  ( 0.09956043439184518451, 0.2447393626178702153, -1.260213760508465564 ) ) ;
#1392 = AXIS2_PLACEMENT_3D ( 'NONE', #5670, #1668, #5571 ) ;
#1393 = ORIENTED_EDGE ( 'NONE', *, *, #5424, .T. ) ;
#1394 = CARTESIAN_POINT ( 'NONE',  ( 0.8082233602167162578, -0.4499999999999997335, -1.641155855443755307 ) ) ;
#1395 = ADVANCED_FACE ( 'NONE', ( #4439 ), #4582, .T. ) ;
#1396 = CARTESIAN_POINT ( 'NONE',  ( -0.5003520559202375706, -0.2265853791917651072, -0.1252772092709268648 ) ) ;
#1397 = VERTEX_POINT ( 'NONE', #1705 ) ;
#1398 = CARTESIAN_POINT ( 'NONE',  ( -0.5000000000000001110, -0.3316624790355397479, -0.02500000000000005343 ) ) ;
#1399 = EDGE_LOOP ( 'NONE', ( #887, #5304 ) ) ;
#1400 = CARTESIAN_POINT ( 'NONE',  ( 0.2893933598887898362, -0.08161413353891244782, -1.179963334328028912 ) ) ;
#1401 = EDGE_CURVE ( 'NONE', #3201, #5047, #726, .T. ) ;
#1402 = DIRECTION ( 'NONE',  ( 1.000000000000000000, -0.000000000000000000, -0.000000000000000000 ) ) ;
#1403 = DIRECTION ( 'NONE',  ( -1.000000000000000000, 0.000000000000000000, -0.000000000000000000 ) ) ;
#1404 = CALENDAR_DATE ( 2026, 25, 3 ) ;
#1405 = CARTESIAN_POINT ( 'NONE',  ( -0.3082233602167163133, 0.4792893218813437106, -1.141155855443755307 ) ) ;
#1406 = CARTESIAN_POINT ( 'NONE',  ( 0.4700671852836363351, -0.3594474359592115253, -0.1247499324974568335 ) ) ;
#1407 = CARTESIAN_POINT ( 'NONE',  ( -0.5199265109473558688, -0.3022088300667170602, -0.1412097098256074323 ) ) ;
#1408 = LINE ( 'NONE', #4349, #1322 ) ;
#1409 = VECTOR ( 'NONE', #1660, 39.37007874015748143 ) ;
#1410 = EDGE_LOOP ( 'NONE', ( #1302, #386, #5906, #1950, #4025, #236 ) ) ;
#1411 = CARTESIAN_POINT ( 'NONE',  ( -0.2575000000000000622, 0.01107808587055068329, -1.200220115396831932 ) ) ;
#1412 = CARTESIAN_POINT ( 'NONE',  ( -0.07189502216928558842, -0.4085786437626901524, -1.641155855443755307 ) ) ;
#1413 = AXIS2_PLACEMENT_3D ( 'NONE', #97, #3197, #5521 ) ;
#1414 = CARTESIAN_POINT ( 'NONE',  ( -0.4633988693071609544, 0.1882826091399259771, -0.09618021205288249109 ) ) ;
#1415 = CIRCLE ( 'NONE', #2836, 0.5000000000000001110 ) ;
#1416 = CARTESIAN_POINT ( 'NONE',  ( 0.6744410126763584756, 0.3725898588433858016, -1.482112377777629719 ) ) ;
#1417 = ORIENTED_EDGE ( 'NONE', *, *, #6309, .F. ) ;
#1418 = CARTESIAN_POINT ( 'NONE',  ( 0.4560797815444525560, 0.2063212712892708578, -0.09649102669418301026 ) ) ;
#1419 = CARTESIAN_POINT ( 'NONE',  ( -0.06250000000000020817, 0.5000000000000000000, -1.641155855443755307 ) ) ;
#1420 = EDGE_CURVE ( 'NONE', #724, #297, #6037, .T. ) ;
#1421 = VECTOR ( 'NONE', #4280, 39.37007874015748854 ) ;
#1422 = CARTESIAN_POINT ( 'NONE',  ( -0.4878245669010924379, 0.4932827572342102229, -0.1705289341866164932 ) ) ;
#1423 = CARTESIAN_POINT ( 'NONE',  ( -0.4220798208972116328, -0.2682247621439913243, -0.02500000000000006037 ) ) ;
#1424 = CARTESIAN_POINT ( 'NONE',  ( 0.06886271923549046325, 0.4108476962608464955, -1.641155855443755307 ) ) ;
#1425 = CARTESIAN_POINT ( 'NONE',  ( 0.06249999999999986816, -0.4375000000000000555, -1.266155855443755529 ) ) ;
#1426 = CARTESIAN_POINT ( 'NONE',  ( 0.5000000000000000000, 0.5000000000000000000, -0.1250000000000000000 ) ) ;
#1427 = VERTEX_POINT ( 'NONE', #2179 ) ;
#1428 = CARTESIAN_POINT ( 'NONE',  ( -0.5017184263959042489, 0.3009708756207568614, -0.1260172896749473526 ) ) ;
#1429 = ADVANCED_FACE ( 'NONE', ( #634, #5062 ), #3651, .T. ) ;
#1430 = VERTEX_POINT ( 'NONE', #181 ) ;
#1431 = DIRECTION ( 'NONE',  ( -1.550150280899233347E-16, 0.8660254037844384856, -0.5000000000000004441 ) ) ;
#1432 = CARTESIAN_POINT ( 'NONE',  ( 0.3073798342235608549, -0.09779893237124533123, -0.3529204505754797161 ) ) ;
#1433 = AXIS2_PLACEMENT_3D ( 'NONE', #5195, #795, #2746 ) ;
#1434 = CARTESIAN_POINT ( 'NONE',  ( -0.4131712519014083540, -0.1150870946508199960, -1.630136875013814990 ) ) ;
#1435 = ORIENTED_EDGE ( 'NONE', *, *, #6036, .T. ) ;
#1436 = APPROVAL_ROLE ( '' ) ;
#1437 = VECTOR ( 'NONE', #2259, 39.37007874015748854 ) ;
#1438 = EDGE_CURVE ( 'NONE', #2274, #433, #3882, .T. ) ;
#1439 = DIRECTION ( 'NONE',  ( -1.000000000000000000, -0.000000000000000000, 3.100300561798464228E-16 ) ) ;
#1440 = CARTESIAN_POINT ( 'NONE',  ( 0.4960010234761068060, 0.06538436568614057476, -0.1202565906696212855 ) ) ;
#1441 = CARTESIAN_POINT ( 'NONE',  ( 0.1199999999999999956, 0.3045432665895753122, -0.2643186507442511490 ) ) ;
#1442 = ORIENTED_EDGE ( 'NONE', *, *, #3720, .F. ) ;
#1443 = CARTESIAN_POINT ( 'NONE',  ( -0.3305308606214834022, 0.1107370080406351875, -1.148534630752406027 ) ) ;
#1444 = DIRECTION ( 'NONE',  ( -0.7071067811865492381, 0.7071067811865457964, 0.000000000000000000 ) ) ;
#1445 = ORIENTED_EDGE ( 'NONE', *, *, #3921, .F. ) ;
#1446 = CARTESIAN_POINT ( 'NONE',  ( -0.4560797815444488368, 0.2063212712892592005, -0.09649102669419341860 ) ) ;
#1447 = CARTESIAN_POINT ( 'NONE',  ( 0.7577868898437447598, 0.3329440570331683724, -1.360024166692230807 ) ) ;
#1448 = B_SPLINE_CURVE_WITH_KNOTS ( 'NONE', 3,
 ( #2217, #3139, #5742, #3687, #5126, #4244, #2252, #4115, #693, #6092, #242, #3169, #4663, #5612, #1676, #2182, #5186, #5155, #6197, #2735, #3617, #4153, #4703, #1707, #306, #5679 ),
 .UNSPECIFIED., .F., .F.,
 ( 4, 2, 2, 2, 2, 2, 2, 2, 2, 2, 2, 2, 4 ),
 ( 0.006615978619776182422, 0.007225346702485728120, 0.007530030743840497066, 0.007834714785195266012, 0.008139398826550035826, 0.008444082867904803905, 0.008748766909259575453, 0.009053450950614345266, 0.009662819033323864076, 0.01027218711603338462, 0.01057687115738815270, 0.01088155519874291904, 0.01149092328145245520 ),
 .UNSPECIFIED. ) ;
#1449 = VERTEX_POINT ( 'NONE', #3616 ) ;
#1450 = CARTESIAN_POINT ( 'NONE',  ( 0.5000000000000001110, 0.3316624790355399699, -0.1250000000000000278 ) ) ;
#1451 = CARTESIAN_POINT ( 'NONE',  ( 0.06249999999999986816, 0.4149390062427395498, -1.266155855443755529 ) ) ;
#1452 = CARTESIAN_POINT ( 'NONE',  ( -0.5027839020811236681, 0.3686319344469764503, -0.1262078651430770249 ) ) ;
#1453 = DIRECTION ( 'NONE',  ( 1.821231995776175725E-16, 0.000000000000000000, 1.000000000000000000 ) ) ;
#1454 = CARTESIAN_POINT ( 'NONE',  ( 0.5158908204013087362, -0.2871689407400350169, -0.1378367817105587700 ) ) ;
#1455 = FACE_BOUND ( 'NONE', #4239, .T. ) ;
#1456 = EDGE_CURVE ( 'NONE', #5743, #5609, #2580, .T. ) ;
#1457 = CARTESIAN_POINT ( 'NONE',  ( -0.5258500058050677994, 0.3276721441071504537, -0.1462322854797467597 ) ) ;
#1458 = ORIENTED_EDGE ( 'NONE', *, *, #719, .T. ) ;
#1459 = ORIENTED_EDGE ( 'NONE', *, *, #6341, .T. ) ;
#1460 = CARTESIAN_POINT ( 'NONE',  ( 0.07130609853198932591, -0.2154337631586460133, -1.265068480572300480 ) ) ;
#1461 = CARTESIAN_POINT ( 'NONE',  ( 0.4640639265841039474, -0.4085786437626903189, -0.1250000000000000000 ) ) ;
#1462 = EDGE_CURVE ( 'NONE', #716, #5652, #2151, .T. ) ;
#1463 = CARTESIAN_POINT ( 'NONE',  ( 0.000000000000000000, -0.3124999999999999445, -1.641155855443755307 ) ) ;
#1464 = CARTESIAN_POINT ( 'NONE',  ( -0.4741201447819320403, -0.07200025431335824178, -1.612871033056975767 ) ) ;
#1465 = DIRECTION ( 'NONE',  ( 0.000000000000000000, 1.000000000000000000, -0.000000000000000000 ) ) ;
#1466 = ORIENTED_EDGE ( 'NONE', *, *, #1221, .F. ) ;
#1467 = APPROVAL_ROLE ( '' ) ;
#1468 = CARTESIAN_POINT ( 'NONE',  ( -0.3540739776788592308, -0.4837259163330029366, -0.1248391628715039697 ) ) ;
#1469 = CARTESIAN_POINT ( 'NONE',  ( 0.5000000000000000000, -0.2104964325533063563, -0.1250000000000000000 ) ) ;
#1470 = ADVANCED_FACE ( 'NONE', ( #1139 ), #3107, .F. ) ;
#1471 = EDGE_CURVE ( 'NONE', #6076, #4016, #5433, .T. ) ;
#1472 = CARTESIAN_POINT ( 'NONE',  ( 0.1161217530964828437, 0.2812275128604665442, -0.2633932469454018932 ) ) ;
#1473 = ORIENTED_EDGE ( 'NONE', *, *, #2267, .F. ) ;
#1474 = CARTESIAN_POINT ( 'NONE',  ( 0.000000000000000000, 0.3125000000000000555, -1.641155855443755307 ) ) ;
#1475 = CARTESIAN_POINT ( 'NONE',  ( -0.3125000000000002776, -0.1763878406783225827, -1.326155855443755360 ) ) ;
#1476 = ORIENTED_EDGE ( 'NONE', *, *, #5399, .F. ) ;
#1477 = DIRECTION ( 'NONE',  ( -0.000000000000000000, -1.000000000000000000, -0.000000000000000000 ) ) ;
#1478 = EDGE_CURVE ( 'NONE', #510, #5221, #4114, .T. ) ;
#1479 = CARTESIAN_POINT ( 'NONE',  ( -0.3307283210670859397, 0.5000000000000000000, -0.1242047542652700010 ) ) ;
#1480 = ORIENTED_EDGE ( 'NONE', *, *, #4247, .F. ) ;
#1481 = CARTESIAN_POINT ( 'NONE',  ( 0.4974999999999999978, 6.828492400942498038E-17, -1.603945606445599470 ) ) ;
#1482 = CARTESIAN_POINT ( 'NONE',  ( -0.4263169177411114674, 0.4943428555382596845, -0.1250000000000000278 ) ) ;
#1483 = CARTESIAN_POINT ( 'NONE',  ( 0.5017184263958381907, -0.3009708756207482017, -0.1260172896749392202 ) ) ;
#1484 = CARTESIAN_POINT ( 'NONE',  ( 0.000000000000000000, 0.000000000000000000, 0.000000000000000000 ) ) ;
#1485 = CYLINDRICAL_SURFACE ( 'NONE', #6107, 0.09999999999999996392 ) ;
#1486 = ORIENTED_EDGE ( 'NONE', *, *, #4287, .F. ) ;
#1487 = LINE ( 'NONE', #2413, #3995 ) ;
#1488 = CIRCLE ( 'NONE', #2808, 0.1200000000000000233 ) ;
#1489 = APPROVAL_PERSON_ORGANIZATION ( #3341, #5222, #1436 ) ;
#1490 = CARTESIAN_POINT ( 'NONE',  ( 0.4400000000000000022, 6.829619984160658046E-17, 0.000000000000000000 ) ) ;
#1491 = VERTEX_POINT ( 'NONE', #4630 ) ;
#1492 = APPROVAL ( #2385, 'UNSPECIFIED' ) ;
#1493 = CARTESIAN_POINT ( 'NONE',  ( 0.06249999999999980571, 0.2100609937572605612, -1.408880016195982021 ) ) ;
#1494 = CARTESIAN_POINT ( 'NONE',  ( 0.4712003871587703285, -0.07520128252284782877, -0.5646383309177673837 ) ) ;
#1495 = CARTESIAN_POINT ( 'NONE',  ( -0.4975000000000002753, -0.005507523361890456250, -1.603945606445600358 ) ) ;
#1496 = ORIENTED_EDGE ( 'NONE', *, *, #282, .T. ) ;
#1497 = CARTESIAN_POINT ( 'NONE',  ( 0.4712023226244814178, 0.07520008497534010072, -0.5646417044926972384 ) ) ;
#1498 = CARTESIAN_POINT ( 'NONE',  ( -0.06250000000000022204, -0.2499999999999998890, -1.453655855443755307 ) ) ;
#1499 = EDGE_CURVE ( 'NONE', #629, #4898, #4537, .T. ) ;
#1500 = CARTESIAN_POINT ( 'NONE',  ( 0.4220798208972116328, -0.2682247621439909913, -0.02500000000000004649 ) ) ;
#1501 = CARTESIAN_POINT ( 'NONE',  ( 0.5332058362849858568, 0.03631654073226910084, -0.1526118365144772393 ) ) ;
#1502 = CARTESIAN_POINT ( 'NONE',  ( -0.06025331094550431116, 0.2084306956727783600, -0.2535295448894930859 ) ) ;
#1503 = CARTESIAN_POINT ( 'NONE',  ( 0.07002012341758684366, 0.2149374885928318490, -1.502460375117778968 ) ) ;
#1504 = EDGE_CURVE ( 'NONE', #6289, #4219, #3081, .T. ) ;
#1505 = CARTESIAN_POINT ( 'NONE',  ( 0.3534671909051134153, -0.4841634781051965541, -0.1248284621942461203 ) ) ;
#1506 = ORIENTED_EDGE ( 'NONE', *, *, #4759, .T. ) ;
#1507 = CARTESIAN_POINT ( 'NONE',  ( 0.3124999999999998890, 0.2499999999999998890, -1.453655855443755307 ) ) ;
#1508 = AXIS2_PLACEMENT_3D ( 'NONE', #2159, #1652, #4122 ) ;
#1509 = CARTESIAN_POINT ( 'NONE',  ( 0.5502848193546797662, -0.2499999999999998890, -1.578655855443755085 ) ) ;
#1510 = ORIENTED_EDGE ( 'NONE', *, *, #5123, .F. ) ;
#1511 = CARTESIAN_POINT ( 'NONE',  ( 0.4914485142003752749, -0.03802395640444145020, -1.606377455906941476 ) ) ;
#1512 = ADVANCED_FACE ( 'NONE', ( #2087 ), #699, .T. ) ;
#1513 = DIRECTION ( 'NONE',  ( 0.7071067811865463515, 0.7071067811865486830, 0.000000000000000000 ) ) ;
#1514 = EDGE_LOOP ( 'NONE', ( #4763, #3631, #2311, #1215 ) ) ;
#1515 = CARTESIAN_POINT ( 'NONE',  ( 0.5028362887288506666, -0.2259269237934472818, -0.1272332982116934075 ) ) ;
#1516 = CARTESIAN_POINT ( 'NONE',  ( -0.4617468096773062469, -0.4999999999999998335, -0.1595546381390781088 ) ) ;
#1517 = CARTESIAN_POINT ( 'NONE',  ( 0.3476013752016735570, 0.5000000000000000000, -0.1257184784168875469 ) ) ;
#1518 = CIRCLE ( 'NONE', #5632, 0.09999999999999999167 ) ;
#1519 = ORIENTED_EDGE ( 'NONE', *, *, #5430, .F. ) ;
#1520 = CARTESIAN_POINT ( 'NONE',  ( -0.5057853806003690389, 0.2413300080305386952, -0.1295847634264376547 ) ) ;
#1521 = CARTESIAN_POINT ( 'NONE',  ( 0.3270189340712463810, 0.1027756813566453598, -1.453655855443755529 ) ) ;
#1522 = ORIENTED_EDGE ( 'NONE', *, *, #2597, .F. ) ;
#1523 = CARTESIAN_POINT ( 'NONE',  ( 0.5028416751200794899, 0.2259559939144623331, -0.1272375394646294844 ) ) ;
#1524 = CARTESIAN_POINT ( 'NONE',  ( -0.06250000000000020817, 0.4085786437626895418, -1.541155855443755440 ) ) ;
#1525 = CIRCLE ( 'NONE', #2646, 0.1875000000000000278 ) ;
#1526 = CYLINDRICAL_SURFACE ( 'NONE', #2325, 0.1199999999999999956 ) ;
#1527 = CARTESIAN_POINT ( 'NONE',  ( -0.3125000000000002776, 0.1763878406783225827, -1.326155855443755360 ) ) ;
#1528 = VERTEX_POINT ( 'NONE', #337 ) ;
#1529 = CARTESIAN_POINT ( 'NONE',  ( 0.2861008107390123900, 0.07792116529940154579, -0.3377911345458052272 ) ) ;
#1530 = CARTESIAN_POINT ( 'NONE',  ( 0.4863354051126064781, 0.1198706232126106885, -0.06404700075927992342 ) ) ;
#1531 = B_SPLINE_CURVE_WITH_KNOTS ( 'NONE', 3,
 ( #5002, #2155, #4026, #666, #5517, #6001, #696, #5128, #1589, #4540, #2676, #1621, #5615, #6133, #4634, #4156, #3657, #3528, #1111, #5036 ),
 .UNSPECIFIED., .F., .F.,
 ( 4, 2, 2, 2, 2, 2, 2, 2, 2, 4 ),
 ( 0.000000000000000000, 0.0007793411935166775269, 0.001558682387033355054, 0.002338023580550032798, 0.003117364774066710108, 0.003896705967583387418, 0.004286376564341726723, 0.004676047161100066463, 0.005455388354616742472, 0.006234729548133418481 ),
 .UNSPECIFIED. ) ;
#1532 = CARTESIAN_POINT ( 'NONE',  ( -0.5332058362849777522, 0.03631654073227379848, -0.1526118365144700784 ) ) ;
#1533 = CIRCLE ( 'NONE', #2651, 0.09999999999999997780 ) ;
#1534 = EDGE_CURVE ( 'NONE', #4898, #2213, #514, .T. ) ;
#1535 = AXIS2_PLACEMENT_3D ( 'NONE', #5638, #627, #5055 ) ;
#1536 = CARTESIAN_POINT ( 'NONE',  ( -0.06250000000000020817, 0.4149390062427393278, -1.640953379406639323 ) ) ;
#1537 = ORIENTED_EDGE ( 'NONE', *, *, #339, .T. ) ;
#1538 = CARTESIAN_POINT ( 'NONE',  ( -0.4271360613294247766, 0.2600890120689025031, -0.02561813966736847456 ) ) ;
#1539 = EDGE_CURVE ( 'NONE', #2878, #2346, #4243, .T. ) ;
#1540 = CARTESIAN_POINT ( 'NONE',  ( 0.7109783040438518720, -0.3742048065504106624, -1.437605507776258174 ) ) ;
#1541 = ORIENTED_EDGE ( 'NONE', *, *, #752, .T. ) ;
#1542 = CARTESIAN_POINT ( 'NONE',  ( -0.09538003136863784648, 0.3857365239074369012, -0.2589787887680924383 ) ) ;
#1543 = DIRECTION ( 'NONE',  ( 0.000000000000000000, 0.000000000000000000, -1.000000000000000000 ) ) ;
#1544 = CARTESIAN_POINT ( 'NONE',  ( 0.6991869083816028008, 0.1247641975669602915, -1.452991461415208629 ) ) ;
#1545 = CARTESIAN_POINT ( 'NONE',  ( 0.2769845148729321305, 0.06575296417664952542, -1.188239915856897921 ) ) ;
#1546 = DIRECTION ( 'NONE',  ( -0.6552508045514064960, 0.000000000000000000, 0.7554113999237332955 ) ) ;
#1547 = ADVANCED_FACE ( 'NONE', ( #3718 ), #6227, .F. ) ;
#1548 = ADVANCED_FACE ( 'NONE', ( #2790 ), #6163, .T. ) ;
#1549 = CARTESIAN_POINT ( 'NONE',  ( -0.07189502216928658762, 0.4085786437626895418, -1.641155855443755307 ) ) ;
#1550 = CARTESIAN_POINT ( 'NONE',  ( 0.1024390062427425058, -0.2499999999999945044, -1.513655855443763132 ) ) ;
#1551 = ORIENTED_EDGE ( 'NONE', *, *, #1504, .F. ) ;
#1552 = CARTESIAN_POINT ( 'NONE',  ( -0.4837900195676471671, 0.2971983319813664703, -0.1204170941220555763 ) ) ;
#1553 = CARTESIAN_POINT ( 'NONE',  ( 0.3307283210671009832, -0.5000000000000000000, -0.1242047542652713471 ) ) ;
#1554 = ORIENTED_EDGE ( 'NONE', *, *, #6024, .T. ) ;
#1555 = ORIENTED_EDGE ( 'NONE', *, *, #3365, .F. ) ;
#1556 = EDGE_LOOP ( 'NONE', ( #6225, #2842, #4873, #4521 ) ) ;
#1557 = CARTESIAN_POINT ( 'NONE',  ( 0.4649256148286634582, 0.5068640092243209549, -0.1694416074901407276 ) ) ;
#1558 = CARTESIAN_POINT ( 'NONE',  ( 0.000000000000000000, 0.3125000000000000555, -0.1250000000000000000 ) ) ;
#1559 = EDGE_LOOP ( 'NONE', ( #1767, #5979, #5899, #6167 ) ) ;
#1560 = CARTESIAN_POINT ( 'NONE',  ( -0.06250000000000020817, -0.4149390062427392167, -1.640953379406639323 ) ) ;
#1561 = DIRECTION ( 'NONE',  ( -0.5527707983925665980, 0.8333333333333333703, 0.000000000000000000 ) ) ;
#1562 = CARTESIAN_POINT ( 'NONE',  ( -0.7582233602167156583, 0.5000000000000000000, -1.141155855443755085 ) ) ;
#1563 = VERTEX_POINT ( 'NONE', #5771 ) ;
#1564 = DIRECTION ( 'NONE',  ( 0.000000000000000000, 0.000000000000000000, -1.000000000000000000 ) ) ;
#1565 = CARTESIAN_POINT ( 'NONE',  ( 0.5645834595460025307, -0.2947643084488574816, -1.570442338979001207 ) ) ;
#1566 = ORIENTED_EDGE ( 'NONE', *, *, #3022, .F. ) ;
#1567 = CARTESIAN_POINT ( 'NONE',  ( -0.1161242275146216335, 0.3437599850945885493, -0.2633938339364981229 ) ) ;
#1568 = CARTESIAN_POINT ( 'NONE',  ( 0.7643727287977398754, 0.1858260915600010998, -1.345970243894597740 ) ) ;
#1569 = ADVANCED_FACE ( 'NONE', ( #4761 ), #3196, .T. ) ;
#1570 = DIRECTION ( 'NONE',  ( 1.000000000000000000, 0.000000000000000000, 0.000000000000000000 ) ) ;
#1571 = CARTESIAN_POINT ( 'NONE',  ( -0.3546668071700112002, -0.1263489773778734560, -1.412825709033127097 ) ) ;
#1572 = DIRECTION ( 'NONE',  ( 0.000000000000000000, 0.000000000000000000, 1.000000000000000000 ) ) ;
#1573 = CARTESIAN_POINT ( 'NONE',  ( 0.1199739099310027091, -0.3099978128336443595, -1.449575225884257135 ) ) ;
#1574 = EDGE_LOOP ( 'NONE', ( #4697, #5130, #856, #4746 ) ) ;
#1575 = CARTESIAN_POINT ( 'NONE',  ( -0.09955423317452272158, 0.3802694287473515344, -1.260214993620883295 ) ) ;
#1576 = AXIS2_PLACEMENT_3D ( 'NONE', #1650, #4670, #6136 ) ;
#1577 = CARTESIAN_POINT ( 'NONE',  ( 0.3540739776788592863, -0.4837259163330032141, -0.1248391628715039836 ) ) ;
#1578 = ORIENTED_EDGE ( 'NONE', *, *, #5483, .F. ) ;
#1579 = CARTESIAN_POINT ( 'NONE',  ( 0.5007076068160523086, 0.2427748956214351994, -0.1255353889107618248 ) ) ;
#1580 = ORIENTED_EDGE ( 'NONE', *, *, #1341, .F. ) ;
#1581 = EDGE_CURVE ( 'NONE', #4064, #3173, #6169, .T. ) ;
#1582 = VERTEX_POINT ( 'NONE', #5676 ) ;
#1583 = DIRECTION ( 'NONE',  ( 1.000000000000000000, 0.000000000000000000, 0.000000000000000000 ) ) ;
#1584 = AXIS2_PLACEMENT_3D ( 'NONE', #5800, #5896, #5834 ) ;
#1585 = LINE ( 'NONE', #1527, #1815 ) ;
#1586 = AXIS2_PLACEMENT_3D ( 'NONE', #2107, #4922, #529 ) ;
#1587 = EDGE_LOOP ( 'NONE', ( #4167, #4221 ) ) ;
#1588 = VECTOR ( 'NONE', #4486, 39.37007874015748143 ) ;
#1589 = CARTESIAN_POINT ( 'NONE',  ( -0.1200022531024749206, -0.3228412499664826130, -1.255680803799902101 ) ) ;
#1590 = CARTESIAN_POINT ( 'NONE',  ( -0.5000000000000001110, -0.2104964325533063563, -0.1250000000000000278 ) ) ;
#1591 = EDGE_CURVE ( 'NONE', #3870, #370, #6115, .T. ) ;
#1592 = DIRECTION ( 'NONE',  ( 0.000000000000000000, 0.000000000000000000, 1.000000000000000000 ) ) ;
#1593 = CARTESIAN_POINT ( 'NONE',  ( -0.5110217748832699414, -0.1774366998102945292, -0.1336785629002125164 ) ) ;
#1594 = CARTESIAN_POINT ( 'NONE',  ( 0.4741201447819320403, 0.07200025431335840831, -1.612871033056976211 ) ) ;
#1595 = CARTESIAN_POINT ( 'NONE',  ( 0.000000000000000000, -0.4375000000000000000, -0.7600000000000001199 ) ) ;
#1596 = ORIENTED_EDGE ( 'NONE', *, *, #3531, .T. ) ;
#1597 = CARTESIAN_POINT ( 'NONE',  ( -0.1186363904967628891, 0.2942194173541294311, -1.412902965648921372 ) ) ;
#1598 = VECTOR ( 'NONE', #4596, 39.37007874015748143 ) ;
#1599 = CARTESIAN_POINT ( 'NONE',  ( -0.4137456375881488069, 0.5000000000000000000, -0.1383811162182516652 ) ) ;
#1600 = EDGE_LOOP ( 'NONE', ( #2933, #3803, #1688, #3848 ) ) ;
#1601 = LINE ( 'NONE', #2532, #284 ) ;
#1602 = CARTESIAN_POINT ( 'NONE',  ( -0.4640639265841039474, 0.5000000000000000000, -0.1250000000000000000 ) ) ;
#1603 = DIRECTION ( 'NONE',  ( -1.000000000000000000, 0.000000000000000000, 3.663353113774463059E-16 ) ) ;
#1604 = SPHERICAL_SURFACE ( 'NONE', #2708, 0.09999999999999997780 ) ;
#1605 = EDGE_CURVE ( 'NONE', #1774, #784, #1769, .T. ) ;
#1606 = DIRECTION ( 'NONE',  ( 0.000000000000000000, 0.000000000000000000, 1.000000000000000000 ) ) ;
#1607 = ORIENTED_EDGE ( 'NONE', *, *, #4612, .T. ) ;
#1608 = CARTESIAN_POINT ( 'NONE',  ( -0.3073432240688360184, 0.09777287460185210555, -0.3528928202438385564 ) ) ;
#1609 = VECTOR ( 'NONE', #4854, 39.37007874015748143 ) ;
#1610 = ORIENTED_EDGE ( 'NONE', *, *, #5998, .F. ) ;
#1611 = CARTESIAN_POINT ( 'NONE',  ( -0.4560797815443726755, -0.2063212712892237011, -0.09649102669414590105 ) ) ;
#1612 = ORIENTED_EDGE ( 'NONE', *, *, #6200, .F. ) ;
#1613 = VERTEX_POINT ( 'NONE', #1827 ) ;
#1614 = CARTESIAN_POINT ( 'NONE',  ( 0.5578016384851742782, -0.2174060446228540389, -1.574416669648698752 ) ) ;
#1615 = CARTESIAN_POINT ( 'NONE',  ( 0.4369008756050765108, 0.2433308249217194519, -0.02781321658021365315 ) ) ;
#1616 = CIRCLE ( 'NONE', #603, 0.05999999999999990757 ) ;
#1617 = VECTOR ( 'NONE', #4231, 39.37007874015748143 ) ;
#1618 = CARTESIAN_POINT ( 'NONE',  ( 0.4990714649972388117, -0.4863104624029839784, -0.1710547988942725806 ) ) ;
#1619 = ADVANCED_FACE ( 'NONE', ( #1299 ), #4826, .F. ) ;
#1620 = ORIENTED_EDGE ( 'NONE', *, *, #2440, .F. ) ;
#1621 = CARTESIAN_POINT ( 'NONE',  ( -0.1147657614232154705, -0.2770718184377283788, -1.256921130648338325 ) ) ;
#1622 = CARTESIAN_POINT ( 'NONE',  ( -0.5013914046089321674, -0.3803218006416863028, -0.1250000000000075773 ) ) ;
#1623 = AXIS2_PLACEMENT_3D ( 'NONE', #4073, #873, #4784 ) ;
#1624 = LINE ( 'NONE', #5039, #4340 ) ;
#1625 = EDGE_CURVE ( 'NONE', #5991, #1582, #371, .T. ) ;
#1626 = CARTESIAN_POINT ( 'NONE',  ( 0.4975000000000001088, 0.005507523361890592425, -1.603945606445599914 ) ) ;
#1627 = FACE_OUTER_BOUND ( 'NONE', #3375, .T. ) ;
#1628 = ORIENTED_EDGE ( 'NONE', *, *, #3022, .T. ) ;
#1629 = CARTESIAN_POINT ( 'NONE',  ( 0.3415972620303015517, 0.5244702343215740248, -0.1273978959403488098 ) ) ;
#1630 = AXIS2_PLACEMENT_3D ( 'NONE', #6275, #2934, #5357 ) ;
#1631 = ORIENTED_EDGE ( 'NONE', *, *, #2158, .F. ) ;
#1632 = CARTESIAN_POINT ( 'NONE',  ( -0.05326785559390553176, 0.4203179051632476293, -0.2527367483916383439 ) ) ;
#1633 = VECTOR ( 'NONE', #1653, 39.37007874015748143 ) ;
#1634 = CARTESIAN_POINT ( 'NONE',  ( 0.6930471959043327246, 0.1249763748794976981, -1.460533773042636430 ) ) ;
#1635 = B_SPLINE_CURVE_WITH_KNOTS ( 'NONE', 3,
 ( #3979, #4524, #6049, #43, #5535, #1568, #650, #5050, #2594, #5929, #553, #1127, #5436, #2104, #5959, #1544, #1634, #3071, #3512, #2974, #4069, #3572, #5564, #1154, #4495, #3095, #2533, #5498, #1092, #4952, #77, #2017, #5464, #2659, #5143, #5729 ),
 .UNSPECIFIED., .F., .F.,
 ( 4, 2, 2, 2, 2, 2, 2, 2, 2, 2, 2, 2, 2, 2, 2, 2, 2, 4 ),
 ( 0.000000000000000000, 0.0007340796910406114555, 0.001468159382081222911, 0.002202239073121834475, 0.002936318764162445822, 0.003670398455203057169, 0.004404478146243668950, 0.005138557837284280297, 0.005872637528324891644, 0.006606717219365502991, 0.007340796910406114338, 0.008808956292487350043, 0.009543035983527976135, 0.01027711567456860223, 0.01064415552008891180, 0.01101119536560922312, 0.01137823521112953443, 0.01174527505664984574 ),
 .UNSPECIFIED. ) ;
#1636 = DIRECTION ( 'NONE',  ( -9.106159978880878627E-17, -0.000000000000000000, -1.000000000000000000 ) ) ;
#1637 = CARTESIAN_POINT ( 'NONE',  ( 0.1198720447370955761, -0.3067286422804218482, -1.433692364598583513 ) ) ;
#1638 = EDGE_LOOP ( 'NONE', ( #4390, #3229 ) ) ;
#1639 = CARTESIAN_POINT ( 'NONE',  ( -0.2589872539777230975, 0.02171915023846737042, -0.3206402382196120726 ) ) ;
#1640 = CARTESIAN_POINT ( 'NONE',  ( 0.1199999999999999956, -0.3124999999999999445, -0.2643186507442511490 ) ) ;
#1641 = ORIENTED_EDGE ( 'NONE', *, *, #4520, .T. ) ;
#1642 = CARTESIAN_POINT ( 'NONE',  ( 0.4901502337058313286, 0.2701631862006424467, -0.1207149103148142250 ) ) ;
#1643 = ORIENTED_EDGE ( 'NONE', *, *, #2195, .F. ) ;
#1644 = EDGE_LOOP ( 'NONE', ( #1631, #3044 ) ) ;
#1645 = CARTESIAN_POINT ( 'NONE',  ( 0.4416152470997392054, 0.5199190173187601127, -0.1683334754517381016 ) ) ;
#1646 = EDGE_CURVE ( 'NONE', #2402, #4248, #4476, .T. ) ;
#1647 = CARTESIAN_POINT ( 'NONE',  ( 0.06249999999999981959, -0.4149390062427394943, -1.640953379406639323 ) ) ;
#1648 = ORIENTED_EDGE ( 'NONE', *, *, #1504, .T. ) ;
#1649 = CARTESIAN_POINT ( 'NONE',  ( -0.4990714649972385897, -0.4863104624029841450, -0.1710547988942727193 ) ) ;
#1650 = CARTESIAN_POINT ( 'NONE',  ( 0.3270189340712462700, -0.3236121593216770842, -1.581155855443755698 ) ) ;
#1651 = EDGE_CURVE ( 'NONE', #2372, #5575, #915, .T. ) ;
#1652 = DIRECTION ( 'NONE',  ( 1.000000000000000000, -0.000000000000000000, -0.000000000000000000 ) ) ;
#1653 = DIRECTION ( 'NONE',  ( -0.000000000000000000, -1.000000000000000000, -0.000000000000000000 ) ) ;
#1654 = ORIENTED_EDGE ( 'NONE', *, *, #5234, .T. ) ;
#1655 = EDGE_CURVE ( 'NONE', #3078, #6315, #6286, .T. ) ;
#1656 = EDGE_CURVE ( 'NONE', #5217, #3951, #5747, .T. ) ;
#1657 = CARTESIAN_POINT ( 'NONE',  ( -0.1199671562004279296, 0.3095754109526669962, -1.445462733972919578 ) ) ;
#1658 = CONICAL_SURFACE ( 'NONE', #2797, 0.4499999999999992895, 0.7853981633974435050 ) ;
#1659 = ORIENTED_EDGE ( 'NONE', *, *, #416, .T. ) ;
#1660 = DIRECTION ( 'NONE',  ( 1.000000000000000000, 1.648816119161493856E-16, -0.000000000000000000 ) ) ;
#1661 = CARTESIAN_POINT ( 'NONE',  ( 0.3993197982237519095, 0.4492083392001054443, -0.1250000000000000000 ) ) ;
#1662 = CARTESIAN_POINT ( 'NONE',  ( 0.5295890070837154795, 0.3670393891371652728, -0.1494588600462010697 ) ) ;
#1663 = ADVANCED_FACE ( 'NONE', ( #2503 ), #1715, .T. ) ;
#1664 = FACE_OUTER_BOUND ( 'NONE', #3660, .T. ) ;
#1665 = CARTESIAN_POINT ( 'NONE',  ( -0.1114746498809659203, -0.2679137607378644370, -1.511047673989323714 ) ) ;
#1666 = ORIENTED_EDGE ( 'NONE', *, *, #3978, .T. ) ;
#1667 = CYLINDRICAL_SURFACE ( 'NONE', #1535, 0.05999999999999990757 ) ;
#1668 = DIRECTION ( 'NONE',  ( 0.000000000000000000, 0.000000000000000000, 1.000000000000000000 ) ) ;
#1669 = ORIENTED_EDGE ( 'NONE', *, *, #957, .T. ) ;
#1670 = CARTESIAN_POINT ( 'NONE',  ( 0.5177893282157666199, 0.2947334022457260838, -0.1394139835859813381 ) ) ;
#1671 = EDGE_LOOP ( 'NONE', ( #3990, #1551, #5876, #4021, #3398, #5086 ) ) ;
#1672 = ORIENTED_EDGE ( 'NONE', *, *, #3237, .T. ) ;
#1673 = CARTESIAN_POINT ( 'NONE',  ( 0.1199999999999999956, -0.3124999999999999445, -1.255681349255749035 ) ) ;
#1674 = CARTESIAN_POINT ( 'NONE',  ( -0.3535533905932744525, 0.3535533905932731757, 0.3826834323650908365 ) ) ;
#1675 = AXIS2_PLACEMENT_3D ( 'NONE', #1710, #789, #309 ) ;
#1676 = CARTESIAN_POINT ( 'NONE',  ( 0.1199739113839723009, 0.3099978825603404986, -1.457737050262542855 ) ) ;
#1677 = ORIENTED_EDGE ( 'NONE', *, *, #3842, .F. ) ;
#1678 = CARTESIAN_POINT ( 'NONE',  ( -0.5038115224019035221, -0.3333658065465958109, -0.1273559938568227246 ) ) ;
#1679 = DIRECTION ( 'NONE',  ( 0.000000000000000000, 0.7071067811865475727, 0.7071067811865475727 ) ) ;
#1680 = AXIS2_PLACEMENT_3D ( 'NONE', #1991, #652, #1064 ) ;
#1681 = CYLINDRICAL_SURFACE ( 'NONE', #3125, 0.1200000000000000233 ) ;
#1682 = EDGE_CURVE ( 'NONE', #6160, #5950, #431, .T. ) ;
#1683 = DIRECTION ( 'NONE',  ( 1.000000000000000000, 0.000000000000000000, 0.000000000000000000 ) ) ;
#1684 = CIRCLE ( 'NONE', #3314, 0.7789340383353708930 ) ;
#1685 = CARTESIAN_POINT ( 'NONE',  ( 0.8082233602167162578, -0.4085786437626903189, -0.7600000000000056710 ) ) ;
#1686 = CARTESIAN_POINT ( 'NONE',  ( -0.1175900542635638785, 0.2883887580107324378, -1.407369160204604785 ) ) ;
#1687 = EDGE_CURVE ( 'NONE', #4100, #435, #2480, .T. ) ;
#1688 = ORIENTED_EDGE ( 'NONE', *, *, #4407, .F. ) ;
#1689 = DIRECTION ( 'NONE',  ( 1.000000000000000000, 0.000000000000000000, 0.000000000000000000 ) ) ;
#1690 = CARTESIAN_POINT ( 'NONE',  ( 0.5016053291289898075, 0.3100390486111967991, -0.1258156929987264971 ) ) ;
#1691 = DIRECTION ( 'NONE',  ( -0.000000000000000000, 1.000000000000000000, -0.000000000000000000 ) ) ;
#1692 = CARTESIAN_POINT ( 'NONE',  ( 0.000000000000000000, -0.4792893218813452094, -0.7600000000000001199 ) ) ;
#1693 = AXIS2_PLACEMENT_3D ( 'NONE', #4861, #3922, #4932 ) ;
#1694 = CARTESIAN_POINT ( 'NONE',  ( -0.1024390062427397163, -0.2499999999999991118, -1.393655855443754366 ) ) ;
#1695 = EDGE_CURVE ( 'NONE', #1231, #1449, #3085, .T. ) ;
#1696 = VERTEX_POINT ( 'NONE', #4497 ) ;
#1697 = CARTESIAN_POINT ( 'NONE',  ( -0.3769737412028869583, 0.1202107443101773782, -0.4163314803450779977 ) ) ;
#1698 = B_SPLINE_CURVE_WITH_KNOTS ( 'NONE', 3,
 ( #1081, #1500, #5944, #1971, #608, #1021, #123, #5385 ),
 .UNSPECIFIED., .F., .F.,
 ( 4, 2, 2, 4 ),
 ( 0.000000000000000000, 0.0007460657631190548925, 0.001492131526238109785, 0.002984263052476214800 ),
 .UNSPECIFIED. ) ;
#1699 = CARTESIAN_POINT ( 'NONE',  ( -0.4416152470997392054, -0.5199190173187600017, -0.1683334754517384069 ) ) ;
#1700 = CARTESIAN_POINT ( 'NONE',  ( 0.3082233602167161468, 0.5000000000000000000, -1.141155855443755307 ) ) ;
#1701 = VERTEX_POINT ( 'NONE', #1128 ) ;
#1702 = LINE ( 'NONE', #3103, #5008 ) ;
#1703 = ORIENTED_EDGE ( 'NONE', *, *, #5591, .F. ) ;
#1704 = ORIENTED_EDGE ( 'NONE', *, *, #5981, .F. ) ;
#1705 = CARTESIAN_POINT ( 'NONE',  ( -0.06250000000000002776, -0.3124999999999999445, 0.000000000000000000 ) ) ;
#1706 = CARTESIAN_POINT ( 'NONE',  ( -0.7582233602167155473, 0.5000000000000000000, -0.7600000000000056710 ) ) ;
#1707 = CARTESIAN_POINT ( 'NONE',  ( 0.1101742756069063744, 0.2643294285559597556, -1.394882803321039866 ) ) ;
#1708 = AXIS2_PLACEMENT_3D ( 'NONE', #702, #1750, #794 ) ;
#1709 = EDGE_LOOP ( 'NONE', ( #6371, #5672, #6033, #60, #1388, #3384, #2542, #3467 ) ) ;
#1710 = CARTESIAN_POINT ( 'NONE',  ( 0.000000000000000000, 0.4085786437626901524, -0.7600000000000001199 ) ) ;
#1711 = ORIENTED_EDGE ( 'NONE', *, *, #4872, .T. ) ;
#1712 = FACE_BOUND ( 'NONE', #3576, .T. ) ;
#1713 = TOROIDAL_SURFACE ( 'NONE', #2534, 0.5999999999999999778, 0.09999999999999997780 ) ;
#1714 = CIRCLE ( 'NONE', #5410, 0.5000000000000000000 ) ;
#1715 =( BOUNDED_SURFACE ( )  B_SPLINE_SURFACE ( 3, 2, ( 
 ( #1986, #5930, #3912 ),
 ( #5337, #4365, #1515 ),
 ( #4330, #3394, #3426 ),
 ( #1889, #3456, #13 ),
 ( #2374, #5437, #3841 ),
 ( #5831, #5960, #1454 ),
 ( #6350, #1483, #2470 ),
 ( #1034, #5893, #463 ) ),
 .UNSPECIFIED., .F., .F., .F. ) 
 B_SPLINE_SURFACE_WITH_KNOTS ( ( 4, 2, 2, 4 ),
 ( 3, 3 ),
 ( -1.934379465265980379E-05, 0.001180946946479370348, 0.001781092317045385350, 0.002381237687611400568 ),
 ( 0.000000000000000000, 1.000000000000000000 ),
 .UNSPECIFIED. ) 
 GEOMETRIC_REPRESENTATION_ITEM ( )  RATIONAL_B_SPLINE_SURFACE ( (
 ( 1.000000000000000000, 1.000000000000000000, 1.000000000000000000),
 ( 1.000000000000000000, 0.9999556122576223061, 1.000000000000000000),
 ( 1.000000000000000000, 0.9985395295696058993, 1.000000000000000000),
 ( 1.000000000000000000, 0.9924507290661304104, 1.000000000000000000),
 ( 1.000000000000000000, 0.9897703678038765052, 1.000000000000000000),
 ( 1.000000000000000000, 0.9821763426609309011, 1.000000000000000000),
 ( 1.000000000000000000, 0.9773660703003362871, 1.000000000000000000),
 ( 1.000000000000000000, 0.9697339845682834136, 1.000000000000000000) ) ) 
 REPRESENTATION_ITEM ( '' )  SURFACE ( )  );
#1716 = FACE_OUTER_BOUND ( 'NONE', #2254, .T. ) ;
#1717 = CARTESIAN_POINT ( 'NONE',  ( -0.3978722531184354927, -0.1184500768805711174, -0.4407603339456692693 ) ) ;
#1718 = CARTESIAN_POINT ( 'NONE',  ( 0.4673076331796821026, 0.08032064260932048061, -1.615245365302850900 ) ) ;
#1719 = CARTESIAN_POINT ( 'NONE',  ( 0.3124999999999998890, -0.2499999999999998890, -1.453655855443755307 ) ) ;
#1720 = DIRECTION ( 'NONE',  ( -1.550150280899231868E-16, 0.8660254037844387076, -0.4999999999999998890 ) ) ;
#1721 = CARTESIAN_POINT ( 'NONE',  ( 0.4777984767417223777, 0.3169356545511288203, -0.1213857510507518334 ) ) ;
#1722 = LINE ( 'NONE', #5167, #5524 ) ;
#1723 = EDGE_CURVE ( 'NONE', #433, #2327, #6117, .T. ) ;
#1724 = ORIENTED_EDGE ( 'NONE', *, *, #3410, .T. ) ;
#1725 = DIRECTION ( 'NONE',  ( 0.000000000000000000, 0.000000000000000000, 1.000000000000000000 ) ) ;
#1726 = CARTESIAN_POINT ( 'NONE',  ( 0.4560797815445263859, -0.2063212712893305045, -0.09649102669419717948 ) ) ;
#1727 = CARTESIAN_POINT ( 'NONE',  ( 0.3974238797262021894, -0.5000000000000001110, -0.1341649091325391174 ) ) ;
#1728 = FACE_OUTER_BOUND ( 'NONE', #3594, .T. ) ;
#1729 = DIRECTION ( 'NONE',  ( -0.5133266039650010715, 0.8581933334987861262, 0.000000000000000000 ) ) ;
#1730 = EDGE_CURVE ( 'NONE', #2527, #4426, #4105, .T. ) ;
#1731 = VECTOR ( 'NONE', #3751, 39.37007874015748143 ) ;
#1732 = CARTESIAN_POINT ( 'NONE',  ( -0.1140796650600048590, -0.2750786114979490438, -1.508298209941671075 ) ) ;
#1733 = AXIS2_PLACEMENT_3D ( 'NONE', #5289, #1343, #349 ) ;
#1734 = ORIENTED_EDGE ( 'NONE', *, *, #2068, .T. ) ;
#1735 = CARTESIAN_POINT ( 'NONE',  ( -0.4958688604988344406, -0.02029199993093338747, -0.8792536667732562261 ) ) ;
#1736 = DIRECTION ( 'NONE',  ( 0.000000000000000000, 0.000000000000000000, -1.000000000000000000 ) ) ;
#1737 = ORIENTED_EDGE ( 'NONE', *, *, #296, .T. ) ;
#1738 = VERTEX_POINT ( 'NONE', #6081 ) ;
#1739 = VERTEX_POINT ( 'NONE', #4044 ) ;
#1740 = DIRECTION ( 'NONE',  ( -0.7071067811865475727, 0.7071067811865475727, 0.000000000000000000 ) ) ;
#1741 = EDGE_CURVE ( 'NONE', #1582, #4893, #4, .T. ) ;
#1742 = EDGE_CURVE ( 'NONE', #3972, #3431, #5598, .T. ) ;
#1743 = CARTESIAN_POINT ( 'NONE',  ( 0.5110217748833260076, -0.1774366998103376891, -0.1336785629002565368 ) ) ;
#1744 = DIRECTION ( 'NONE',  ( 0.000000000000000000, 0.000000000000000000, 1.000000000000000000 ) ) ;
#1745 = ORIENTED_EDGE ( 'NONE', *, *, #3178, .T. ) ;
#1746 = ORIENTED_EDGE ( 'NONE', *, *, #5709, .T. ) ;
#1747 = DIRECTION ( 'NONE',  ( 0.000000000000000000, 0.000000000000000000, 1.000000000000000000 ) ) ;
#1748 = B_SPLINE_CURVE_WITH_KNOTS ( 'NONE', 3,
 ( #557, #5696, #5115, #1225, #4652, #1761 ),
 .UNSPECIFIED., .F., .F.,
 ( 4, 2, 4 ),
 ( 1.734723475976806902E-18, 0.0008249629259221915060, 0.001649925851844381277 ),
 .UNSPECIFIED. ) ;
#1749 = CARTESIAN_POINT ( 'NONE',  ( -0.3155551913258478613, 0.1027756813566453598, -1.453655855443755307 ) ) ;
#1750 = DIRECTION ( 'NONE',  ( -1.000000000000000000, 0.000000000000000000, 9.106159978880878627E-17 ) ) ;
#1751 = CARTESIAN_POINT ( 'NONE',  ( 0.07929638805445973770, -0.4029033456127983359, -0.2561713386714462581 ) ) ;
#1752 = CARTESIAN_POINT ( 'NONE',  ( 0.4946888994777816628, 0.2463480224625371473, -0.1219337194430427235 ) ) ;
#1753 = CARTESIAN_POINT ( 'NONE',  ( -0.3546668071700109781, 0.1263489773778736225, -1.412825709033126653 ) ) ;
#1754 = FACE_OUTER_BOUND ( 'NONE', #2656, .T. ) ;
#1755 = EDGE_LOOP ( 'NONE', ( #99, #3462, #5175, #5680, #4927 ) ) ;
#1756 = DIRECTION ( 'NONE',  ( 0.7071067811865463515, -0.7071067811865486830, -0.000000000000000000 ) ) ;
#1757 = CARTESIAN_POINT ( 'NONE',  ( 0.5000000000000001110, -0.3121068144790691279, -0.1250000000000000278 ) ) ;
#1758 = DIRECTION ( 'NONE',  ( 1.422837496700139188E-16, 0.000000000000000000, 1.000000000000000000 ) ) ;
#1759 = CARTESIAN_POINT ( 'NONE',  ( 0.5035991566204777170, 0.3568500837366313516, -0.1269688897907801373 ) ) ;
#1760 = CYLINDRICAL_SURFACE ( 'NONE', #5599, 0.1200000000000000233 ) ;
#1761 = CARTESIAN_POINT ( 'NONE',  ( -0.4777984767417231549, 0.3169356545511292089, -0.1213857510507521109 ) ) ;
#1762 = ORIENTED_EDGE ( 'NONE', *, *, #2988, .F. ) ;
#1763 = FACE_BOUND ( 'NONE', #2922, .T. ) ;
#1764 = DIRECTION ( 'NONE',  ( -1.000000000000000000, -0.000000000000000000, 3.100300561798464228E-16 ) ) ;
#1765 = ADVANCED_FACE ( 'NONE', ( #4010 ), #3544, .T. ) ;
#1766 = VERTEX_POINT ( 'NONE', #5536 ) ;
#1767 = ORIENTED_EDGE ( 'NONE', *, *, #917, .F. ) ;
#1768 = ORIENTED_EDGE ( 'NONE', *, *, #4631, .F. ) ;
#1769 = LINE ( 'NONE', #5706, #5651 ) ;
#1770 = CARTESIAN_POINT ( 'NONE',  ( -0.4669806395067011562, 0.08013984450205449694, -1.615296332675866475 ) ) ;
#1771 = ORIENTED_EDGE ( 'NONE', *, *, #3476, .F. ) ;
#1772 = CARTESIAN_POINT ( 'NONE',  ( 0.000000000000000000, 0.000000000000000000, -0.1250000000000000000 ) ) ;
#1773 = EDGE_CURVE ( 'NONE', #747, #2697, #5114, .T. ) ;
#1774 = VERTEX_POINT ( 'NONE', #5051 ) ;
#1775 = CARTESIAN_POINT ( 'NONE',  ( 0.4672551768474293432, 0.3699185761126320138, -0.1250000000000426326 ) ) ;
#1776 = DIRECTION ( 'NONE',  ( 1.000000000000000000, 0.000000000000000000, 0.000000000000000000 ) ) ;
#1777 = CARTESIAN_POINT ( 'NONE',  ( -0.4292480853430361565, -0.1089539326075013859, -0.4838296014371054055 ) ) ;
#1778 = ADVANCED_FACE ( 'NONE', ( #713 ), #2198, .F. ) ;
#1779 = DIRECTION ( 'NONE',  ( -1.000000000000000000, 0.000000000000000000, 6.829619984160660610E-15 ) ) ;
#1780 = AXIS2_PLACEMENT_3D ( 'NONE', #1130, #4529, #625 ) ;
#1781 = FACE_OUTER_BOUND ( 'NONE', #5801, .T. ) ;
#1782 = CYLINDRICAL_SURFACE ( 'NONE', #4796, 0.1200000000000000233 ) ;
#1783 = CONICAL_SURFACE ( 'NONE', #155, 0.7582233602167155473, 0.7853981633974428389 ) ;
#1784 = CIRCLE ( 'NONE', #4868, 0.5000000000000000000 ) ;
#1785 = DIRECTION ( 'NONE',  ( 0.000000000000000000, 0.000000000000000000, 1.000000000000000000 ) ) ;
#1786 = VERTEX_POINT ( 'NONE', #2546 ) ;
#1787 = LINE ( 'NONE', #3738, #5405 ) ;
#1788 = CARTESIAN_POINT ( 'NONE',  ( 0.4974999999999999978, 6.829619984160658046E-17, -0.6477781215626839950 ) ) ;
#1789 = CARTESIAN_POINT ( 'NONE',  ( 0.5038115224018702154, 0.3333658065466080789, -0.1273559938568316063 ) ) ;
#1790 = CARTESIAN_POINT ( 'NONE',  ( 0.000000000000000000, 0.000000000000000000, -0.02500000000000002220 ) ) ;
#1791 = VERTEX_POINT ( 'NONE', #3580 ) ;
#1792 = CARTESIAN_POINT ( 'NONE',  ( -0.3227620332396771152, -0.1071693202922870403, -1.154994662101948233 ) ) ;
#1793 = PLANE ( 'NONE',  #902 ) ;
#1794 = CARTESIAN_POINT ( 'NONE',  ( -0.4990714649972385897, 0.4863104624029833678, -0.1710547988942722752 ) ) ;
#1795 = ORIENTED_EDGE ( 'NONE', *, *, #3563, .T. ) ;
#1796 = EDGE_LOOP ( 'NONE', ( #2002, #940, #658, #4797 ) ) ;
#1797 = ORIENTED_EDGE ( 'NONE', *, *, #1079, .F. ) ;
#1798 = CARTESIAN_POINT ( 'NONE',  ( 0.5295890070392446081, 0.3803218006416977937, -0.1494588600076266482 ) ) ;
#1799 = CARTESIAN_POINT ( 'NONE',  ( -0.4640639265841039474, 0.4085786437626895418, -0.2249999999999999778 ) ) ;
#1800 = EDGE_CURVE ( 'NONE', #1168, #16, #6022, .T. ) ;
#1801 = CARTESIAN_POINT ( 'NONE',  ( -0.4975000000000001088, 0.01100777880439015623, -1.603945606445600136 ) ) ;
#1802 = ORIENTED_EDGE ( 'NONE', *, *, #692, .F. ) ;
#1803 = ORIENTED_EDGE ( 'NONE', *, *, #1800, .T. ) ;
#1804 = CARTESIAN_POINT ( 'NONE',  ( 0.4633300752493957342, -0.08407363574988180321, -0.9733582289006305066 ) ) ;
#1805 = ADVANCED_FACE ( 'NONE', ( #4534 ), #5573, .F. ) ;
#1806 = AXIS2_PLACEMENT_3D ( 'NONE', #5048, #165, #648 ) ;
#1807 = DIRECTION ( 'NONE',  ( 1.287805494327243483E-16, -0.7071067811865474617, 0.7071067811865474617 ) ) ;
#1808 = CARTESIAN_POINT ( 'NONE',  ( -0.3767460335790714931, -0.1202092272596621270, -0.4160823501237020938 ) ) ;
#1809 = CARTESIAN_POINT ( 'NONE',  ( 0.3082233602167161468, 0.4792893218813445988, -1.141155855443755307 ) ) ;
#1810 = VECTOR ( 'NONE', #2383, 39.37007874015748143 ) ;
#1811 = CARTESIAN_POINT ( 'NONE',  ( 0.4672551768473756639, -0.3699185761126276839, -0.1250000000000000000 ) ) ;
#1812 = CARTESIAN_POINT ( 'NONE',  ( 0.06249999999999980571, -0.4149390062427394943, -1.266155855443755529 ) ) ;
#1813 = EDGE_CURVE ( 'NONE', #3263, #1696, #6026, .T. ) ;
#1814 = EDGE_CURVE ( 'NONE', #4791, #5181, #3552, .T. ) ;
#1815 = VECTOR ( 'NONE', #3466, 39.37007874015748143 ) ;
#1816 = CARTESIAN_POINT ( 'NONE',  ( 0.4263169177411103017, -0.4943428555382606837, -0.1250000000000000278 ) ) ;
#1817 = ORIENTED_EDGE ( 'NONE', *, *, #3494, .T. ) ;
#1818 = CYLINDRICAL_SURFACE ( 'NONE', #5520, 0.06249999999999995143 ) ;
#1819 = CARTESIAN_POINT ( 'NONE',  ( 0.4292283731048416318, 0.1089664261987152716, -0.4837954393524270813 ) ) ;
#1820 = CARTESIAN_POINT ( 'NONE',  ( 0.000000000000000000, -0.3124999999999999445, -0.1250000000000000000 ) ) ;
#1821 = DIRECTION ( 'NONE',  ( -0.000000000000000000, -0.000000000000000000, 1.000000000000000000 ) ) ;
#1822 = ORIENTED_EDGE ( 'NONE', *, *, #2401, .T. ) ;
#1823 = FACE_BOUND ( 'NONE', #3815, .T. ) ;
#1824 = LINE ( 'NONE', #942, #3110 ) ;
#1825 = DIRECTION ( 'NONE',  ( -1.000000000000000000, -0.000000000000000000, 3.100300561798464228E-16 ) ) ;
#1826 = VERTEX_POINT ( 'NONE', #5543 ) ;
#1827 = CARTESIAN_POINT ( 'NONE',  ( 0.7717357656601950833, 0.2499999999999998890, -1.328655855443755307 ) ) ;
#1828 = CARTESIAN_POINT ( 'NONE',  ( -0.5199265109473556468, -0.3022088300667171157, -0.1412097098256073491 ) ) ;
#1829 = VERTEX_POINT ( 'NONE', #1135 ) ;
#1830 = CIRCLE ( 'NONE', #2239, 0.09999999999999996392 ) ;
#1831 = ORIENTED_EDGE ( 'NONE', *, *, #4683, .T. ) ;
#1832 = CARTESIAN_POINT ( 'NONE',  ( 0.4748176439893885270, -0.07047070309809590205, -0.9463827348259747918 ) ) ;
#1833 = CARTESIAN_POINT ( 'NONE',  ( 0.000000000000000000, 0.3125000000000000555, -0.1250000000000000000 ) ) ;
#1834 = CARTESIAN_POINT ( 'NONE',  ( -0.06250000000000020817, -0.2100609937572606722, -1.641155855443755307 ) ) ;
#1835 = PLANE ( 'NONE',  #4246 ) ;
#1836 = CARTESIAN_POINT ( 'NONE',  ( -0.2716852433991438498, -0.05682942850373945420, -0.3283788880101042307 ) ) ;
#1837 = EDGE_CURVE ( 'NONE', #2171, #2473, #1702, .T. ) ;
#1838 = FACE_OUTER_BOUND ( 'NONE', #3579, .T. ) ;
#1839 = DIRECTION ( 'NONE',  ( 3.100300561798464228E-16, 1.743152798421059074E-32, 1.000000000000000000 ) ) ;
#1840 = CARTESIAN_POINT ( 'NONE',  ( -0.05337395053131539086, 0.2047335677989280123, -0.2527477525929883728 ) ) ;
#1841 = CARTESIAN_POINT ( 'NONE',  ( -0.3535533905932743970, 0.3535533905932732313, 0.000000000000000000 ) ) ;
#1842 = ORIENTED_EDGE ( 'NONE', *, *, #4475, .T. ) ;
#1843 = CARTESIAN_POINT ( 'NONE',  ( -0.4175807801930488949, 0.1139093003211579525, -1.053583835981222183 ) ) ;
#1844 = CARTESIAN_POINT ( 'NONE',  ( 0.3073295078666700708, 0.09776257572104594951, -0.3528826296184753852 ) ) ;
#1845 = ADVANCED_FACE ( 'NONE', ( #176 ), #1998, .T. ) ;
#1846 = EDGE_CURVE ( 'NONE', #1269, #4177, #6317, .T. ) ;
#1847 = DIRECTION ( 'NONE',  ( -0.9700234113329812002, -0.2430114842264164410, 0.000000000000000000 ) ) ;
#1848 = CARTESIAN_POINT ( 'NONE',  ( 0.7562377631156973479, 0.3363739225802958588, -1.363183766348562864 ) ) ;
#1849 = EDGE_LOOP ( 'NONE', ( #3249, #6222, #2144, #1522, #3857 ) ) ;
#1850 = CARTESIAN_POINT ( 'NONE',  ( -0.2647812381246489322, -0.04256140479483416089, -1.195892525666383488 ) ) ;
#1851 = CARTESIAN_POINT ( 'NONE',  ( -0.07931008520886939639, -0.2221017724208714239, -0.2561729050929237861 ) ) ;
#1852 = EDGE_CURVE ( 'NONE', #5668, #370, #2100, .T. ) ;
#1853 = B_SPLINE_CURVE_WITH_KNOTS ( 'NONE', 3,
 ( #9, #5890, #1032, #4949, #1252, #5142, #3599, #2689, #259, #3673, #649, #4682 ),
 .UNSPECIFIED., .F., .F.,
 ( 4, 2, 2, 2, 2, 4 ),
 ( 0.000000000000000000, 0.002308604231026571696, 0.003462906346539856677, 0.004617208462053142524, 0.006925812693079713353, 0.009234416924106285049 ),
 .UNSPECIFIED. ) ;
#1854 = DIRECTION ( 'NONE',  ( -1.000000000000000000, -0.000000000000000000, 3.100300561798464228E-16 ) ) ;
#1855 = EDGE_LOOP ( 'NONE', ( #728, #6044 ) ) ;
#1856 = CARTESIAN_POINT ( 'NONE',  ( -0.5457102019574744389, -0.2499999999999999167, -1.581155855443755476 ) ) ;
#1857 = AXIS2_PLACEMENT_3D ( 'NONE', #6134, #3658, #5649 ) ;
#1858 = LINE ( 'NONE', #2375, #3453 ) ;
#1859 = ORIENTED_EDGE ( 'NONE', *, *, #3683, .F. ) ;
#1860 = CARTESIAN_POINT ( 'NONE',  ( -0.5457102019574745499, -0.3236121593216770842, -1.581155855443755476 ) ) ;
#1861 = VERTEX_POINT ( 'NONE', #2977 ) ;
#1862 = CARTESIAN_POINT ( 'NONE',  ( 0.5000000000000000000, 0.2104964325533063285, -0.1250000000000000000 ) ) ;
#1863 = CARTESIAN_POINT ( 'NONE',  ( 0.3227381706528286154, -0.1071567133893076701, -1.155013990734002904 ) ) ;
#1864 = CARTESIAN_POINT ( 'NONE',  ( 0.2998000706495083101, -0.09196492922357690780, -0.3473366055833243538 ) ) ;
#1865 = CARTESIAN_POINT ( 'NONE',  ( -0.3082233602167163133, 0.5000000000000000000, -1.141155855443755307 ) ) ;
#1866 = CARTESIAN_POINT ( 'NONE',  ( 0.3124999999999998890, -0.2499999999999998890, -1.453655855443755307 ) ) ;
#1867 = CARTESIAN_POINT ( 'NONE',  ( -0.3415972620302844542, 0.5244702343215839058, -0.1273978959403490596 ) ) ;
#1868 = DIRECTION ( 'NONE',  ( -0.000000000000000000, -0.000000000000000000, 1.000000000000000000 ) ) ;
#1869 = TOROIDAL_SURFACE ( 'NONE', #1167, 0.7082233602167162800, 0.09999999999999997780 ) ;
#1870 = CIRCLE ( 'NONE', #1675, 0.8082233602167163689 ) ;
#1871 = CARTESIAN_POINT ( 'NONE',  ( 0.4807198563577169681, -0.3082575795376323313, -0.1207327353361943856 ) ) ;
#1872 = CARTESIAN_POINT ( 'NONE',  ( 0.4640639265841039474, 0.4085786437626901524, -0.2249999999999999778 ) ) ;
#1873 = EDGE_CURVE ( 'NONE', #4960, #2588, #3392, .T. ) ;
#1874 = CARTESIAN_POINT ( 'NONE',  ( 0.000000000000000000, -0.4085786437626903189, -0.7600000000000001199 ) ) ;
#1875 = VECTOR ( 'NONE', #5134, 39.37007874015748143 ) ;
#1876 = ORIENTED_EDGE ( 'NONE', *, *, #3172, .F. ) ;
#1877 = CARTESIAN_POINT ( 'NONE',  ( -0.2797941166727441198, 0.06984980642360702485, -1.186414302988827663 ) ) ;
#1878 = CARTESIAN_POINT ( 'NONE',  ( -0.5057978580990841744, -0.2413936974032844240, -0.1295947554827715786 ) ) ;
#1879 = CARTESIAN_POINT ( 'NONE',  ( -0.4367719253124662249, 0.2435606584525365492, -0.02777597428623533246 ) ) ;
#1880 = VECTOR ( 'NONE', #1636, 39.37007874015748143 ) ;
#1881 = EDGE_CURVE ( 'NONE', #5668, #1786, #5099, .T. ) ;
#1882 = CARTESIAN_POINT ( 'NONE',  ( 0.2574999999999999512, 8.299196143137481106E-17, -1.641155855443755307 ) ) ;
#1883 = ORIENTED_EDGE ( 'NONE', *, *, #5049, .F. ) ;
#1884 = CARTESIAN_POINT ( 'NONE',  ( 0.4480062054965174845, 0.2230428996959009091, -0.09856725513420890039 ) ) ;
#1885 = CARTESIAN_POINT ( 'NONE',  ( -0.4762073702705107991, 0.5000000000000000000, -0.1699752509611382190 ) ) ;
#1886 = CARTESIAN_POINT ( 'NONE',  ( -0.4211455928641408275, 0.4361532843188198894, -0.1250000000000000278 ) ) ;
#1887 = AXIS2_PLACEMENT_3D ( 'NONE', #3192, #2603, #5700 ) ;
#1888 = DIRECTION ( 'NONE',  ( 0.5480721325930240084, -0.8364310715623461956, 0.000000000000000000 ) ) ;
#1889 = CARTESIAN_POINT ( 'NONE',  ( 0.4901502337058420422, -0.2701631862006196871, -0.1207149103148184716 ) ) ;
#1890 = EDGE_CURVE ( 'NONE', #2116, #4843, #528, .T. ) ;
#1891 = CARTESIAN_POINT ( 'NONE',  ( -0.4617482583810936791, 0.1926884747841186851, -0.04031751024721967613 ) ) ;
#1892 = ORIENTED_EDGE ( 'NONE', *, *, #1813, .F. ) ;
#1893 = CARTESIAN_POINT ( 'NONE',  ( 0.3270189340712463810, -0.1763878406783225827, -1.326155855443755582 ) ) ;
#1894 = ORIENTED_EDGE ( 'NONE', *, *, #5789, .F. ) ;
#1895 = CARTESIAN_POINT ( 'NONE',  ( 0.2798752118503106123, -0.06996370872038419619, -1.186361191673658722 ) ) ;
#1896 = AXIS2_PLACEMENT_3D ( 'NONE', #5995, #598, #144 ) ;
#1897 = CARTESIAN_POINT ( 'NONE',  ( 0.3543101134631985172, -0.1179868841441954058, -0.3930115265075771469 ) ) ;
#1898 = CARTESIAN_POINT ( 'NONE',  ( 0.3124999999999998890, 0.2499999999999998890, -1.453655855443755307 ) ) ;
#1899 = EDGE_LOOP ( 'NONE', ( #7, #1010, #1458, #1261, #587, #1968, #3400, #4148, #269, #3435 ) ) ;
#1900 = APPROVAL_STATUS ( 'not_yet_approved' ) ;
#1901 = DIRECTION ( 'NONE',  ( 0.2380987839450431631, 0.9504134974179797579, -0.2000578741504961122 ) ) ;
#1902 = B_SPLINE_CURVE_WITH_KNOTS ( 'NONE', 3,
 ( #1481, #5363, #5300, #1511, #3947, #2434, #3451, #1001, #4391, #4915, #3835, #2911, #5398, #4882, #523, #2369, #8, #3357, #2467, #1951, #5927, #5434, #4427, #2972 ),
 .UNSPECIFIED., .F., .F.,
 ( 4, 2, 2, 2, 2, 2, 2, 2, 2, 2, 2, 4 ),
 ( 0.006718760759223636053, 0.007558051709727238443, 0.007977697184979041373, 0.008397342660230842568, 0.008816988135482645497, 0.009236633610734446692, 0.01007592456123804388, 0.01091521551174164106, 0.01175450646224523651, 0.01217415193749702904, 0.01259379741274882503, 0.01343308836325241701 ),
 .UNSPECIFIED. ) ;
#1903 = CARTESIAN_POINT ( 'NONE',  ( -0.5295890070392446081, -0.3803218006416974606, -0.1494588600076266482 ) ) ;
#1904 = DIRECTION ( 'NONE',  ( -0.000000000000000000, -0.000000000000000000, 1.000000000000000000 ) ) ;
#1905 = CARTESIAN_POINT ( 'NONE',  ( 0.1192163349516554560, 0.2966982445662673662, -0.2641270382423279162 ) ) ;
#1906 = CARTESIAN_POINT ( 'NONE',  ( 0.06249999999999980571, -0.2100609937572604224, -1.641155855443755307 ) ) ;
#1907 = ORIENTED_EDGE ( 'NONE', *, *, #1107, .F. ) ;
#1908 = CARTESIAN_POINT ( 'NONE',  ( -0.4777984767417232659, -0.3169356545511275991, -0.1213857510507518334 ) ) ;
#1909 = CARTESIAN_POINT ( 'NONE',  ( 0.9242640687119282328, 0.07573593128807362684, -0.02500000000000002220 ) ) ;
#1910 = ORIENTED_EDGE ( 'NONE', *, *, #6074, .F. ) ;
#1911 = AXIS2_PLACEMENT_3D ( 'NONE', #1484, #973, #2471 ) ;
#1912 = EDGE_CURVE ( 'NONE', #778, #1100, #2367, .T. ) ;
#1913 = VECTOR ( 'NONE', #3275, 39.37007874015748143 ) ;
#1914 = CARTESIAN_POINT ( 'NONE',  ( -0.4541540480813001102, 0.2100005613198288046, -0.03502025101201792362 ) ) ;
#1915 = AXIS2_PLACEMENT_3D ( 'NONE', #4748, #355, #2295 ) ;
#1916 = DIRECTION ( 'NONE',  ( 1.000000000000000000, 0.000000000000000000, 0.000000000000000000 ) ) ;
#1917 = ORIENTED_EDGE ( 'NONE', *, *, #4406, .T. ) ;
#1918 = CARTESIAN_POINT ( 'NONE',  ( 0.01571230587560576430, 0.4317292539785446137, -0.2501830200259680947 ) ) ;
#1919 = CARTESIAN_POINT ( 'NONE',  ( -0.06250000000000020817, -0.2100609937572606722, -1.641155855443755307 ) ) ;
#1920 = CARTESIAN_POINT ( 'NONE',  ( -0.1040644865168388056, -0.2522378936319549236, -0.2607103174166757187 ) ) ;
#1921 = CIRCLE ( 'NONE', #397, 0.7789340383353712260 ) ;
#1922 = CARTESIAN_POINT ( 'NONE',  ( -0.3993197982237521315, 0.4492083392001050002, -0.1250000000000000278 ) ) ;
#1923 = EDGE_CURVE ( 'NONE', #2199, #5094, #2221, .T. ) ;
#1924 = LINE ( 'NONE', #2438, #694 ) ;
#1925 = CARTESIAN_POINT ( 'NONE',  ( 0.06249999999999980571, 0.4149390062427396053, -1.640953379406639323 ) ) ;
#1926 = CARTESIAN_POINT ( 'NONE',  ( 0.4974999999999999978, 6.829619984160658046E-17, -0.6477781215626839950 ) ) ;
#1927 = CARTESIAN_POINT ( 'NONE',  ( -0.4837900195676229642, -0.2971983319813910618, -0.1204170941220484986 ) ) ;
#1928 = ORIENTED_EDGE ( 'NONE', *, *, #5191, .F. ) ;
#1929 = EDGE_LOOP ( 'NONE', ( #1284, #2705, #5613, #5356, #6356, #4645 ) ) ;
#1930 = EDGE_CURVE ( 'NONE', #3553, #540, #5720, .T. ) ;
#1931 = ADVANCED_FACE ( 'NONE', ( #2948, #1455, #1093 ), #110, .T. ) ;
#1932 = CARTESIAN_POINT ( 'NONE',  ( 0.2690119709949108096, -0.05232107429796468284, -1.193326437131941642 ) ) ;
#1933 = FACE_OUTER_BOUND ( 'NONE', #2623, .T. ) ;
#1934 = DIRECTION ( 'NONE',  ( -1.000000000000000000, 0.000000000000000000, 0.000000000000000000 ) ) ;
#1935 = CIRCLE ( 'NONE', #5438, 0.5099999999999997868 ) ;
#1936 = DIRECTION ( 'NONE',  ( -9.106159978880878627E-17, -0.000000000000000000, -1.000000000000000000 ) ) ;
#1937 = ORIENTED_EDGE ( 'NONE', *, *, #2681, .F. ) ;
#1938 = CARTESIAN_POINT ( 'NONE',  ( 0.000000000000000000, 0.000000000000000000, 0.000000000000000000 ) ) ;
#1939 = AXIS2_PLACEMENT_3D ( 'NONE', #704, #5588, #4256 ) ;
#1940 = DIRECTION ( 'NONE',  ( -1.422837496700139188E-16, 0.000000000000000000, -1.000000000000000000 ) ) ;
#1941 = CARTESIAN_POINT ( 'NONE',  ( -0.3768424737129615898, -0.4666649928256383917, -0.1249999999999999861 ) ) ;
#1942 = CARTESIAN_POINT ( 'NONE',  ( 0.4988569551867533258, -0.2194451571911240351, -0.1240999647139790496 ) ) ;
#1943 = CARTESIAN_POINT ( 'NONE',  ( -0.1199999999999999956, 0.3125000000000000555, -0.2643186507442511490 ) ) ;
#1944 = EDGE_LOOP ( 'NONE', ( #1510, #4185, #2015, #3102 ) ) ;
#1945 = DIRECTION ( 'NONE',  ( 1.000000000000000000, 0.000000000000000000, 0.000000000000000000 ) ) ;
#1946 = LINE ( 'NONE', #6248, #2710 ) ;
#1947 = ORIENTED_EDGE ( 'NONE', *, *, #872, .F. ) ;
#1948 = CARTESIAN_POINT ( 'NONE',  ( -0.5000000000000001110, 0.2314495931746087254, -0.1250000000000000278 ) ) ;
#1949 = CARTESIAN_POINT ( 'NONE',  ( 0.5502848193546799882, -0.2548154569035018802, -1.578655855443755751 ) ) ;
#1950 = ORIENTED_EDGE ( 'NONE', *, *, #5049, .T. ) ;
#1951 = CARTESIAN_POINT ( 'NONE',  ( 0.3482165447527830748, -0.1165036404461537861, -1.639583581667547252 ) ) ;
#1952 = B_SPLINE_CURVE_WITH_KNOTS ( 'NONE', 3,
 ( #5254, #2282, #2798, #2312, #3238, #2772, #4801, #4250, #2829, #1832, #404, #1804, #3756, #5746, #438, #3851, #1339, #3270, #6263, #2348, #2380, #6292, #1863, #4339, #3817, #1400, #3336, #1895, #3890, #1932, #1997, #3019, #3920, #4508 ),
 .UNSPECIFIED., .F., .F.,
 ( 4, 2, 2, 2, 2, 2, 2, 2, 2, 2, 2, 2, 2, 2, 2, 2, 4 ),
 ( 0.000000000000000000, 0.0004168781430144201600, 0.0008337562860288403200, 0.001667512572057679556, 0.002501268858086518575, 0.003335025144115357811, 0.004168781430144197046, 0.005002537716173037149, 0.006670050288230714754, 0.008337562860288394093, 0.009171319146317231594, 0.01000507543234606909, 0.01083883171837490833, 0.01125570986138932882, 0.01167258800440375104, 0.01250634429043259895, 0.01334010057646144512 ),
 .UNSPECIFIED. ) ;
#1953 = ORIENTED_EDGE ( 'NONE', *, *, #338, .T. ) ;
#1954 = CARTESIAN_POINT ( 'NONE',  ( 0.5057979074458757163, -0.2413939435193376559, -0.1295947951644886575 ) ) ;
#1955 = CARTESIAN_POINT ( 'NONE',  ( 0.4503606601897508499, 0.09613260304038685755, -1.000214889743286317 ) ) ;
#1956 = CARTESIAN_POINT ( 'NONE',  ( -0.5011996232779435401, -0.2673004516848584977, -0.1258327260342304577 ) ) ;
#1957 = EDGE_CURVE ( 'NONE', #3201, #5690, #4689, .T. ) ;
#1958 = ORIENTED_EDGE ( 'NONE', *, *, #6165, .F. ) ;
#1959 = CARTESIAN_POINT ( 'NONE',  ( -0.4901502337058004644, 0.2701631862006607654, -0.1207149103147992369 ) ) ;
#1960 = LINE ( 'NONE', #1994, #6099 ) ;
#1961 = DIRECTION ( 'NONE',  ( 1.000000000000000000, -0.000000000000000000, -0.000000000000000000 ) ) ;
#1962 = VERTEX_POINT ( 'NONE', #4366 ) ;
#1963 = VERTEX_POINT ( 'NONE', #1926 ) ;
#1964 = DIRECTION ( 'NONE',  ( 0.000000000000000000, -1.000000000000000000, 0.000000000000000000 ) ) ;
#1965 = CARTESIAN_POINT ( 'NONE',  ( 0.4640639265841039474, -0.4085786437626903189, -0.2249999999999999778 ) ) ;
#1966 = CARTESIAN_POINT ( 'NONE',  ( -0.3808511049307271579, -0.1204525758473539154, -1.635975653608124913 ) ) ;
#1967 = EDGE_CURVE ( 'NONE', #3259, #2857, #4431, .T. ) ;
#1968 = ORIENTED_EDGE ( 'NONE', *, *, #4094, .T. ) ;
#1969 = APPROVAL_ROLE ( '' ) ;
#1970 = CARTESIAN_POINT ( 'NONE',  ( -0.7727392372327768211, -0.3236121593216773062, -1.326155855443755138 ) ) ;
#1971 = CARTESIAN_POINT ( 'NONE',  ( 0.4369008756050772324, -0.2433308249217185359, -0.02781321658021380927 ) ) ;
#1972 = CARTESIAN_POINT ( 'NONE',  ( 0.4946888994777821624, -0.2463480224625380632, -0.1219337194430429316 ) ) ;
#1973 = CARTESIAN_POINT ( 'NONE',  ( 0.000000000000000000, -0.4499999999999997335, -0.7600000000000001199 ) ) ;
#1974 = EDGE_CURVE ( 'NONE', #6194, #1963, #3609, .T. ) ;
#1975 = ORIENTED_EDGE ( 'NONE', *, *, #5821, .T. ) ;
#1976 = CARTESIAN_POINT ( 'NONE',  ( -0.3226568664769772776, 0.1071225987322298873, -1.155082500175337978 ) ) ;
#1977 = CARTESIAN_POINT ( 'NONE',  ( 0.3150000000000000022, 7.595024233627753955E-17, 0.000000000000000000 ) ) ;
#1978 = CIRCLE ( 'NONE', #3598, 0.8082233602167163689 ) ;
#1979 = ORIENTED_EDGE ( 'NONE', *, *, #5080, .T. ) ;
#1980 = CARTESIAN_POINT ( 'NONE',  ( -0.4480062054965366358, 0.2230428996959202548, -0.09856725513422325002 ) ) ;
#1981 = AXIS2_PLACEMENT_3D ( 'NONE', #30, #5976, #3497 ) ;
#1982 = CARTESIAN_POINT ( 'NONE',  ( -0.2910533905932736753, -0.2499999999999998890, -1.578655855443755085 ) ) ;
#1983 = ORIENTED_EDGE ( 'NONE', *, *, #3254, .T. ) ;
#1984 = CARTESIAN_POINT ( 'NONE',  ( 0.4318449217206768442, 0.2523082709435278126, -0.1079911554124301648 ) ) ;
#1985 = DIRECTION ( 'NONE',  ( 1.000000000000000000, 0.000000000000000000, 0.000000000000000000 ) ) ;
#1986 = CARTESIAN_POINT ( 'NONE',  ( 0.5000000000000001110, -0.2104964325533064118, -0.1250000000000000555 ) ) ;
#1987 = APPROVAL_PERSON_ORGANIZATION ( #4444, #1492, #1467 ) ;
#1988 = B_SPLINE_CURVE_WITH_KNOTS ( 'NONE', 3,
 ( #1159, #141, #1639, #4591, #6053, #4562, #4108, #203, #3100, #4048, #1608, #5084, #684, #5118, #6021, #2080, #1697, #3550, #5505, #717, #3160, #232, #4079, #5025, #3643, #3577, #2573, #1098, #2145, #6121, #2055, #595, #5540, #3075, #173, #3045 ),
 .UNSPECIFIED., .F., .F.,
 ( 4, 2, 2, 2, 2, 2, 2, 2, 2, 2, 2, 2, 2, 2, 2, 2, 2, 4 ),
 ( 0.000000000000000000, 0.0008264571136732168409, 0.001652914227346433682, 0.002066142784183040530, 0.002479371341019647595, 0.003305828454692861292, 0.004132285568366074989, 0.004958742682039289119, 0.005785199795712503250, 0.006611656909385717380, 0.007438114023058931511, 0.008264571136732144774, 0.009917485364078569565, 0.01074394247775178370, 0.01157039959142499783, 0.01239685670509821022, 0.01281008526193482162, 0.01322331381877143129 ),
 .UNSPECIFIED. ) ;
#1989 = CARTESIAN_POINT ( 'NONE',  ( 0.2578798538153374009, -0.01097053442190246142, -0.3200014627842806547 ) ) ;
#1990 = CIRCLE ( 'NONE', #5595, 0.09999999999999996392 ) ;
#1991 = CARTESIAN_POINT ( 'NONE',  ( 0.000000000000000000, 0.5000000000000000000, -0.7600000000000001199 ) ) ;
#1992 = ORIENTED_EDGE ( 'NONE', *, *, #1687, .T. ) ;
#1993 = CC_DESIGN_SECURITY_CLASSIFICATION ( #368, ( #4252 ) ) ;
#1994 = CARTESIAN_POINT ( 'NONE',  ( -0.7727392372327769321, -0.2499999999999999722, -1.326155855443755360 ) ) ;
#1995 = EDGE_LOOP ( 'NONE', ( #2302, #5057, #1291, #2815 ) ) ;
#1996 = EDGE_LOOP ( 'NONE', ( #2419, #2993, #3444, #4849 ) ) ;
#1997 = CARTESIAN_POINT ( 'NONE',  ( 0.2648105331788540018, -0.04265661978371011742, -1.195874922082257541 ) ) ;
#1998 =( BOUNDED_SURFACE ( )  B_SPLINE_SURFACE ( 3, 2, ( 
 ( #4627, #3077, #5058 ),
 ( #235, #2057, #5087 ),
 ( #687, #1579, #4020 ),
 ( #2115, #6057, #1642 ),
 ( #4993, #1101, #5028 ),
 ( #1162, #2635, #4111 ),
 ( #1670, #3613, #5607 ),
 ( #5121, #722, #3648 ) ),
 .UNSPECIFIED., .F., .F., .F. ) 
 B_SPLINE_SURFACE_WITH_KNOTS ( ( 4, 2, 2, 4 ),
 ( 3, 3 ),
 ( -1.934379465266158934E-05, 0.001180946946479352350, 0.001781092317045359329, 0.002381237687611366307 ),
 ( 0.000000000000000000, 1.000000000000000000 ),
 .UNSPECIFIED. ) 
 GEOMETRIC_REPRESENTATION_ITEM ( )  RATIONAL_B_SPLINE_SURFACE ( (
 ( 1.000000000000000000, 1.000000000000000000, 1.000000000000000000),
 ( 1.000000000000000000, 0.9999556122576240824, 1.000000000000000000),
 ( 1.000000000000000000, 0.9985395295696060103, 1.000000000000000000),
 ( 1.000000000000000000, 0.9924507290661305214, 1.000000000000000000),
 ( 1.000000000000000000, 0.9897703678038769493, 1.000000000000000000),
 ( 1.000000000000000000, 0.9821763426609313452, 1.000000000000000000),
 ( 1.000000000000000000, 0.9773660703003366201, 1.000000000000000000),
 ( 1.000000000000000000, 0.9697339845682848569, 1.000000000000000000) ) ) 
 REPRESENTATION_ITEM ( '' )  SURFACE ( )  );
#1999 = ADVANCED_FACE ( 'NONE', ( #4341 ), #2891, .T. ) ;
#2000 = DIRECTION ( 'NONE',  ( -1.000000000000000000, 0.000000000000000000, 0.000000000000000000 ) ) ;
#2001 = DIRECTION ( 'NONE',  ( -0.7071067811865493491, 0.7071067811865454633, 0.000000000000000000 ) ) ;
#2002 = ORIENTED_EDGE ( 'NONE', *, *, #4806, .F. ) ;
#2003 = PERSON_AND_ORGANIZATION ( #2345, #4764 ) ;
#2004 = DIRECTION ( 'NONE',  ( 0.000000000000000000, 0.000000000000000000, -1.000000000000000000 ) ) ;
#2005 = CARTESIAN_POINT ( 'NONE',  ( -0.3535533905932744525, 0.3535533905932731757, -0.02500000000000000486 ) ) ;
#2006 = CARTESIAN_POINT ( 'NONE',  ( -0.06250000000000020817, 0.2100609937572608110, -1.641155855443755307 ) ) ;
#2007 = EDGE_CURVE ( 'NONE', #3650, #1613, #2924, .T. ) ;
#2008 = CARTESIAN_POINT ( 'NONE',  ( 0.4999970235882306713, 0.01515599798595293653, -0.07818333982697318885 ) ) ;
#2009 = CARTESIAN_POINT ( 'NONE',  ( -0.4762073702705120759, -0.5000000000000000000, -0.1699752509611387741 ) ) ;
#2010 = EDGE_LOOP ( 'NONE', ( #3290, #4766, #2174 ) ) ;
#2011 = ADVANCED_FACE ( 'NONE', ( #2831 ), #3325, .T. ) ;
#2012 = ADVANCED_FACE ( 'NONE', ( #2417 ), #4470, .F. ) ;
#2013 = CARTESIAN_POINT ( 'NONE',  ( -0.4318449217206959956, 0.2523082709435284787, -0.1079911554124329265 ) ) ;
#2014 = CARTESIAN_POINT ( 'NONE',  ( 0.4682200722196742104, -0.1754136937944215380, -0.04643260993721699814 ) ) ;
#2015 = ORIENTED_EDGE ( 'NONE', *, *, #1651, .T. ) ;
#2016 = CARTESIAN_POINT ( 'NONE',  ( 0.07329472415634301352, 0.4078420330961233797, -0.2552509469807386910 ) ) ;
#2017 = CARTESIAN_POINT ( 'NONE',  ( 0.5542030978846963496, 0.2262899792863951320, -1.576469735100669345 ) ) ;
#2018 = AXIS2_PLACEMENT_3D ( 'NONE', #2124, #573, #2518 ) ;
#2019 = CARTESIAN_POINT ( 'NONE',  ( 0.06573112376813022850, 0.4129676357373520679, -1.641079020108921593 ) ) ;
#2020 = DIRECTION ( 'NONE',  ( 0.5133266039649990731, 0.8581933334987873474, 0.000000000000000000 ) ) ;
#2021 = DIRECTION ( 'NONE',  ( 7.886165872636009250E-17, -0.4999999999999998335, 0.8660254037844388186 ) ) ;
#2022 = CARTESIAN_POINT ( 'NONE',  ( 0.1151713671761078195, -0.2786252741944821865, -1.506534850603345577 ) ) ;
#2023 = AXIS2_PLACEMENT_3D ( 'NONE', #5550, #635, #3558 ) ;
#2024 = ORIENTED_EDGE ( 'NONE', *, *, #68, .F. ) ;
#2025 = CARTESIAN_POINT ( 'NONE',  ( -0.5106206509312266606, 0.2643192772299217674, -0.1335051027535336110 ) ) ;
#2026 = DIRECTION ( 'NONE',  ( 1.550150280899231621E-16, -0.8660254037844388186, 0.4999999999999998335 ) ) ;
#2027 = EDGE_LOOP ( 'NONE', ( #3916, #231, #4566, #3747 ) ) ;
#2028 = EDGE_LOOP ( 'NONE', ( #2462, #6046, #1012, #3298 ) ) ;
#2029 = ORIENTED_EDGE ( 'NONE', *, *, #2524, .T. ) ;
#2030 = CARTESIAN_POINT ( 'NONE',  ( 0.4974999999999999978, 6.829619984160658046E-17, -1.641155855443755307 ) ) ;
#2031 = CARTESIAN_POINT ( 'NONE',  ( 0.4719849656469259913, 0.4682990286966746130, -0.1249999999999724110 ) ) ;
#2032 = CARTESIAN_POINT ( 'NONE',  ( 0.3082233602167161468, 0.4085786437626901524, -1.641155855443755307 ) ) ;
#2033 = EDGE_LOOP ( 'NONE', ( #1233, #886, #2738, #302, #4291, #82, #2788 ) ) ;
#2034 = CARTESIAN_POINT ( 'NONE',  ( -0.7544113108891860042, 0.3501815465105997394, -1.372175383980938301 ) ) ;
#2035 = CARTESIAN_POINT ( 'NONE',  ( -0.5339432815681220967, -0.03601974945846510984, -0.1532631772015960181 ) ) ;
#2036 = AXIS2_PLACEMENT_3D ( 'NONE', #2250, #2277, #5740 ) ;
#2037 = AXIS2_PLACEMENT_3D ( 'NONE', #1310, #1376, #2287 ) ;
#2038 = ADVANCED_FACE ( 'NONE', ( #5903 ), #4440, .F. ) ;
#2039 = CIRCLE ( 'NONE', #2958, 0.1199999999999999956 ) ;
#2040 = CARTESIAN_POINT ( 'NONE',  ( 0.4298759271656212300, -0.5002929039837971104, -0.1446464672528417206 ) ) ;
#2041 = VERTEX_POINT ( 'NONE', #3957 ) ;
#2042 = CARTESIAN_POINT ( 'NONE',  ( -0.1066386058053438862, 0.2568832448929703749, -1.393655855443755698 ) ) ;
#2043 = CARTESIAN_POINT ( 'NONE',  ( 0.6991869083816028008, -0.3752358024330395003, -1.452991461415208629 ) ) ;
#2044 = EDGE_CURVE ( 'NONE', #2703, #5836, #5938, .T. ) ;
#2045 = ORIENTED_EDGE ( 'NONE', *, *, #3010, .F. ) ;
#2046 = CARTESIAN_POINT ( 'NONE',  ( -0.1138447339846432732, 0.3512416274938434113, -0.2628593135561929639 ) ) ;
#2047 = LINE ( 'NONE', #133, #3724 ) ;
#2048 = DIRECTION ( 'NONE',  ( 0.000000000000000000, 0.000000000000000000, 1.000000000000000000 ) ) ;
#2049 = CARTESIAN_POINT ( 'NONE',  ( -3.044817391071756602E-16, -0.5000000000000000000, -1.591155855443754819 ) ) ;
#2050 = CARTESIAN_POINT ( 'NONE',  ( -0.3082233602167163133, 0.5000000000000000000, -1.141155855443755307 ) ) ;
#2051 = CARTESIAN_POINT ( 'NONE',  ( 0.5000000000000000000, 0.000000000000000000, 0.000000000000000000 ) ) ;
#2052 = EDGE_CURVE ( 'NONE', #1055, #2058, #5377, .T. ) ;
#2053 = CARTESIAN_POINT ( 'NONE',  ( 0.1196729651824256641, -0.3035001620111509868, -1.426189285099318083 ) ) ;
#2054 = VERTEX_POINT ( 'NONE', #5346 ) ;
#2055 = CARTESIAN_POINT ( 'NONE',  ( -0.4922015491313438962, 0.03615461166843179919, -0.6262253401414000775 ) ) ;
#2056 = ORIENTED_EDGE ( 'NONE', *, *, #1268, .T. ) ;
#2057 = CARTESIAN_POINT ( 'NONE',  ( 0.5003520559204163165, 0.2265853791917412374, -0.1252772092709890650 ) ) ;
#2058 = VERTEX_POINT ( 'NONE', #952 ) ;
#2059 = CARTESIAN_POINT ( 'NONE',  ( 0.4640639265841040029, -0.4085786437626903189, -0.2249999999999999223 ) ) ;
#2060 = CARTESIAN_POINT ( 'NONE',  ( -0.6985357351166163742, 0.3972243186433544460, -1.453655855443755307 ) ) ;
#2061 = ORIENTED_EDGE ( 'NONE', *, *, #5716, .T. ) ;
#2062 = CARTESIAN_POINT ( 'NONE',  ( -0.4633988693071608989, -0.1882826091399262824, -0.09618021205288254660 ) ) ;
#2063 = FACE_OUTER_BOUND ( 'NONE', #3218, .T. ) ;
#2064 = CARTESIAN_POINT ( 'NONE',  ( -0.4785334440746583651, 0.1478848982351172181, -0.05617752828132475257 ) ) ;
#2065 = CARTESIAN_POINT ( 'NONE',  ( 0.3082233602167161468, -0.4792893218813450984, -1.611866533562410053 ) ) ;
#2066 = ORIENTED_EDGE ( 'NONE', *, *, #5646, .T. ) ;
#2067 = CARTESIAN_POINT ( 'NONE',  ( -0.1151749911735476944, 0.2786377764410587488, -1.506527978565092907 ) ) ;
#2068 = EDGE_CURVE ( 'NONE', #2575, #914, #4592, .T. ) ;
#2069 = DIRECTION ( 'NONE',  ( 1.000000000000000000, -0.000000000000000000, -0.000000000000000000 ) ) ;
#2070 = ORIENTED_EDGE ( 'NONE', *, *, #2430, .T. ) ;
#2071 = CARTESIAN_POINT ( 'NONE',  ( 0.000000000000000000, -0.4375000000000000000, -0.7600000000000001199 ) ) ;
#2072 = CARTESIAN_POINT ( 'NONE',  ( -0.2071067811865481001, 0.5000000000000000000, 0.000000000000000000 ) ) ;
#2073 = CARTESIAN_POINT ( 'NONE',  ( 0.000000000000000000, 0.000000000000000000, -0.1250000000000000000 ) ) ;
#2074 = CARTESIAN_POINT ( 'NONE',  ( -0.2575000000000000067, 6.829619984160658046E-17, -1.641155855443755307 ) ) ;
#2075 = VECTOR ( 'NONE', #1303, 39.37007874015748854 ) ;
#2076 = EDGE_CURVE ( 'NONE', #1786, #455, #2088, .T. ) ;
#2077 = DIRECTION ( 'NONE',  ( 1.000000000000000000, 0.000000000000000000, 0.000000000000000000 ) ) ;
#2078 = CARTESIAN_POINT ( 'NONE',  ( -0.7789340383353715591, 0.4792893218813439327, -0.7600000000000056710 ) ) ;
#2079 = EDGE_LOOP ( 'NONE', ( #6027, #1795, #976, #4653 ) ) ;
#2080 = CARTESIAN_POINT ( 'NONE',  ( -0.3694760639394681356, 0.1199771397828345437, -0.4082841500260503964 ) ) ;
#2081 = CARTESIAN_POINT ( 'NONE',  ( 0.2071067811865481001, -0.5000000000000001110, -0.02500000000000000486 ) ) ;
#2082 = ORIENTED_EDGE ( 'NONE', *, *, #2403, .T. ) ;
#2083 = CARTESIAN_POINT ( 'NONE',  ( -0.07730909272089003803, 0.2206053962959164672, -1.401241674091987299 ) ) ;
#2084 = EDGE_LOOP ( 'NONE', ( #4033, #5065 ) ) ;
#2085 = ORIENTED_EDGE ( 'NONE', *, *, #2068, .F. ) ;
#2086 = CARTESIAN_POINT ( 'NONE',  ( 0.7272656021802269555, -0.1311546108918004161, -1.414088323682128445 ) ) ;
#2087 = FACE_OUTER_BOUND ( 'NONE', #6159, .T. ) ;
#2088 = CIRCLE ( 'NONE', #1584, 0.7582233602167161024 ) ;
#2089 = VECTOR ( 'NONE', #2813, 39.37007874015748143 ) ;
#2090 = ADVANCED_FACE ( 'NONE', ( #3397 ), #4828, .F. ) ;
#2091 = DIRECTION ( 'NONE',  ( -0.000000000000000000, -0.000000000000000000, -1.000000000000000000 ) ) ;
#2092 = CIRCLE ( 'NONE', #875, 0.5000000000000000000 ) ;
#2093 = ORIENTED_EDGE ( 'NONE', *, *, #925, .F. ) ;
#2094 = AXIS2_PLACEMENT_3D ( 'NONE', #3029, #3939, #611 ) ;
#2095 = DIRECTION ( 'NONE',  ( 0.000000000000000000, 1.000000000000000000, 0.000000000000000000 ) ) ;
#2096 = CARTESIAN_POINT ( 'NONE',  ( 0.4955957369249171518, 0.02200454313671561593, -1.604720598995375003 ) ) ;
#2097 = FACE_OUTER_BOUND ( 'NONE', #4633, .T. ) ;
#2098 = EDGE_LOOP ( 'NONE', ( #1958, #4067, #2136, #626, #2085, #3596 ) ) ;
#2099 = CARTESIAN_POINT ( 'NONE',  ( -0.4974999999999999978, 8.299196143137481106E-17, -1.641155855443755307 ) ) ;
#2100 = CIRCLE ( 'NONE', #6131, 0.09999999999999997780 ) ;
#2101 = EDGE_LOOP ( 'NONE', ( #4394, #4533, #71, #4590 ) ) ;
#2102 = DIRECTION ( 'NONE',  ( 0.000000000000000000, 1.000000000000000000, 0.000000000000000000 ) ) ;
#2103 = EDGE_CURVE ( 'NONE', #1041, #4332, #2884, .T. ) ;
#2104 = CARTESIAN_POINT ( 'NONE',  ( 0.7165761512888028095, 0.1270244176587322638, -1.429837826693270086 ) ) ;
#2105 = CARTESIAN_POINT ( 'NONE',  ( 0.4898506454919533404, 0.04267232491951317153, -0.9022265949577280564 ) ) ;
#2106 = AXIS2_PLACEMENT_3D ( 'NONE', #2292, #4258, #3794 ) ;
#2107 = CARTESIAN_POINT ( 'NONE',  ( -0.7082233602167162800, -0.4085786437626903189, -0.7600000000000051159 ) ) ;
#2108 = CARTESIAN_POINT ( 'NONE',  ( 0.1024390062427393416, -0.2499999999999998890, -1.393655855443755476 ) ) ;
#2109 = ORIENTED_EDGE ( 'NONE', *, *, #2590, .F. ) ;
#2110 = LINE ( 'NONE', #3608, #5231 ) ;
#2111 = DIRECTION ( 'NONE',  ( 1.000000000000000000, 0.000000000000000000, 0.000000000000000000 ) ) ;
#2112 = ADVANCED_FACE ( 'NONE', ( #2444 ), #2506, .F. ) ;
#2113 = AXIS2_PLACEMENT_3D ( 'NONE', #5075, #6183, #4617 ) ;
#2114 = ORIENTED_EDGE ( 'NONE', *, *, #719, .F. ) ;
#2115 = CARTESIAN_POINT ( 'NONE',  ( 0.5106206509312699593, 0.2643192772299141624, -0.1335051027535688883 ) ) ;
#2116 = VERTEX_POINT ( 'NONE', #2078 ) ;
#2117 = EDGE_LOOP ( 'NONE', ( #4413, #5770, #5775, #2618, #3164 ) ) ;
#2118 = CARTESIAN_POINT ( 'NONE',  ( 0.6931955692965202642, -0.1249664701608298456, -1.460354975132360567 ) ) ;
#2119 = CARTESIAN_POINT ( 'NONE',  ( -0.3775624397921341635, -0.5307495682087731703, -0.1445268182693937031 ) ) ;
#2120 = VECTOR ( 'NONE', #2197, 39.37007874015748143 ) ;
#2121 = VECTOR ( 'NONE', #5364, 39.37007874015748143 ) ;
#2122 = FACE_OUTER_BOUND ( 'NONE', #4184, .T. ) ;
#2123 = ORIENTED_EDGE ( 'NONE', *, *, #2567, .T. ) ;
#2124 = CARTESIAN_POINT ( 'NONE',  ( 0.000000000000000000, 0.5000000000000000000, -0.7600000000000001199 ) ) ;
#2125 = ADVANCED_FACE ( 'NONE', ( #5443 ), #1038, .F. ) ;
#2126 = EDGE_CURVE ( 'NONE', #1055, #5711, #5531, .T. ) ;
#2127 = AXIS2_PLACEMENT_3D ( 'NONE', #1865, #2453, #983 ) ;
#2128 = DIRECTION ( 'NONE',  ( 0.000000000000000000, 0.000000000000000000, -1.000000000000000000 ) ) ;
#2129 = CYLINDRICAL_SURFACE ( 'NONE', #1508, 0.05999999999999990757 ) ;
#2130 = EDGE_CURVE ( 'NONE', #815, #2971, #6051, .T. ) ;
#2131 = CARTESIAN_POINT ( 'NONE',  ( 0.5289035462114796138, -0.3538687797696187243, -0.1488616823044353610 ) ) ;
#2132 = ORIENTED_EDGE ( 'NONE', *, *, #2791, .F. ) ;
#2133 = VECTOR ( 'NONE', #304, 39.37007874015748143 ) ;
#2134 = CARTESIAN_POINT ( 'NONE',  ( -0.1199740700286789780, 0.3100054958160360918, -1.461708647389997617 ) ) ;
#2135 = AXIS2_PLACEMENT_3D ( 'NONE', #5113, #198, #6080 ) ;
#2136 = ORIENTED_EDGE ( 'NONE', *, *, #1800, .F. ) ;
#2137 = CARTESIAN_POINT ( 'NONE',  ( -0.007809953161773204762, 0.4325031519272492520, -0.2499992583701161619 ) ) ;
#2138 = CARTESIAN_POINT ( 'NONE',  ( 0.4975000000000001088, 0.005562059147031475810, -0.6477781215626841060 ) ) ;
#2139 = CARTESIAN_POINT ( 'NONE',  ( 0.000000000000000000, -0.3124999999999999445, -1.641155855443755307 ) ) ;
#2140 = FACE_OUTER_BOUND ( 'NONE', #4054, .T. ) ;
#2141 = CARTESIAN_POINT ( 'NONE',  ( -0.06250000000000020817, 0.4085786437626895418, -1.641155855443755307 ) ) ;
#2142 = B_SPLINE_CURVE_WITH_KNOTS ( 'NONE', 3,
 ( #215, #826, #1649, #4706 ),
 .UNSPECIFIED., .F., .F.,
 ( 4, 4 ),
 ( 0.000000000000000000, 0.001016146922491135886 ),
 .UNSPECIFIED. ) ;
#2143 = CARTESIAN_POINT ( 'NONE',  ( -0.09720640333215985196, -0.2414236377244378673, -1.513655855443755582 ) ) ;
#2144 = ORIENTED_EDGE ( 'NONE', *, *, #614, .F. ) ;
#2145 = CARTESIAN_POINT ( 'NONE',  ( -0.4844976758279216367, 0.05472751567065166356, -0.6004880826661763704 ) ) ;
#2146 = FACE_OUTER_BOUND ( 'NONE', #2280, .T. ) ;
#2147 = ORIENTED_EDGE ( 'NONE', *, *, #2386, .T. ) ;
#2148 = CARTESIAN_POINT ( 'NONE',  ( -0.09986246144925096935, 0.2457769809890423818, -1.393655855443755698 ) ) ;
#2149 = EDGE_LOOP ( 'NONE', ( #2459, #1316, #5151, #1359 ) ) ;
#2150 = ORIENTED_EDGE ( 'NONE', *, *, #3124, .F. ) ;
#2151 = LINE ( 'NONE', #5576, #3463 ) ;
#2152 = EDGE_CURVE ( 'NONE', #5711, #560, #1149, .T. ) ;
#2153 = DIRECTION ( 'NONE',  ( -0.7071067811865465735, -0.7071067811865485719, -0.000000000000000000 ) ) ;
#2154 = ORIENTED_EDGE ( 'NONE', *, *, #5277, .T. ) ;
#2155 = CARTESIAN_POINT ( 'NONE',  ( -0.07130794719766786471, -0.4095651089350108021, -1.265068252299519358 ) ) ;
#2156 = DIRECTION ( 'NONE',  ( 1.000000000000000000, 0.000000000000000000, 0.000000000000000000 ) ) ;
#2157 = CARTESIAN_POINT ( 'NONE',  ( -0.5003520558931120465, 0.2265853791917566695, -0.1252772093052218205 ) ) ;
#2158 = EDGE_CURVE ( 'NONE', #3551, #4791, #4552, .T. ) ;
#2159 = CARTESIAN_POINT ( 'NONE',  ( -0.8082233602167164799, -0.2499999999999998890, -1.453655855443755307 ) ) ;
#2160 = CARTESIAN_POINT ( 'NONE',  ( 0.03108261143949332325, -0.4286702065851981103, -0.2508896962162598387 ) ) ;
#2161 = B_SPLINE_CURVE_WITH_KNOTS ( 'NONE', 3,
 ( #2420, #1941, #1468, #3931 ),
 .UNSPECIFIED., .F., .F.,
 ( 4, 4 ),
 ( 0.000000000000000000, 0.002167978304660183025 ),
 .UNSPECIFIED. ) ;
#2162 = CARTESIAN_POINT ( 'NONE',  ( 0.5038115224018694382, -0.3333658065465972542, -0.1273559938568114835 ) ) ;
#2163 = CARTESIAN_POINT ( 'NONE',  ( 0.3764464581011204847, 0.4669725520451264988, -0.1249999999999999861 ) ) ;
#2164 = EDGE_CURVE ( 'NONE', #6020, #1397, #1096, .T. ) ;
#2165 = EDGE_LOOP ( 'NONE', ( #6330, #5397, #2667, #5994 ) ) ;
#2166 = CARTESIAN_POINT ( 'NONE',  ( -0.1192137061350891231, 0.3283150293555884280, -0.2641264146400872370 ) ) ;
#2167 = CARTESIAN_POINT ( 'NONE',  ( 0.4318449217206862256, -0.2523082709435384707, -0.1079911554124207557 ) ) ;
#2168 = DIRECTION ( 'NONE',  ( 0.000000000000000000, 0.000000000000000000, -1.000000000000000000 ) ) ;
#2169 = DIRECTION ( 'NONE',  ( 1.000000000000000000, 0.000000000000000000, 0.000000000000000000 ) ) ;
#2170 = CARTESIAN_POINT ( 'NONE',  ( -0.1199739879224053229, -0.3100015556001997630, -1.445514803021203942 ) ) ;
#2171 = VERTEX_POINT ( 'NONE', #2600 ) ;
#2172 = CARTESIAN_POINT ( 'NONE',  ( -0.1199977412155263379, 0.3228934740924917501, -1.255681896087156746 ) ) ;
#2173 = CARTESIAN_POINT ( 'NONE',  ( -0.3535533905932741749, -0.3535533905932734533, 0.3826834323650908365 ) ) ;
#2174 = ORIENTED_EDGE ( 'NONE', *, *, #3970, .F. ) ;
#2175 = CARTESIAN_POINT ( 'NONE',  ( -0.06250000000000020817, 0.2100609937572608110, -1.408880016195981799 ) ) ;
#2176 = ORIENTED_EDGE ( 'NONE', *, *, #2281, .F. ) ;
#2177 = CC_DESIGN_DATE_AND_TIME_ASSIGNMENT ( #5349, #26, ( #368 ) ) ;
#2178 = ORIENTED_EDGE ( 'NONE', *, *, #1814, .T. ) ;
#2179 = CARTESIAN_POINT ( 'NONE',  ( 0.5295890070392446081, -0.3803218006416974606, -0.1494588600076265927 ) ) ;
#2180 = VECTOR ( 'NONE', #4403, 39.37007874015748143 ) ;
#2181 = CARTESIAN_POINT ( 'NONE',  ( -0.4842701976669516739, 0.1288730194360970804, -0.1112528339176364484 ) ) ;
#2182 = CARTESIAN_POINT ( 'NONE',  ( 0.1199740432443942989, 0.3100042104662941167, -1.445587213810251237 ) ) ;
#2183 = AXIS2_PLACEMENT_3D ( 'NONE', #758, #1747, #2706 ) ;
#2184 = EDGE_LOOP ( 'NONE', ( #2754, #3554, #4737 ) ) ;
#2185 = LINE ( 'NONE', #3113, #5256 ) ;
#2186 = ORIENTED_EDGE ( 'NONE', *, *, #2267, .T. ) ;
#2187 = EDGE_CURVE ( 'NONE', #5662, #6324, #4242, .T. ) ;
#2188 = DIRECTION ( 'NONE',  ( 0.000000000000000000, 0.000000000000000000, 1.000000000000000000 ) ) ;
#2189 = AXIS2_PLACEMENT_3D ( 'NONE', #163, #6203, #3786 ) ;
#2190 = CARTESIAN_POINT ( 'NONE',  ( 0.5103971553117280235, 0.4792893218813446543, -0.1715843476528305100 ) ) ;
#2191 = CARTESIAN_POINT ( 'NONE',  ( -0.4921754665581716259, -0.03623549203159047438, -0.6261287671660268339 ) ) ;
#2192 = CARTESIAN_POINT ( 'NONE',  ( 0.4131712519014081320, 0.1150870946508202181, -1.630136875013815878 ) ) ;
#2193 = CARTESIAN_POINT ( 'NONE',  ( 0.1161217530964828576, -0.3437724871395333448, -0.2633932469454018932 ) ) ;
#2194 = VECTOR ( 'NONE', #4327, 39.37007874015748143 ) ;
#2195 = EDGE_CURVE ( 'NONE', #1329, #5073, #2678, .T. ) ;
#2196 = CARTESIAN_POINT ( 'NONE',  ( 0.5295890070723530130, -0.3670393891371551698, -0.1494588600363322417 ) ) ;
#2197 = DIRECTION ( 'NONE',  ( -1.000000000000000000, -0.000000000000000000, 3.100300561798464228E-16 ) ) ;
#2198 =( BOUNDED_SURFACE ( )  B_SPLINE_SURFACE ( 3, 2, ( 
 ( #651, #5986, #4555 ),
 ( #168, #5338, #4466 ),
 ( #5862, #79, #5969 ),
 ( #2858, #436, #4336 ),
 ( #3849, #6325, #2576 ),
 ( #206, #3048, #6088 ),
 ( #4051, #1611, #659 ),
 ( #6124, #3522, #4147 ) ),
 .UNSPECIFIED., .F., .F., .F. ) 
 B_SPLINE_SURFACE_WITH_KNOTS ( ( 4, 2, 2, 4 ),
 ( 3, 3 ),
 ( 0.005148066606161011763, 0.006031799781879952291, 0.006915532957598891951, 0.008682999309036772140 ),
 ( 0.000000000000000000, 1.000000000000000000 ),
 .UNSPECIFIED. ) 
 GEOMETRIC_REPRESENTATION_ITEM ( )  RATIONAL_B_SPLINE_SURFACE ( (
 ( 1.000000000000000000, 0.7071067811865476838, 1.000000000000000000),
 ( 1.000000000000000000, 0.7260528326951648515, 1.000000000000000000),
 ( 1.000000000000000000, 0.7440915874129108154, 1.000000000000000000),
 ( 1.000000000000000000, 0.7780661725399934392, 1.000000000000000000),
 ( 1.000000000000000000, 0.7940571904123064906, 1.000000000000000000),
 ( 1.000000000000000000, 0.8392428365668320733, 1.000000000000000000),
 ( 1.000000000000000000, 0.8656621213124444658, 1.000000000000000000),
 ( 1.000000000000000000, 0.8886281962971868120, 1.000000000000000000) ) ) 
 REPRESENTATION_ITEM ( '' )  SURFACE ( )  );
#2199 = VERTEX_POINT ( 'NONE', #4818 ) ;
#2200 = CARTESIAN_POINT ( 'NONE',  ( 0.2071067811865481001, 0.5000000000000001110, 0.000000000000000000 ) ) ;
#2201 = CYLINDRICAL_SURFACE ( 'NONE', #3240, 0.09999999999999996392 ) ;
#2202 = EDGE_CURVE ( 'NONE', #3074, #2547, #2938, .T. ) ;
#2203 = EDGE_CURVE ( 'NONE', #5047, #403, #1353, .T. ) ;
#2204 = DIRECTION ( 'NONE',  ( 0.3381620517103007262, 0.9026334081950866395, -0.2662693320553497500 ) ) ;
#2205 = CARTESIAN_POINT ( 'NONE',  ( -0.3775000000000000022, 6.829619984160658046E-17, -1.641155855443755307 ) ) ;
#2206 = CARTESIAN_POINT ( 'NONE',  ( -0.1198716482527696081, -0.3067251943432051653, -1.473621425573371058 ) ) ;
#2207 = ORIENTED_EDGE ( 'NONE', *, *, #609, .F. ) ;
#2208 = CARTESIAN_POINT ( 'NONE',  ( -0.2861130584806065857, -0.07793460139290479816, -1.182200484254562145 ) ) ;
#2209 = CARTESIAN_POINT ( 'NONE',  ( -0.4942650358051988713, -0.4546695588921590980, -0.1249999999999999861 ) ) ;
#2210 = DIRECTION ( 'NONE',  ( 1.000000000000000000, -0.000000000000000000, -0.000000000000000000 ) ) ;
#2211 = ORIENTED_EDGE ( 'NONE', *, *, #5277, .F. ) ;
#2212 = ORIENTED_EDGE ( 'NONE', *, *, #526, .T. ) ;
#2213 = VERTEX_POINT ( 'NONE', #6340 ) ;
#2214 = B_SPLINE_CURVE_WITH_KNOTS ( 'NONE', 3,
 ( #1862, #4125, #735, #1752, #6142, #3627, #2828, #5805, #3850, #1721 ),
 .UNSPECIFIED., .F., .F.,
 ( 4, 2, 2, 2, 4 ),
 ( -2.188026967420453418E-05, 0.0006689653423109832592, 0.001359810954296171090, 0.002050656566281358704, 0.002741502178266546751 ),
 .UNSPECIFIED. ) ;
#2215 = CARTESIAN_POINT ( 'NONE',  ( 0.06249999999999995837, 0.3125000000000000555, -0.1250000000000000000 ) ) ;
#2216 = CARTESIAN_POINT ( 'NONE',  ( -0.4864870807997289659, -0.1193352369851500977, -0.06419951677208733665 ) ) ;
#2217 = CARTESIAN_POINT ( 'NONE',  ( 0.1024390062427392722, 0.2499999999999998890, -1.513655855443755138 ) ) ;
#2218 = CIRCLE ( 'NONE', #2106, 0.05999999999999990757 ) ;
#2219 = EDGE_LOOP ( 'NONE', ( #3642, #3715, #5897 ) ) ;
#2220 = ORIENTED_EDGE ( 'NONE', *, *, #5671, .T. ) ;
#2221 = CIRCLE ( 'NONE', #3859, 0.09999999999999997780 ) ;
#2222 = CARTESIAN_POINT ( 'NONE',  ( 0.5000000000000000000, 0.000000000000000000, -0.1250000000000000000 ) ) ;
#2223 = VECTOR ( 'NONE', #3025, 39.37007874015748143 ) ;
#2224 = CIRCLE ( 'NONE', #391, 0.06250000000000001388 ) ;
#2225 = EDGE_CURVE ( 'NONE', #4423, #5380, #5211, .T. ) ;
#2226 = FACE_OUTER_BOUND ( 'NONE', #1944, .T. ) ;
#2227 = CARTESIAN_POINT ( 'NONE',  ( -0.2893449219494809710, -0.08156231048704898345, -0.3400032440393253585 ) ) ;
#2228 = CARTESIAN_POINT ( 'NONE',  ( 0.05322180821498570524, -0.4203373131891366410, -0.2527325224251238400 ) ) ;
#2229 = AXIS2_PLACEMENT_3D ( 'NONE', #1898, #3855, #5845 ) ;
#2230 = LINE ( 'NONE', #1212, #1633 ) ;
#2231 = CARTESIAN_POINT ( 'NONE',  ( 0.5156697064299032851, 0.2873194034507756678, -0.1376330125895852963 ) ) ;
#2232 = DIRECTION ( 'NONE',  ( 1.000000000000000000, 0.000000000000000000, -1.821231995776175725E-16 ) ) ;
#2233 = ADVANCED_FACE ( 'NONE', ( #3973 ), #2653, .F. ) ;
#2234 = ORIENTED_EDGE ( 'NONE', *, *, #261, .T. ) ;
#2235 = DIRECTION ( 'NONE',  ( -1.000000000000000000, 0.000000000000000000, -6.829619984160656666E-15 ) ) ;
#2236 = CARTESIAN_POINT ( 'NONE',  ( 0.3307283210671013718, 0.5000000000000000000, -0.1242047542652713471 ) ) ;
#2237 = CARTESIAN_POINT ( 'NONE',  ( 0.5235532691013455864, 0.3148944863007673844, -0.1442570228539394872 ) ) ;
#2238 = CARTESIAN_POINT ( 'NONE',  ( 0.06249999999999986816, 0.5000000000000000000, -1.266155855443755529 ) ) ;
#2239 = AXIS2_PLACEMENT_3D ( 'NONE', #1342, #1901, #5786 ) ;
#2240 = EDGE_CURVE ( 'NONE', #1791, #2171, #520, .T. ) ;
#2241 = CIRCLE ( 'NONE', #5852, 0.09999999999999996392 ) ;
#2242 = CARTESIAN_POINT ( 'NONE',  ( -0.06629598933574702702, -0.2123769995658488230, -1.500497517956964177 ) ) ;
#2243 = CIRCLE ( 'NONE', #4713, 0.1000000000000000194 ) ;
#2244 = ORIENTED_EDGE ( 'NONE', *, *, #5384, .T. ) ;
#2245 = FACE_BOUND ( 'NONE', #3163, .T. ) ;
#2246 = DIRECTION ( 'NONE',  ( -1.000000000000000000, -0.000000000000000000, -0.000000000000000000 ) ) ;
#2247 = ORIENTED_EDGE ( 'NONE', *, *, #4631, .T. ) ;
#2248 = ORIENTED_EDGE ( 'NONE', *, *, #2225, .F. ) ;
#2249 = ORIENTED_EDGE ( 'NONE', *, *, #5071, .F. ) ;
#2250 = CARTESIAN_POINT ( 'NONE',  ( 0.000000000000000000, -0.3124999999999999445, -0.1250000000000000000 ) ) ;
#2251 = EDGE_CURVE ( 'NONE', #5124, #6188, #4484, .T. ) ;
#2252 = CARTESIAN_POINT ( 'NONE',  ( 0.1175913451803989318, 0.2883953433730007121, -1.499936846165507154 ) ) ;
#2253 = ORIENTED_EDGE ( 'NONE', *, *, #1304, .F. ) ;
#2254 = EDGE_LOOP ( 'NONE', ( #1039, #4665, #5933, #3092, #492, #1506, #3688 ) ) ;
#2255 = CARTESIAN_POINT ( 'NONE',  ( 0.4777984767417223777, 0.3169356545511288203, -0.1213857510507518334 ) ) ;
#2256 = DIRECTION ( 'NONE',  ( 0.000000000000000000, 0.000000000000000000, 1.000000000000000000 ) ) ;
#2257 = CARTESIAN_POINT ( 'NONE',  ( -0.2769245235062628430, -0.06565759808748543314, -0.3317215110736061456 ) ) ;
#2258 = CARTESIAN_POINT ( 'NONE',  ( 0.01568063269214875835, -0.4317298762488664954, -0.2501828289366425095 ) ) ;
#2259 = DIRECTION ( 'NONE',  ( -0.7071067811865493491, 0.7071067811865454633, 0.000000000000000000 ) ) ;
#2260 = CARTESIAN_POINT ( 'NONE',  ( -0.7789340383353712260, 0.4792893218813439882, -0.7600000000000056710 ) ) ;
#2261 = CARTESIAN_POINT ( 'NONE',  ( 0.3993197982237511878, -0.4492083392001057773, -0.1250000000000000278 ) ) ;
#2262 = EDGE_LOOP ( 'NONE', ( #4799, #3524, #643, #4212 ) ) ;
#2263 = CARTESIAN_POINT ( 'NONE',  ( -0.3307283210670859397, 0.5000000000000000000, -0.1242047542652700010 ) ) ;
#2264 = LINE ( 'NONE', #5141, #1617 ) ;
#2265 = LINE ( 'NONE', #1319, #2747 ) ;
#2266 = CARTESIAN_POINT ( 'NONE',  ( 0.4701616206372100093, 0.3590794621339469805, -0.1247383549744843362 ) ) ;
#2267 = EDGE_CURVE ( 'NONE', #4426, #5001, #5009, .T. ) ;
#2268 = CARTESIAN_POINT ( 'NONE',  ( 0.7272656021802270665, 0.3688453891081995284, -1.414088323682128667 ) ) ;
#2269 = ORIENTED_EDGE ( 'NONE', *, *, #4872, .F. ) ;
#2270 = CARTESIAN_POINT ( 'NONE',  ( -0.4503178351535815360, -0.09616150679896136311, -1.000291101507807312 ) ) ;
#2271 = DIRECTION ( 'NONE',  ( -0.000000000000000000, 1.000000000000000000, -0.000000000000000000 ) ) ;
#2272 = CARTESIAN_POINT ( 'NONE',  ( -0.1078322314664217352, -0.2592670495475034032, -0.2615206168447626878 ) ) ;
#2273 = EDGE_LOOP ( 'NONE', ( #394, #37, #6199, #2412, #278, #3321, #1476, #2024 ) ) ;
#2274 = VERTEX_POINT ( 'NONE', #2906 ) ;
#2275 = ADVANCED_FACE ( 'NONE', ( #2398 ), #1713, .F. ) ;
#2276 = ORIENTED_EDGE ( 'NONE', *, *, #3245, .T. ) ;
#2277 = DIRECTION ( 'NONE',  ( 0.000000000000000000, 0.000000000000000000, 1.000000000000000000 ) ) ;
#2278 = CARTESIAN_POINT ( 'NONE',  ( -0.4233861701869132133, 0.1114097445956912930, -1.627814019149129043 ) ) ;
#2279 = ORIENTED_EDGE ( 'NONE', *, *, #4216, .T. ) ;
#2280 = EDGE_LOOP ( 'NONE', ( #1928, #4906, #2737, #4656 ) ) ;
#2281 = EDGE_CURVE ( 'NONE', #195, #5950, #3542, .T. ) ;
#2282 = CARTESIAN_POINT ( 'NONE',  ( 0.4975000000000001088, -0.005562059147031338767, -0.8722218784373164668 ) ) ;
#2283 = CARTESIAN_POINT ( 'NONE',  ( 0.4974999999999999978, 6.829619984160658046E-17, -0.1250000000000000000 ) ) ;
#2284 = CARTESIAN_POINT ( 'NONE',  ( -0.2651322050008762532, -0.04244538345388744471, -0.3243270220462695641 ) ) ;
#2285 = CARTESIAN_POINT ( 'NONE',  ( 0.3124999999999998890, -0.2499999999999998890, -1.578655855443755085 ) ) ;
#2286 = CARTESIAN_POINT ( 'NONE',  ( -0.6565112028162558566, 0.3669199974360859429, -1.506144479463631614 ) ) ;
#2287 = DIRECTION ( 'NONE',  ( 0.000000000000000000, 0.000000000000000000, 1.000000000000000000 ) ) ;
#2288 = CARTESIAN_POINT ( 'NONE',  ( 0.7582233602167161024, -0.5000000000000000000, -0.7600000000000056710 ) ) ;
#2289 = DIRECTION ( 'NONE',  ( -0.000000000000000000, -0.000000000000000000, 1.000000000000000000 ) ) ;
#2290 = CIRCLE ( 'NONE', #5078, 0.05999999999999990757 ) ;
#2291 = LOCAL_TIME ( 17, 50, 1.000000000000000000, #2894 ) ;
#2292 = CARTESIAN_POINT ( 'NONE',  ( 0.3124999999999998890, 0.2499999999999998890, -1.453655855443755307 ) ) ;
#2293 = ORIENTED_EDGE ( 'NONE', *, *, #1028, .T. ) ;
#2294 = DIRECTION ( 'NONE',  ( 0.000000000000000000, 1.000000000000000000, 0.000000000000000000 ) ) ;
#2295 = DIRECTION ( 'NONE',  ( -1.000000000000000000, 0.000000000000000000, 0.000000000000000000 ) ) ;
#2296 = CARTESIAN_POINT ( 'NONE',  ( -0.3082233602167164799, 0.5000000000000000000, -1.591155855443754596 ) ) ;
#2297 = LINE ( 'NONE', #4324, #3824 ) ;
#2298 = ORIENTED_EDGE ( 'NONE', *, *, #843, .F. ) ;
#2299 = CARTESIAN_POINT ( 'NONE',  ( 0.1199999999999999956, -0.3124999999999999445, -1.255681349255749035 ) ) ;
#2300 = CARTESIAN_POINT ( 'NONE',  ( -0.4263169177411113009, -0.4943428555382601286, -0.1250000000000000278 ) ) ;
#2301 = CARTESIAN_POINT ( 'NONE',  ( 0.1041070237743383503, -0.2523078783069735431, -0.2607190745986472935 ) ) ;
#2302 = ORIENTED_EDGE ( 'NONE', *, *, #2251, .T. ) ;
#2303 = ORIENTED_EDGE ( 'NONE', *, *, #5646, .F. ) ;
#2304 = ORIENTED_EDGE ( 'NONE', *, *, #2627, .F. ) ;
#2305 = CARTESIAN_POINT ( 'NONE',  ( -0.06250000000000020817, 0.4792893218813440437, -1.611866533562410275 ) ) ;
#2306 = CARTESIAN_POINT ( 'NONE',  ( -0.5000000000000001110, -0.2104964325533062175, -0.1250000000000000278 ) ) ;
#2307 = CARTESIAN_POINT ( 'NONE',  ( -0.5016027549514070483, -0.2923936071407626236, -0.1259972845638482053 ) ) ;
#2308 = B_SPLINE_CURVE_WITH_KNOTS ( 'NONE', 3,
 ( #4575, #1245, #4097, #6071 ),
 .UNSPECIFIED., .F., .F.,
 ( 4, 4 ),
 ( 0.000000000000000000, 0.001941493044246663923 ),
 .UNSPECIFIED. ) ;
#2309 = ADVANCED_FACE ( 'NONE', ( #1027 ), #2968, .F. ) ;
#2310 = EDGE_LOOP ( 'NONE', ( #3278, #4530, #3236, #375 ) ) ;
#2311 = ORIENTED_EDGE ( 'NONE', *, *, #3355, .T. ) ;
#2312 = CARTESIAN_POINT ( 'NONE',  ( 0.4958521366979894984, -0.02038702859617549934, -0.8793234455448075693 ) ) ;
#2313 = AXIS2_PLACEMENT_3D ( 'NONE', #3217, #3828, #384 ) ;
#2314 = LINE ( 'NONE', #2892, #6362 ) ;
#2315 = EDGE_CURVE ( 'NONE', #3119, #3269, #4692, .T. ) ;
#2316 = EDGE_CURVE ( 'NONE', #16, #2575, #6067, .T. ) ;
#2317 = FACE_OUTER_BOUND ( 'NONE', #5539, .T. ) ;
#2318 = CARTESIAN_POINT ( 'NONE',  ( -0.5295890070392447191, 0.5000000000000000000, -0.1494588600076266482 ) ) ;
#2319 = VECTOR ( 'NONE', #1248, 39.37007874015748143 ) ;
#2320 = DIRECTION ( 'NONE',  ( -0.000000000000000000, -1.000000000000000000, -0.000000000000000000 ) ) ;
#2321 = CARTESIAN_POINT ( 'NONE',  ( -0.3974238797262089062, -0.4999999999999998335, -0.1341649091325096688 ) ) ;
#2322 = DIRECTION ( 'NONE',  ( 0.000000000000000000, -1.000000000000000000, 0.000000000000000000 ) ) ;
#2323 = CARTESIAN_POINT ( 'NONE',  ( -0.1199999999999999678, 0.2968088441483629492, -0.2643186507442510935 ) ) ;
#2324 = EDGE_CURVE ( 'NONE', #4110, #534, #2589, .T. ) ;
#2325 = AXIS2_PLACEMENT_3D ( 'NONE', #4409, #5478, #567 ) ;
#2326 = DIRECTION ( 'NONE',  ( 0.000000000000000000, -1.000000000000000000, 0.000000000000000000 ) ) ;
#2327 = VERTEX_POINT ( 'NONE', #6073 ) ;
#2328 = CARTESIAN_POINT ( 'NONE',  ( 0.000000000000000000, 0.3125000000000000555, -1.641155855443755307 ) ) ;
#2329 = FACE_OUTER_BOUND ( 'NONE', #5295, .T. ) ;
#2330 = DIRECTION ( 'NONE',  ( 1.000000000000000000, 0.000000000000000000, 0.000000000000000000 ) ) ;
#2331 = CARTESIAN_POINT ( 'NONE',  ( 0.7643727287977396534, -0.3141739084399987614, -1.345970243894597962 ) ) ;
#2332 = ORIENTED_EDGE ( 'NONE', *, *, #3052, .T. ) ;
#2333 = LINE ( 'NONE', #5765, #5851 ) ;
#2334 = CARTESIAN_POINT ( 'NONE',  ( -0.01579429164688180356, -0.1932846358285438271, -0.2501862491167646252 ) ) ;
#2335 = B_SPLINE_CURVE_WITH_KNOTS ( 'NONE', 3,
 ( #5871, #4474, #472, #5477, #3956, #1493 ),
 .UNSPECIFIED., .F., .F.,
 ( 4, 2, 4 ),
 ( 0.01149092328145245520, 0.01223712256207024930, 0.01298332184268804340 ),
 .UNSPECIFIED. ) ;
#2336 = CARTESIAN_POINT ( 'NONE',  ( 0.1131295627603367548, 0.2721515319670982924, -1.257298302815876401 ) ) ;
#2337 = DIRECTION ( 'NONE',  ( -1.000000000000000000, 0.000000000000000000, 0.000000000000000000 ) ) ;
#2338 = DIRECTION ( 'NONE',  ( -1.000000000000000000, 0.000000000000000000, 0.000000000000000000 ) ) ;
#2339 = VECTOR ( 'NONE', #5091, 39.37007874015748143 ) ;
#2340 = VECTOR ( 'NONE', #4032, 39.37007874015748143 ) ;
#2341 = CARTESIAN_POINT ( 'NONE',  ( -0.4901502337058013525, -0.2701631862006598217, -0.1207149103147996394 ) ) ;
#2342 = CARTESIAN_POINT ( 'NONE',  ( -0.07745822303763910677, 0.2203454573776940095, -1.506323559855590410 ) ) ;
#2343 = ORIENTED_EDGE ( 'NONE', *, *, #5475, .F. ) ;
#2344 = AXIS2_PLACEMENT_3D ( 'NONE', #3479, #3508, #1185 ) ;
#2345 = PERSON ( 'UNSPECIFIED', 'UNSPECIFIED', 'UNSPECIFIED', ('UNSPECIFIED'), ('UNSPECIFIED'), ('UNSPECIFIED') ) ;
#2346 = VERTEX_POINT ( 'NONE', #5070 ) ;
#2347 = FACE_BOUND ( 'NONE', #551, .T. ) ;
#2348 = CARTESIAN_POINT ( 'NONE',  ( 0.3543021180292759142, -0.1179860368710068108, -1.126996657608007268 ) ) ;
#2349 = ADVANCED_FACE ( 'NONE', ( #1086 ), #5750, .T. ) ;
#2350 = CARTESIAN_POINT ( 'NONE',  ( 0.4110671897363303851, -0.1154024622347231549, -0.4579442845464563594 ) ) ;
#2351 = LINE ( 'NONE', #508, #1421 ) ;
#2352 = FACE_OUTER_BOUND ( 'NONE', #2466, .T. ) ;
#2353 = CARTESIAN_POINT ( 'NONE',  ( -0.4298759271656229508, 0.5002929039837972214, -0.1446464672528423867 ) ) ;
#2354 = CARTESIAN_POINT ( 'NONE',  ( -0.3155551913258481389, -0.1027756813566453598, -1.453655855443755307 ) ) ;
#2355 = EDGE_CURVE ( 'NONE', #1962, #3867, #5980, .T. ) ;
#2356 = B_SPLINE_CURVE_WITH_KNOTS ( 'NONE', 3,
 ( #6288, #5340, #3812, #3396, #1334, #5833, #2410, #4856, #6354, #5799 ),
 .UNSPECIFIED., .F., .F.,
 ( 4, 2, 2, 2, 4 ),
 ( -2.188026967418242662E-05, 0.0006689653423110027749, 0.001359810954296188003, 0.002050656566281373015, 0.002741502178266558461 ),
 .UNSPECIFIED. ) ;
#2357 = CARTESIAN_POINT ( 'NONE',  ( 0.5000059237092842057, -0.03001645788205478671, -0.07819273842643502392 ) ) ;
#2358 = DIRECTION ( 'NONE',  ( 0.000000000000000000, 0.000000000000000000, 1.000000000000000000 ) ) ;
#2359 = DIRECTION ( 'NONE',  ( -0.5480721325930244525, -0.8364310715623458625, 0.000000000000000000 ) ) ;
#2360 = ORIENTED_EDGE ( 'NONE', *, *, #2281, .T. ) ;
#2361 = B_SPLINE_CURVE_WITH_KNOTS ( 'NONE', 3,
 ( #5061, #3583, #3106, #1614, #749, #3080, #1199, #633, #2671, #180, #725, #5610, #4150, #6029, #6162, #209, #2579, #2118, #6060, #5512, #5090, #2086, #2639, #3555, #5546, #4599, #883, #785, #4303, #6258, #1365, #6195, #3291, #3716, #5675, #2821 ),
 .UNSPECIFIED., .F., .F.,
 ( 4, 2, 2, 2, 2, 2, 2, 2, 2, 2, 2, 2, 2, 2, 2, 2, 2, 4 ),
 ( 0.01174527505664985094, 0.01248075787130597213, 0.01284849927863403185, 0.01321624068596209158, 0.01395172350061822143, 0.01468720631527434956, 0.01542268912993047941, 0.01615817194458660580, 0.01762913757389886898, 0.01836462038855499537, 0.01910010320321112176, 0.01983558601786724815, 0.02057106883252337454, 0.02093881023985143253, 0.02130655164717949052, 0.02204203446183559956, 0.02277751727649171554, 0.02351300009114782805 ),
 .UNSPECIFIED. ) ;
#2362 = CARTESIAN_POINT ( 'NONE',  ( 0.3124999999999998890, 0.2499999999999998890, -1.328655855443755307 ) ) ;
#2363 = CARTESIAN_POINT ( 'NONE',  ( -0.06886271923549047713, -0.4108476962608463290, -1.641155855443755307 ) ) ;
#2364 = ADVANCED_FACE ( 'NONE', ( #5560 ), #4577, .F. ) ;
#2365 = DIRECTION ( 'NONE',  ( -0.000000000000000000, -0.000000000000000000, 1.000000000000000000 ) ) ;
#2366 = CARTESIAN_POINT ( 'NONE',  ( 0.7717357656601950833, 0.2499999999999998890, -1.328655855443755307 ) ) ;
#2367 =( BOUNDED_CURVE ( )  B_SPLINE_CURVE ( 3, ( #3483, #1571, #5894, #496 ),
 .UNSPECIFIED., .F., .T. ) 
 B_SPLINE_CURVE_WITH_KNOTS ( ( 4, 4 ),
 ( 5.740769277219795796, 6.825601337139379332 ),
 .UNSPECIFIED. ) 
 CURVE ( )  GEOMETRIC_REPRESENTATION_ITEM ( )  RATIONAL_B_SPLINE_CURVE ( ( 1.000000000000000000, 0.9043093408702520541, 0.9043093408702520541, 1.000000000000000000 ) ) 
 REPRESENTATION_ITEM ( '' )  );
#2368 = VERTEX_POINT ( 'NONE', #4490 ) ;
#2369 = CARTESIAN_POINT ( 'NONE',  ( 0.3919641329041181899, -0.1196174312177889082, -1.634211678928529698 ) ) ;
#2370 = DIRECTION ( 'NONE',  ( 0.000000000000000000, -1.000000000000000000, 0.000000000000000000 ) ) ;
#2371 = LINE ( 'NONE', #4852, #4972 ) ;
#2372 = VERTEX_POINT ( 'NONE', #100 ) ;
#2373 = CARTESIAN_POINT ( 'NONE',  ( 0.06249999999999986816, -0.4375000000000000000, -1.266155855443755529 ) ) ;
#2374 = CARTESIAN_POINT ( 'NONE',  ( 0.4882553789458143889, -0.2789792777487800635, -0.1204537496168173044 ) ) ;
#2375 = CARTESIAN_POINT ( 'NONE',  ( -0.8082233602167163689, 0.4085786437626897083, -1.141155855443755085 ) ) ;
#2376 = ORIENTED_EDGE ( 'NONE', *, *, #1912, .T. ) ;
#2377 = DIRECTION ( 'NONE',  ( -0.000000000000000000, -0.000000000000000000, 1.000000000000000000 ) ) ;
#2378 = PLANE ( 'NONE',  #4428 ) ;
#2379 = ORIENTED_EDGE ( 'NONE', *, *, #2722, .T. ) ;
#2380 = CARTESIAN_POINT ( 'NONE',  ( 0.3464570171564977374, -0.1162177499388303281, -1.134405991541553416 ) ) ;
#2381 = CARTESIAN_POINT ( 'NONE',  ( 0.4974999999999999978, -0.005550085291682734998, -0.6477781215626838840 ) ) ;
#2382 = CARTESIAN_POINT ( 'NONE',  ( 0.3535533905932745080, -0.3535533905932728982, 0.000000000000000000 ) ) ;
#2383 = DIRECTION ( 'NONE',  ( 1.000000000000000000, -0.000000000000000000, -0.000000000000000000 ) ) ;
#2384 = VERTEX_POINT ( 'NONE', #5623 ) ;
#2385 = APPROVAL_STATUS ( 'not_yet_approved' ) ;
#2386 = EDGE_CURVE ( 'NONE', #5940, #3173, #4004, .T. ) ;
#2387 = DIRECTION ( 'NONE',  ( -1.000000000000000000, 0.000000000000000000, 9.106159978880878627E-17 ) ) ;
#2388 = CARTESIAN_POINT ( 'NONE',  ( 0.000000000000000000, 0.4085786437626901524, -0.7600000000000001199 ) ) ;
#2389 = CARTESIAN_POINT ( 'NONE',  ( 0.1199999999999999956, 0.3125000000000000555, -1.255681349255749035 ) ) ;
#2390 = CARTESIAN_POINT ( 'NONE',  ( -0.4975671219954701519, 0.2284606000922938251, -0.1232906438067054161 ) ) ;
#2391 = CARTESIAN_POINT ( 'NONE',  ( -0.09537019353790875120, 0.2392470106334644298, -0.2589767513932874077 ) ) ;
#2392 = B_SPLINE_CURVE_WITH_KNOTS ( 'NONE', 3,
 ( #5519, #988, #2963, #5911, #3437, #1530, #5454, #1048 ),
 .UNSPECIFIED., .F., .F.,
 ( 4, 2, 2, 4 ),
 ( 0.004653734042379805043, 0.005818493453598113166, 0.006983252864816420422, 0.009312771687253036668 ),
 .UNSPECIFIED. ) ;
#2393 = CARTESIAN_POINT ( 'NONE',  ( 0.4719849656469360943, -0.4682990286966781657, -0.1249999999999724387 ) ) ;
#2394 = EDGE_CURVE ( 'NONE', #914, #1168, #6144, .T. ) ;
#2395 = ORIENTED_EDGE ( 'NONE', *, *, #5955, .F. ) ;
#2396 = CARTESIAN_POINT ( 'NONE',  ( 0.4242640687119295095, -0.4242640687119275111, -0.02500000000000002220 ) ) ;
#2397 = AXIS2_PLACEMENT_3D ( 'NONE', #2073, #2502, #589 ) ;
#2398 = FACE_OUTER_BOUND ( 'NONE', #5168, .T. ) ;
#2399 = CIRCLE ( 'NONE', #6224, 0.1199999999999999956 ) ;
#2400 = CARTESIAN_POINT ( 'NONE',  ( 0.7529515975145308904, 0.3427157527770081091, -1.369694896694178876 ) ) ;
#2401 = EDGE_CURVE ( 'NONE', #3867, #2445, #5449, .T. ) ;
#2402 = VERTEX_POINT ( 'NONE', #382 ) ;
#2403 = EDGE_CURVE ( 'NONE', #4511, #914, #1280, .T. ) ;
#2404 = CARTESIAN_POINT ( 'NONE',  ( 0.05324246841552843917, 0.4203252309231849115, -0.2527350517482140901 ) ) ;
#2405 = CARTESIAN_POINT ( 'NONE',  ( 0.03881185446497147085, -0.1986813687500744996, -0.2514273620013995347 ) ) ;
#2406 = LINE ( 'NONE', #5794, #3308 ) ;
#2407 = ORIENTED_EDGE ( 'NONE', *, *, #5881, .T. ) ;
#2408 = DIRECTION ( 'NONE',  ( 0.5133266039649969636, -0.8581933334987886797, 0.000000000000000000 ) ) ;
#2409 = CARTESIAN_POINT ( 'NONE',  ( 0.5310958837331326565, -0.07158819986599197771, -0.1507224308805586166 ) ) ;
#2410 = CARTESIAN_POINT ( 'NONE',  ( -0.4875887178532346544, -0.2818814069732945016, -0.1204074551414768129 ) ) ;
#2411 = CARTESIAN_POINT ( 'NONE',  ( 0.8082233602167162578, 0.4085786437626901524, -0.7600000000000056710 ) ) ;
#2412 = ORIENTED_EDGE ( 'NONE', *, *, #3653, .T. ) ;
#2413 = CARTESIAN_POINT ( 'NONE',  ( 0.2575000000000000067, 8.299196143137481106E-17, -1.641155855443755307 ) ) ;
#2414 = DIRECTION ( 'NONE',  ( 3.100300561798464228E-16, 0.000000000000000000, 1.000000000000000000 ) ) ;
#2415 = ORIENTED_EDGE ( 'NONE', *, *, #5798, .T. ) ;
#2416 = LINE ( 'NONE', #22, #1224 ) ;
#2417 = FACE_OUTER_BOUND ( 'NONE', #1755, .T. ) ;
#2418 = CARTESIAN_POINT ( 'NONE',  ( -0.4855392813152766274, -0.05335731151162231151, -1.608698384038448559 ) ) ;
#2419 = ORIENTED_EDGE ( 'NONE', *, *, #5133, .T. ) ;
#2420 = CARTESIAN_POINT ( 'NONE',  ( -0.3993197982237520760, -0.4492083392001049447, -0.1250000000000000000 ) ) ;
#2421 = CARTESIAN_POINT ( 'NONE',  ( -0.5288947391744089899, -0.3537450982476830208, -0.1488540347296411770 ) ) ;
#2422 = CARTESIAN_POINT ( 'NONE',  ( -0.03149588066843003742, 0.1956345238336399117, -0.2507628314036233763 ) ) ;
#2423 = AXIS2_PLACEMENT_3D ( 'NONE', #4781, #387, #2235 ) ;
#2424 = EDGE_LOOP ( 'NONE', ( #5089, #5473, #1496, #5853 ) ) ;
#2425 = CARTESIAN_POINT ( 'NONE',  ( -0.2575000000000000067, 6.829619984160658046E-17, -1.200220115396831710 ) ) ;
#2426 = CARTESIAN_POINT ( 'NONE',  ( 0.4640639265841042249, -0.3803218006416975716, -0.1250000000000000000 ) ) ;
#2427 = ORIENTED_EDGE ( 'NONE', *, *, #5723, .F. ) ;
#2428 = AXIS2_PLACEMENT_3D ( 'NONE', #1507, #5429, #486 ) ;
#2429 = CARTESIAN_POINT ( 'NONE',  ( -0.4413127956608016711, 0.2352276560523151872, -0.02931668619345977056 ) ) ;
#2430 = EDGE_CURVE ( 'NONE', #4019, #6315, #3980, .T. ) ;
#2431 = CONICAL_SURFACE ( 'NONE', #6042, 0.8082233602167163689, 0.7853981633974482790 ) ;
#2432 = CARTESIAN_POINT ( 'NONE',  ( 0.5813906026488467882, -0.3160909973279080187, -1.560007690613817388 ) ) ;
#2433 = ORIENTED_EDGE ( 'NONE', *, *, #4053, .T. ) ;
#2434 = CARTESIAN_POINT ( 'NONE',  ( 0.4851946009173055963, -0.05321598647664299575, -1.608795400870075998 ) ) ;
#2435 = DIRECTION ( 'NONE',  ( 0.000000000000000000, 0.000000000000000000, 1.000000000000000000 ) ) ;
#2436 = TOROIDAL_SURFACE ( 'NONE', #3547, 0.7082233602167162800, 0.09999999999999997780 ) ;
#2437 = CARTESIAN_POINT ( 'NONE',  ( -0.4427081429264145829, 0.4225720382091746052, -0.1250000000000000278 ) ) ;
#2438 = CARTESIAN_POINT ( 'NONE',  ( 0.06249999999999980571, 0.5000000000000000000, -1.641155855443755307 ) ) ;
#2439 = CARTESIAN_POINT ( 'NONE',  ( 0.4172561707086216987, 0.1134022508335856272, -1.053443003965795821 ) ) ;
#2440 = EDGE_CURVE ( 'NONE', #2041, #3870, #5258, .T. ) ;
#2441 = CARTESIAN_POINT ( 'NONE',  ( -0.4640639265841039474, -0.4085786437626903189, -0.2249999999999999778 ) ) ;
#2442 = B_SPLINE_CURVE_WITH_KNOTS ( 'NONE', 3,
 ( #966, #2909, #5822, #844, #5268, #2331, #4878, #4297, #2783, #4263, #6279, #1387, #5017, #4492, #1540, #2043, #5396, #4946, #3002, #4459, #4979, #1123, #5982, #521, #101, #2432, #5887, #2563, #1565, #3477, #4006, #74, #1029, #5461, #1949, #1509 ),
 .UNSPECIFIED., .F., .F.,
 ( 4, 2, 2, 2, 2, 2, 2, 2, 2, 2, 2, 2, 2, 2, 2, 2, 2, 4 ),
 ( 0.000000000000000000, 0.0007340796910406121060, 0.001468159382081224212, 0.002202239073121836210, 0.002936318764162448424, 0.003670398455203060205, 0.004404478146243672419, 0.005138557837284284634, 0.005872637528324896848, 0.006606717219365508195, 0.007340796910406120410, 0.008808956292487360451, 0.009543035983527984809, 0.01027711567456861090, 0.01064415552008892048, 0.01101119536560923179, 0.01137823521112953963, 0.01174527505664985094 ),
 .UNSPECIFIED. ) ;
#2443 = CARTESIAN_POINT ( 'NONE',  ( -0.7082233602167165021, 0.4085786437626897083, -1.641155855443755085 ) ) ;
#2444 = FACE_OUTER_BOUND ( 'NONE', #1514, .T. ) ;
#2445 = VERTEX_POINT ( 'NONE', #1812 ) ;
#2446 = CARTESIAN_POINT ( 'NONE',  ( -0.8082233602167162578, -0.4085786437626903189, -0.7600000000000056710 ) ) ;
#2447 = VERTEX_POINT ( 'NONE', #5660 ) ;
#2448 = CARTESIAN_POINT ( 'NONE',  ( 0.09338758549274503440, -0.2364566137398716739, -1.261428319624260386 ) ) ;
#2449 = DIRECTION ( 'NONE',  ( 0.000000000000000000, 0.5000000000000003331, 0.8660254037844383745 ) ) ;
#2450 = EDGE_CURVE ( 'NONE', #560, #4546, #5307, .T. ) ;
#2451 = CARTESIAN_POINT ( 'NONE',  ( 0.2769845148729321860, -0.06575296417664938664, -0.3317600841431022629 ) ) ;
#2452 = AXIS2_PLACEMENT_3D ( 'NONE', #5164, #3624, #4672 ) ;
#2453 = DIRECTION ( 'NONE',  ( 0.000000000000000000, 1.000000000000000000, 0.000000000000000000 ) ) ;
#2454 = ORIENTED_EDGE ( 'NONE', *, *, #2637, .F. ) ;
#2455 = PERSON_AND_ORGANIZATION ( #2345, #4764 ) ;
#2456 = AXIS2_PLACEMENT_3D ( 'NONE', #3861, #2320, #564 ) ;
#2457 = CARTESIAN_POINT ( 'NONE',  ( -0.06250000000000020817, 0.2100609937572608110, -1.498431694691528815 ) ) ;
#2458 = CARTESIAN_POINT ( 'NONE',  ( -0.4640639265841040029, -0.3803218006416974606, -0.2249999999999999778 ) ) ;
#2459 = ORIENTED_EDGE ( 'NONE', *, *, #5585, .T. ) ;
#2460 = CARTESIAN_POINT ( 'NONE',  ( -0.3767460335790714376, 0.1202092272596622519, -1.103917649876297924 ) ) ;
#2461 = DIRECTION ( 'NONE',  ( -0.000000000000000000, -0.000000000000000000, 1.000000000000000000 ) ) ;
#2462 = ORIENTED_EDGE ( 'NONE', *, *, #3601, .T. ) ;
#2463 = MANIFOLD_SOLID_BREP ( 'Boss-Extrude5', #4139 ) ;
#2464 = DIRECTION ( 'NONE',  ( 0.2380987839448084065, -0.9504134974180469264, -0.2000578741504557834 ) ) ;
#2465 = CARTESIAN_POINT ( 'NONE',  ( 0.000000000000000000, 0.000000000000000000, -0.1250000000000000000 ) ) ;
#2466 = EDGE_LOOP ( 'NONE', ( #2670, #1270, #770, #5088 ) ) ;
#2467 = CARTESIAN_POINT ( 'NONE',  ( 0.3590624518451055458, -0.1187041524398299713, -1.638594333891447263 ) ) ;
#2468 = EDGE_CURVE ( 'NONE', #2447, #2116, #6270, .T. ) ;
#2469 = CYLINDRICAL_SURFACE ( 'NONE', #766, 0.09999999999999999167 ) ;
#2470 = CARTESIAN_POINT ( 'NONE',  ( 0.5177893282157726151, -0.2947334022457279712, -0.1394139835859862231 ) ) ;
#2471 = DIRECTION ( 'NONE',  ( 1.000000000000000000, 0.000000000000000000, 0.000000000000000000 ) ) ;
#2472 = CARTESIAN_POINT ( 'NONE',  ( -0.06573112376813078361, 0.4129676357373516793, -1.641079020108921593 ) ) ;
#2473 = VERTEX_POINT ( 'NONE', #4775 ) ;
#2474 = CARTESIAN_POINT ( 'NONE',  ( 0.06249999999999979183, 0.2100609937572605612, -1.498431694691528593 ) ) ;
#2475 = CARTESIAN_POINT ( 'NONE',  ( 0.4972712212984548574, -0.06028561165795658788, -0.07526491240816958472 ) ) ;
#2476 = EDGE_CURVE ( 'NONE', #3285, #4926, #3468, .T. ) ;
#2477 = ORIENTED_EDGE ( 'NONE', *, *, #5353, .T. ) ;
#2478 = DIRECTION ( 'NONE',  ( -7.886165872636010483E-17, -0.4999999999999993894, -0.8660254037844389297 ) ) ;
#2479 = TOROIDAL_SURFACE ( 'NONE', #4132, 0.5999999999999999778, 0.09999999999999997780 ) ;
#2480 = B_SPLINE_CURVE_WITH_KNOTS ( 'NONE', 3,
 ( #1925, #2019, #1424, #2917 ),
 .UNSPECIFIED., .F., .F.,
 ( 4, 4 ),
 ( 0.000000000000000000, 0.0002882219031560679626 ),
 .UNSPECIFIED. ) ;
#2481 = CARTESIAN_POINT ( 'NONE',  ( 0.4844907733586978349, -0.05474092867866604123, -0.6004670888736628465 ) ) ;
#2482 = CARTESIAN_POINT ( 'NONE',  ( 0.3150000000000000022, 7.595024233627753955E-17, -0.1250000000000000000 ) ) ;
#2483 = ORIENTED_EDGE ( 'NONE', *, *, #1655, .T. ) ;
#2484 = DATE_TIME_ROLE ( 'creation_date' ) ;
#2485 = EDGE_CURVE ( 'NONE', #4880, #3553, #3904, .T. ) ;
#2486 = CARTESIAN_POINT ( 'NONE',  ( 0.3227381706528288374, 0.1071567133893079060, -0.3649860092659976130 ) ) ;
#2487 = CARTESIAN_POINT ( 'NONE',  ( -0.8082233602167163689, 0.5000000000000000000, -1.141155855443755085 ) ) ;
#2488 = ADVANCED_FACE ( 'NONE', ( #1781 ), #2806, .T. ) ;
#2489 = FACE_OUTER_BOUND ( 'NONE', #5447, .T. ) ;
#2490 = CARTESIAN_POINT ( 'NONE',  ( 0.5302523565147886364, 0.07269877981383524035, -0.1500317357425874354 ) ) ;
#2491 = CARTESIAN_POINT ( 'NONE',  ( -0.09537019353790869569, -0.3857529893665354592, -0.2589767513932873522 ) ) ;
#2492 = DIRECTION ( 'NONE',  ( 0.000000000000000000, 0.000000000000000000, 1.000000000000000000 ) ) ;
#2493 = AXIS2_PLACEMENT_3D ( 'NONE', #3205, #5776, #6232 ) ;
#2494 = CARTESIAN_POINT ( 'NONE',  ( 0.3415972620303009966, -0.5244702343215739138, -0.1273978959403488931 ) ) ;
#2495 = AXIS2_PLACEMENT_3D ( 'NONE', #5119, #5149, #2666 ) ;
#2496 = ORIENTED_EDGE ( 'NONE', *, *, #2950, .T. ) ;
#2497 = CARTESIAN_POINT ( 'NONE',  ( -0.4682200722196740994, 0.1754136937944216768, -0.04643260993721706753 ) ) ;
#2498 = DIRECTION ( 'NONE',  ( 1.000000000000000000, 0.000000000000000000, 0.000000000000000000 ) ) ;
#2499 = ORIENTED_EDGE ( 'NONE', *, *, #338, .F. ) ;
#2500 = CARTESIAN_POINT ( 'NONE',  ( 0.1041070237743384197, 0.3726921216930265124, -0.2607190745986472935 ) ) ;
#2501 = CIRCLE ( 'NONE', #2397, 0.5999999999999999778 ) ;
#2502 = DIRECTION ( 'NONE',  ( 0.000000000000000000, 0.000000000000000000, -1.000000000000000000 ) ) ;
#2503 = FACE_OUTER_BOUND ( 'NONE', #2531, .T. ) ;
#2504 = CARTESIAN_POINT ( 'NONE',  ( 0.5195661358388662387, 0.1428191084144404543, -0.1408615060221929116 ) ) ;
#2505 = LINE ( 'NONE', #138, #4282 ) ;
#2506 = CYLINDRICAL_SURFACE ( 'NONE', #972, 0.06250000000000001388 ) ;
#2507 = ORIENTED_EDGE ( 'NONE', *, *, #2792, .T. ) ;
#2508 = CARTESIAN_POINT ( 'NONE',  ( -0.5011996232778958005, 0.2673004516848559442, -0.1258327260342599063 ) ) ;
#2509 = CIRCLE ( 'NONE', #5807, 0.09999999999999996392 ) ;
#2510 = ORIENTED_EDGE ( 'NONE', *, *, #5015, .T. ) ;
#2511 = ADVANCED_BREP_SHAPE_REPRESENTATION ( 'HD0026', ( #2463, #1173 ), #358 ) ;
#2512 = CARTESIAN_POINT ( 'NONE',  ( 0.5502848193546797662, -0.2499999999999998890, -1.578655855443755085 ) ) ;
#2513 = CYLINDRICAL_SURFACE ( 'NONE', #4274, 0.05999999999999990757 ) ;
#2514 = CARTESIAN_POINT ( 'NONE',  ( 0.4640639265841037808, 0.4085786437626902634, -0.1250000000000000278 ) ) ;
#2515 = EDGE_CURVE ( 'NONE', #3768, #1739, #3699, .T. ) ;
#2516 = CARTESIAN_POINT ( 'NONE',  ( 0.2071067811865481001, -0.5000000000000000000, 0.000000000000000000 ) ) ;
#2517 = VERTEX_POINT ( 'NONE', #2288 ) ;
#2518 = DIRECTION ( 'NONE',  ( 0.000000000000000000, -0.000000000000000000, 1.000000000000000000 ) ) ;
#2519 = DIRECTION ( 'NONE',  ( -0.000000000000000000, -0.000000000000000000, 1.000000000000000000 ) ) ;
#2520 = DIRECTION ( 'NONE',  ( 0.000000000000000000, 0.000000000000000000, 1.000000000000000000 ) ) ;
#2521 = VECTOR ( 'NONE', #3573, 39.37007874015748143 ) ;
#2522 = CARTESIAN_POINT ( 'NONE',  ( -0.4944905581792655713, 0.07550806534931030212, -0.07241176079229880158 ) ) ;
#2523 = EDGE_CURVE ( 'NONE', #2604, #2346, #4285, .T. ) ;
#2524 = EDGE_CURVE ( 'NONE', #2921, #4696, #1722, .T. ) ;
#2525 = PLANE ( 'NONE',  #1113 ) ;
#2526 = CARTESIAN_POINT ( 'NONE',  ( 0.000000000000000000, -0.4085786437626903189, -0.7600000000000001199 ) ) ;
#2527 = VERTEX_POINT ( 'NONE', #31 ) ;
#2528 = EDGE_CURVE ( 'NONE', #5215, #510, #1616, .T. ) ;
#2529 = CIRCLE ( 'NONE', #2423, 0.1000000000000000194 ) ;
#2530 = DIRECTION ( 'NONE',  ( 1.000000000000000000, -0.000000000000000000, -9.106159978880878627E-17 ) ) ;
#2531 = EDGE_LOOP ( 'NONE', ( #1480, #5703, #6192 ) ) ;
#2532 = CARTESIAN_POINT ( 'NONE',  ( 0.06249999999999981265, 0.5000000000000000000, -1.591155855443755041 ) ) ;
#2533 = CARTESIAN_POINT ( 'NONE',  ( 0.5753228438838303704, 0.1905097461922648228, -1.563883663003152291 ) ) ;
#2534 = AXIS2_PLACEMENT_3D ( 'NONE', #4355, #996, #5 ) ;
#2535 = AXIS2_PLACEMENT_3D ( 'NONE', #2458, #4419, #1380 ) ;
#2536 = DIRECTION ( 'NONE',  ( 0.000000000000000000, 0.000000000000000000, 1.000000000000000000 ) ) ;
#2537 = CARTESIAN_POINT ( 'NONE',  ( 0.4594241668977781523, 0.08847831748650919481, -0.9822912083078556567 ) ) ;
#2538 = CARTESIAN_POINT ( 'NONE',  ( 0.4461738156274083211, 0.5000000000000001110, -0.1511564855308067112 ) ) ;
#2539 = FACE_OUTER_BOUND ( 'NONE', #4298, .T. ) ;
#2540 = CARTESIAN_POINT ( 'NONE',  ( 0.06249999999999980571, -0.2100609937572604224, -1.498431694691528593 ) ) ;
#2541 = VECTOR ( 'NONE', #2091, 39.37007874015748143 ) ;
#2542 = ORIENTED_EDGE ( 'NONE', *, *, #1401, .T. ) ;
#2543 = DIRECTION ( 'NONE',  ( 0.000000000000000000, 0.000000000000000000, 1.000000000000000000 ) ) ;
#2544 = CARTESIAN_POINT ( 'NONE',  ( -0.3082233602167164799, -0.4792893218813450429, -1.611866533562410053 ) ) ;
#2545 = ORIENTED_EDGE ( 'NONE', *, *, #2195, .T. ) ;
#2546 = CARTESIAN_POINT ( 'NONE',  ( 0.4762073702705117983, 0.5000000000000000000, -0.1699752509611384410 ) ) ;
#2547 = VERTEX_POINT ( 'NONE', #2389 ) ;
#2548 = DIRECTION ( 'NONE',  ( -1.000000000000000000, 0.000000000000000000, 0.000000000000000000 ) ) ;
#2549 = DIRECTION ( 'NONE',  ( -0.000000000000000000, -0.000000000000000000, 1.000000000000000000 ) ) ;
#2550 = CARTESIAN_POINT ( 'NONE',  ( 0.2574999999999999512, 8.299196143137481106E-17, -0.1250000000000000000 ) ) ;
#2551 = ORIENTED_EDGE ( 'NONE', *, *, #6112, .T. ) ;
#2552 = DIRECTION ( 'NONE',  ( 0.000000000000000000, 0.000000000000000000, -1.000000000000000000 ) ) ;
#2553 = EDGE_CURVE ( 'NONE', #6188, #2588, #169, .T. ) ;
#2554 = CARTESIAN_POINT ( 'NONE',  ( 0.3775000000000000022, 6.829619984160658046E-17, -0.1250000000000000000 ) ) ;
#2555 = CARTESIAN_POINT ( 'NONE',  ( -0.4999965499480132913, 0.01636190524427157816, -0.1233901644481349980 ) ) ;
#2556 = VECTOR ( 'NONE', #2672, 39.37007874015748143 ) ;
#2557 = VECTOR ( 'NONE', #1439, 39.37007874015748143 ) ;
#2558 = DIRECTION ( 'NONE',  ( 0.000000000000000000, 0.000000000000000000, -1.000000000000000000 ) ) ;
#2559 = EDGE_CURVE ( 'NONE', #2686, #3951, #5814, .T. ) ;
#2560 = DIRECTION ( 'NONE',  ( 0.6552508045514064960, 2.048885995248197710E-15, -0.7554113999237332955 ) ) ;
#2561 = ORIENTED_EDGE ( 'NONE', *, *, #2528, .T. ) ;
#2562 = CARTESIAN_POINT ( 'NONE',  ( 0.3671391464042576547, 0.5098216852435489832, -0.1270945599737060283 ) ) ;
#2563 = CARTESIAN_POINT ( 'NONE',  ( 0.5671448391629699826, -0.2985648633218219161, -1.568905666788060094 ) ) ;
#2564 = ORIENTED_EDGE ( 'NONE', *, *, #3283, .T. ) ;
#2565 = CYLINDRICAL_SURFACE ( 'NONE', #3337, 0.09999999999999996392 ) ;
#2566 = CARTESIAN_POINT ( 'NONE',  ( 0.1134813993750502653, 0.3528334331693778192, -1.257221359483839729 ) ) ;
#2567 = EDGE_CURVE ( 'NONE', #5983, #5310, #1013, .T. ) ;
#2568 = DIRECTION ( 'NONE',  ( 0.000000000000000000, -1.000000000000000000, 0.000000000000000000 ) ) ;
#2569 = CARTESIAN_POINT ( 'NONE',  ( 0.4712003871587703285, 0.07520128252284793979, -0.9553616690822326341 ) ) ;
#2570 = CARTESIAN_POINT ( 'NONE',  ( -0.6048807434363822066, -0.3420509227261359642, -1.549218980398490819 ) ) ;
#2571 = CARTESIAN_POINT ( 'NONE',  ( 0.1101719695198646043, -0.2643232638856214400, -1.512431141027813064 ) ) ;
#2572 = VERTEX_POINT ( 'NONE', #6298 ) ;
#2573 = CARTESIAN_POINT ( 'NONE',  ( -0.4748124851305640104, 0.07048203637317820847, -0.5736003029707371637 ) ) ;
#2574 = CARTESIAN_POINT ( 'NONE',  ( 0.000000000000000000, 0.4085786437626895418, -0.7600000000000001199 ) ) ;
#2575 = VERTEX_POINT ( 'NONE', #3345 ) ;
#2576 = CARTESIAN_POINT ( 'NONE',  ( -0.4413127956608021152, -0.2352276560523142712, -0.02931668619345994750 ) ) ;
#2577 = EDGE_LOOP ( 'NONE', ( #2360, #3619 ) ) ;
#2578 = EDGE_LOOP ( 'NONE', ( #3047, #4078, #5803, #5495 ) ) ;
#2579 = CARTESIAN_POINT ( 'NONE',  ( 0.6744410126763583646, -0.1274101411566141151, -1.482112377777629497 ) ) ;
#2580 = LINE ( 'NONE', #3136, #4914 ) ;
#2581 = LINE ( 'NONE', #148, #2541 ) ;
#2582 = ORIENTED_EDGE ( 'NONE', *, *, #1625, .F. ) ;
#2583 = LINE ( 'NONE', #4573, #6102 ) ;
#2584 = CARTESIAN_POINT ( 'NONE',  ( -0.3125000000000001665, -0.1763878406783229436, -1.581155855443755698 ) ) ;
#2585 = EDGE_CURVE ( 'NONE', #5073, #2517, #958, .T. ) ;
#2586 = CARTESIAN_POINT ( 'NONE',  ( 0.4554594413086234250, 0.09138670396986063593, -1.619003847738737623 ) ) ;
#2587 = CARTESIAN_POINT ( 'NONE',  ( 0.3993197982237513544, -0.4492083392001057218, -0.1249999999999999861 ) ) ;
#2588 = VERTEX_POINT ( 'NONE', #1469 ) ;
#2589 = LINE ( 'NONE', #2099, #4378 ) ;
#2590 = EDGE_CURVE ( 'NONE', #5480, #5545, #5421, .T. ) ;
#2591 = CARTESIAN_POINT ( 'NONE',  ( -0.7082233602167165021, -0.4085786437626903189, -1.641155855443755085 ) ) ;
#2592 = ORIENTED_EDGE ( 'NONE', *, *, #4683, .F. ) ;
#2593 = CARTESIAN_POINT ( 'NONE',  ( -0.1040644865168388472, 0.3727621063680450209, -0.2607103174166757187 ) ) ;
#2594 = CARTESIAN_POINT ( 'NONE',  ( 0.7531340250999799535, 0.1571826453713275618, -1.369450778655895373 ) ) ;
#2595 = CARTESIAN_POINT ( 'NONE',  ( 0.4950316359165171654, 0.02453880283936320239, -0.8827115656551350886 ) ) ;
#2596 = CYLINDRICAL_SURFACE ( 'NONE', #1623, 0.06249999999999995837 ) ;
#2597 = EDGE_CURVE ( 'NONE', #3151, #5608, #6306, .T. ) ;
#2598 = ADVANCED_FACE ( 'NONE', ( #3862 ), #5958, .F. ) ;
#2599 = CARTESIAN_POINT ( 'NONE',  ( -0.4394448086741523096, 0.1027756813566453598, -1.453655855443755307 ) ) ;
#2600 = CARTESIAN_POINT ( 'NONE',  ( -0.3125000000000001665, 0.1763878406783228603, -1.581155855443755476 ) ) ;
#2601 = EDGE_LOOP ( 'NONE', ( #1975, #5757, #708, #2729, #3193, #4831, #4668, #2154 ) ) ;
#2602 = CARTESIAN_POINT ( 'NONE',  ( -0.09959369771666259918, 0.2447905767293372947, -1.260207025463584207 ) ) ;
#2603 = DIRECTION ( 'NONE',  ( 0.000000000000000000, 0.000000000000000000, -1.000000000000000000 ) ) ;
#2604 = VERTEX_POINT ( 'NONE', #2584 ) ;
#2605 = CARTESIAN_POINT ( 'NONE',  ( -0.07002017992085886322, 0.2149372591041626701, -1.404851210843395037 ) ) ;
#2606 = ORIENTED_EDGE ( 'NONE', *, *, #951, .F. ) ;
#2607 = EDGE_LOOP ( 'NONE', ( #6025, #4158, #2564, #4376 ) ) ;
#2608 = CARTESIAN_POINT ( 'NONE',  ( -0.4162621494360832508, -0.4775330212873191149, -0.1249999999999999722 ) ) ;
#2609 = CARTESIAN_POINT ( 'NONE',  ( 0.7582233602167159914, 0.5000000000000000000, -0.7600000000000001199 ) ) ;
#2610 = CIRCLE ( 'NONE', #1887, 0.1000000000000000194 ) ;
#2611 = AXIS2_PLACEMENT_3D ( 'NONE', #295, #3158, #3641 ) ;
#2612 = ORIENTED_EDGE ( 'NONE', *, *, #729, .T. ) ;
#2613 = CARTESIAN_POINT ( 'NONE',  ( 0.4242640687119295095, -0.4242640687119275111, -0.1250000000000000000 ) ) ;
#2614 = DIRECTION ( 'NONE',  ( -1.000000000000000000, 0.000000000000000000, -0.000000000000000000 ) ) ;
#2615 =( BOUNDED_SURFACE ( )  B_SPLINE_SURFACE ( 3, 2, ( 
 ( #5335, #4917, #5400 ),
 ( #5891, #1452, #913 ),
 ( #2849, #5859, #3391 ),
 ( #5366, #3807, #969 ),
 ( #2914, #6313, #1002 ),
 ( #3837, #4824, #2945 ) ),
 .UNSPECIFIED., .F., .F., .F. ) 
 B_SPLINE_SURFACE_WITH_KNOTS ( ( 4, 2, 4 ),
 ( 3, 3 ),
 ( -1.734723475976807094E-18, 0.001002059535306304297, 0.002004119070612610330 ),
 ( 0.000000000000000000, 1.000000000000000000 ),
 .UNSPECIFIED. ) 
 GEOMETRIC_REPRESENTATION_ITEM ( )  RATIONAL_B_SPLINE_SURFACE ( (
 ( 1.000000000000000000, 0.9368594878432234818, 1.000000000000000000),
 ( 1.000000000000000000, 0.9425516486188888488, 1.000000000000000000),
 ( 1.000000000000000000, 0.9481943243729625825, 1.000000000000000000),
 ( 1.000000000000000000, 0.9592229369860166832, 1.000000000000000000),
 ( 1.000000000000000000, 0.9646124974352807691, 1.000000000000000000),
 ( 1.000000000000000000, 0.9697339845682836357, 1.000000000000000000) ) ) 
 REPRESENTATION_ITEM ( '' )  SURFACE ( )  );
#2616 = CARTESIAN_POINT ( 'NONE',  ( 0.4378581013617193762, 0.1038550150580184600, -1.624083485719434838 ) ) ;
#2617 = CARTESIAN_POINT ( 'NONE',  ( 0.5295890070392446081, 0.3803218006416977937, -0.1494588600076266482 ) ) ;
#2618 = ORIENTED_EDGE ( 'NONE', *, *, #986, .F. ) ;
#2619 = PRODUCT_DEFINITION ( 'UNKNOWN', '', #4252, #1051 ) ;
#2620 = CARTESIAN_POINT ( 'NONE',  ( -0.1101606473515589907, 0.2643146263501228721, -1.394893937083282243 ) ) ;
#2621 = CARTESIAN_POINT ( 'NONE',  ( -0.06250000000000020817, 0.5000000000000000000, -1.641155855443755307 ) ) ;
#2622 = B_SPLINE_CURVE_WITH_KNOTS ( 'NONE', 3,
 ( #3869, #2844, #424, #1878, #3831, #4002 ),
 .UNSPECIFIED., .F., .F.,
 ( 4, 2, 4 ),
 ( 0.000000000000000000, 0.001209828860611782825, 0.002419657721223565650 ),
 .UNSPECIFIED. ) ;
#2623 = EDGE_LOOP ( 'NONE', ( #5127, #2910, #1580, #11 ) ) ;
#2624 = CARTESIAN_POINT ( 'NONE',  ( -0.07321805027814506928, 0.4078938734191314142, -0.2552407528849032214 ) ) ;
#2625 = CARTESIAN_POINT ( 'NONE',  ( 0.4541540480813202052, -0.2100005613197892251, -0.03502025101201792362 ) ) ;
#2626 = DIRECTION ( 'NONE',  ( 1.000000000000000000, 0.000000000000000000, 0.000000000000000000 ) ) ;
#2627 = EDGE_CURVE ( 'NONE', #4780, #2054, #6129, .T. ) ;
#2628 = DIRECTION ( 'NONE',  ( 0.000000000000000000, 0.000000000000000000, 1.000000000000000000 ) ) ;
#2629 = CARTESIAN_POINT ( 'NONE',  ( 0.4922054839641567536, 0.03613869245775199607, -0.8937593255458523567 ) ) ;
#2630 = CARTESIAN_POINT ( 'NONE',  ( -0.06250000000000016653, -0.2100609937572606445, -1.498431694691528593 ) ) ;
#2631 = ORIENTED_EDGE ( 'NONE', *, *, #1471, .T. ) ;
#2632 = DIRECTION ( 'NONE',  ( 0.8333333333333333703, -0.5527707983925665980, 1.792775245842173292E-15 ) ) ;
#2633 = DIRECTION ( 'NONE',  ( 0.000000000000000000, 0.000000000000000000, 1.000000000000000000 ) ) ;
#2634 = VERTEX_POINT ( 'NONE', #5977 ) ;
#2635 = CARTESIAN_POINT ( 'NONE',  ( 0.5016027549514822104, 0.2923936071407182147, -0.1259972845638671901 ) ) ;
#2636 = VERTEX_POINT ( 'NONE', #577 ) ;
#2637 = EDGE_CURVE ( 'NONE', #1826, #5083, #4900, .T. ) ;
#2638 = ORIENTED_EDGE ( 'NONE', *, *, #1349, .F. ) ;
#2639 = CARTESIAN_POINT ( 'NONE',  ( 0.7322201079593068096, -0.1339938352414518641, -1.406311988210331210 ) ) ;
#2640 = CARTESIAN_POINT ( 'NONE',  ( 0.4617482583810916807, 0.1926884747841237366, -0.04031751024721811488 ) ) ;
#2641 = AXIS2_PLACEMENT_3D ( 'NONE', #5479, #5000, #604 ) ;
#2642 = CARTESIAN_POINT ( 'NONE',  ( 0.000000000000000000, 0.000000000000000000, -0.06250000000000001388 ) ) ;
#2643 = EDGE_LOOP ( 'NONE', ( #3535, #1164, #4098, #1138 ) ) ;
#2644 = CARTESIAN_POINT ( 'NONE',  ( -0.5000000000000000000, 0.2104964325533064118, -0.1250000000000001110 ) ) ;
#2645 = EDGE_CURVE ( 'NONE', #6147, #297, #188, .T. ) ;
#2646 = AXIS2_PLACEMENT_3D ( 'NONE', #2642, #1744, #3753 ) ;
#2647 = LINE ( 'NONE', #2679, #1875 ) ;
#2648 = CARTESIAN_POINT ( 'NONE',  ( 0.8082233602167162578, -0.4085786437626903189, -1.141155855443755307 ) ) ;
#2649 = CARTESIAN_POINT ( 'NONE',  ( 0.3173517216637062877, 0.1044373753013161793, -1.641155855443755307 ) ) ;
#2650 = DIRECTION ( 'NONE',  ( -0.8333333333333333703, 0.5527707983925665980, 8.963876229210866459E-16 ) ) ;
#2651 = AXIS2_PLACEMENT_3D ( 'NONE', #1180, #3146, #2650 ) ;
#2652 = CARTESIAN_POINT ( 'NONE',  ( -0.1140441698233901763, 0.2749736500047373911, -1.398967788192503114 ) ) ;
#2653 =( BOUNDED_SURFACE ( )  B_SPLINE_SURFACE ( 3, 2, ( 
 ( #4323, #4877, #549 ),
 ( #5951, #5854, #5395 ),
 ( #1538, #4424, #2876 ),
 ( #1879, #2013, #3871 ),
 ( #2429, #1053, #6304 ),
 ( #1914, #1980, #5330 ),
 ( #938, #1446, #1948 ),
 ( #2497, #1414, #4847 ) ),
 .UNSPECIFIED., .F., .F., .F. ) 
 B_SPLINE_SURFACE_WITH_KNOTS ( ( 4, 2, 2, 4 ),
 ( 3, 3 ),
 ( 0.005148066606161465393, 0.006031799781880403319, 0.006915532957599340377, 0.008682999309037214494 ),
 ( 0.000000000000000000, 1.000000000000000000 ),
 .UNSPECIFIED. ) 
 GEOMETRIC_REPRESENTATION_ITEM ( )  RATIONAL_B_SPLINE_SURFACE ( (
 ( 1.000000000000000000, 0.7071067811865475727, 1.000000000000000000),
 ( 1.000000000000000000, 0.7260528326951298794, 1.000000000000000000),
 ( 1.000000000000000000, 0.7440915874129588881, 1.000000000000000000),
 ( 1.000000000000000000, 0.7780661725399439232, 1.000000000000000000),
 ( 1.000000000000000000, 0.7940571904123218117, 1.000000000000000000),
 ( 1.000000000000000000, 0.8392428365667986556, 1.000000000000000000),
 ( 1.000000000000000000, 0.8656621213124681136, 1.000000000000000000),
 ( 1.000000000000000000, 0.8886281962971868120, 1.000000000000000000) ) ) 
 REPRESENTATION_ITEM ( '' )  SURFACE ( )  );
#2654 = AXIS2_PLACEMENT_3D ( 'NONE', #1809, #1277, #3762 ) ;
#2655 = CC_DESIGN_DATE_AND_TIME_ASSIGNMENT ( #2961, #2484, ( #2619 ) ) ;
#2656 = EDGE_LOOP ( 'NONE', ( #5966, #4276, #4472, #1643 ) ) ;
#2657 = DIRECTION ( 'NONE',  ( 3.100300561798464228E-16, -0.000000000000000000, 1.000000000000000000 ) ) ;
#2658 = CARTESIAN_POINT ( 'NONE',  ( 0.3150000000000000022, 7.595024233627753955E-17, -0.1250000000000000000 ) ) ;
#2659 = CARTESIAN_POINT ( 'NONE',  ( 0.5508050117011742408, 0.2402915948720566741, -1.578369092866926726 ) ) ;
#2660 = CARTESIAN_POINT ( 'NONE',  ( 0.7082233602167162800, 0.4085786437626901524, -0.7600000000000051159 ) ) ;
#2661 = DIRECTION ( 'NONE',  ( 1.000000000000000000, 0.000000000000000000, -3.663353113774463059E-16 ) ) ;
#2662 = CARTESIAN_POINT ( 'NONE',  ( -0.1151514083128355598, -0.2785567709447100970, -1.506572209155309983 ) ) ;
#2663 = EDGE_CURVE ( 'NONE', #469, #4843, #1235, .T. ) ;
#2664 = VERTEX_POINT ( 'NONE', #3533 ) ;
#2665 = CARTESIAN_POINT ( 'NONE',  ( -0.06250000000000026368, 0.2100609937572608665, -1.266155855443755529 ) ) ;
#2666 = DIRECTION ( 'NONE',  ( 1.000000000000000000, 0.000000000000000000, 0.000000000000000000 ) ) ;
#2667 = ORIENTED_EDGE ( 'NONE', *, *, #6074, .T. ) ;
#2668 = CARTESIAN_POINT ( 'NONE',  ( -0.2071067811865481001, 0.5000000000000000000, 0.3826834323650908365 ) ) ;
#2669 = VERTEX_POINT ( 'NONE', #305 ) ;
#2670 = ORIENTED_EDGE ( 'NONE', *, *, #1605, .F. ) ;
#2671 = CARTESIAN_POINT ( 'NONE',  ( 0.5814722147471920177, -0.1838240789480397874, -1.559954444744887425 ) ) ;
#2672 = DIRECTION ( 'NONE',  ( 1.000000000000000000, -0.000000000000000000, -0.000000000000000000 ) ) ;
#2673 = CARTESIAN_POINT ( 'NONE',  ( -0.4769501093301066197, 0.06737343730092479333, -1.611836667195630346 ) ) ;
#2674 = ADVANCED_FACE ( 'NONE', ( #3168 ), #3024, .F. ) ;
#2675 = EDGE_LOOP ( 'NONE', ( #3099, #1435, #6211, #6230, #4363, #5533, #1335, #935, #2109 ) ) ;
#2676 = CARTESIAN_POINT ( 'NONE',  ( -0.1186742472959333022, -0.2919630283590197162, -1.256007644445362725 ) ) ;
#2677 = ORIENTED_EDGE ( 'NONE', *, *, #3272, .T. ) ;
#2678 = CIRCLE ( 'NONE', #741, 0.4499999999999998446 ) ;
#2679 = CARTESIAN_POINT ( 'NONE',  ( 0.3535533905932744525, 0.3535533905932732868, 0.3826834323650908365 ) ) ;
#2680 = ADVANCED_FACE ( 'NONE', ( #3529 ), #4967, .F. ) ;
#2681 = EDGE_CURVE ( 'NONE', #3285, #612, #4936, .T. ) ;
#2682 = CARTESIAN_POINT ( 'NONE',  ( -0.3226568664769773331, -0.1071225987322297485, -0.3649174998246623169 ) ) ;
#2683 = CARTESIAN_POINT ( 'NONE',  ( 0.06011167611184134452, -0.4166557837783872453, -0.2535120015135551852 ) ) ;
#2684 = CARTESIAN_POINT ( 'NONE',  ( 0.06249999999999981959, -0.4085786437626904299, -1.541155855443755440 ) ) ;
#2685 = CARTESIAN_POINT ( 'NONE',  ( 0.1200000000000000372, -0.3228699199675197362, -1.255681349255749257 ) ) ;
#2686 = VERTEX_POINT ( 'NONE', #2613 ) ;
#2687 = CARTESIAN_POINT ( 'NONE',  ( -0.3307283210670859397, 0.5000000000000000000, -0.1242047542652700010 ) ) ;
#2688 = CARTESIAN_POINT ( 'NONE',  ( 0.4950074440418351096, 0.02465533777877535609, -0.6371903130347358335 ) ) ;
#2689 = CARTESIAN_POINT ( 'NONE',  ( -0.5000062464782991656, -0.03015558547074562168, -0.07819307926771128237 ) ) ;
#2690 = DIRECTION ( 'NONE',  ( -1.000000000000000000, -0.000000000000000000, 1.821231995776175725E-16 ) ) ;
#2691 = CARTESIAN_POINT ( 'NONE',  ( -0.1199999999999999956, -0.3124999999999999445, -0.2643186507442511490 ) ) ;
#2692 = CARTESIAN_POINT ( 'NONE',  ( -0.1045575306066985760, -0.2534723124887200418, -1.393655855443755032 ) ) ;
#2693 = ORIENTED_EDGE ( 'NONE', *, *, #2681, .T. ) ;
#2694 = CARTESIAN_POINT ( 'NONE',  ( -0.2997762693059172756, -0.09194637149468587456, -1.172680872191195434 ) ) ;
#2695 = CARTESIAN_POINT ( 'NONE',  ( -0.4878245669010892183, -0.4932827572342096678, -0.1705289341866125796 ) ) ;
#2696 = CARTESIAN_POINT ( 'NONE',  ( 0.06249999999999980571, -0.2100609937572604224, -1.641155855443755307 ) ) ;
#2697 = VERTEX_POINT ( 'NONE', #5518 ) ;
#2698 = ORIENTED_EDGE ( 'NONE', *, *, #400, .F. ) ;
#2699 = VERTEX_POINT ( 'NONE', #3055 ) ;
#2700 = CARTESIAN_POINT ( 'NONE',  ( -0.3764464581011225386, -0.4669725520451445400, -0.1249999999999999861 ) ) ;
#2701 = CARTESIAN_POINT ( 'NONE',  ( -0.4965495933270811513, 0.06058231651201944484, -0.07456147662161650980 ) ) ;
#2702 = CARTESIAN_POINT ( 'NONE',  ( -0.4426213127018308047, 0.1013749793454474385, -1.622856832678727157 ) ) ;
#2703 = VERTEX_POINT ( 'NONE', #637 ) ;
#2704 = FACE_OUTER_BOUND ( 'NONE', #2219, .T. ) ;
#2705 = ORIENTED_EDGE ( 'NONE', *, *, #691, .T. ) ;
#2706 = DIRECTION ( 'NONE',  ( 1.000000000000000000, 0.000000000000000000, 0.000000000000000000 ) ) ;
#2707 = EDGE_CURVE ( 'NONE', #4107, #195, #5037, .T. ) ;
#2708 = AXIS2_PLACEMENT_3D ( 'NONE', #6018, #1129, #4559 ) ;
#2709 = CARTESIAN_POINT ( 'NONE',  ( 0.2651429243621428178, -0.04247217606297713777, -0.3243335740124046462 ) ) ;
#2710 = VECTOR ( 'NONE', #937, 39.37007874015748143 ) ;
#2711 = LINE ( 'NONE', #5225, #3612 ) ;
#2712 = VECTOR ( 'NONE', #1390, 39.37007874015748143 ) ;
#2713 = PLANE ( 'NONE',  #5033 ) ;
#2714 = DIRECTION ( 'NONE',  ( 0.000000000000000000, 0.000000000000000000, -1.000000000000000000 ) ) ;
#2715 = ADVANCED_FACE ( 'NONE', ( #5975 ), #4446, .T. ) ;
#2716 = CARTESIAN_POINT ( 'NONE',  ( -0.06250000000000020817, 0.2100609937572608110, -1.641155855443755307 ) ) ;
#2717 = DIRECTION ( 'NONE',  ( -1.000000000000000000, -0.000000000000000000, 3.100300561798464228E-16 ) ) ;
#2718 = ORIENTED_EDGE ( 'NONE', *, *, #3283, .F. ) ;
#2719 = CARTESIAN_POINT ( 'NONE',  ( -0.7727392372327768211, 0.3236121593216773062, -1.326155855443755138 ) ) ;
#2720 = CARTESIAN_POINT ( 'NONE',  ( 0.4220250183486660145, -0.2683073800944826837, -0.02500000011724453144 ) ) ;
#2721 = DIRECTION ( 'NONE',  ( -0.000000000000000000, -0.000000000000000000, 1.000000000000000000 ) ) ;
#2722 = EDGE_CURVE ( 'NONE', #522, #3151, #5453, .T. ) ;
#2723 = CARTESIAN_POINT ( 'NONE',  ( -0.5028430527821176055, 0.2259634888040699952, -0.1272386242378881205 ) ) ;
#2724 = VECTOR ( 'NONE', #5844, 39.37007874015748143 ) ;
#2725 = CARTESIAN_POINT ( 'NONE',  ( -0.1199739392651355124, -0.3099992205591726169, -1.457743566849833750 ) ) ;
#2726 = ORIENTED_EDGE ( 'NONE', *, *, #1646, .F. ) ;
#2727 = CARTESIAN_POINT ( 'NONE',  ( -0.4814766903264786624, -0.06021864397632856886, -0.9284397214457544845 ) ) ;
#2728 = LINE ( 'NONE', #4694, #5285 ) ;
#2729 = ORIENTED_EDGE ( 'NONE', *, *, #1183, .F. ) ;
#2730 = ORIENTED_EDGE ( 'NONE', *, *, #6185, .F. ) ;
#2731 = ORIENTED_EDGE ( 'NONE', *, *, #2164, .T. ) ;
#2732 = CARTESIAN_POINT ( 'NONE',  ( -0.6985357351166163742, 0.1027756813566453598, -1.453655855443755307 ) ) ;
#2733 = CARTESIAN_POINT ( 'NONE',  ( 0.2071067811865481001, 0.5000000000000001110, -0.02500000000000000486 ) ) ;
#2734 = DIRECTION ( 'NONE',  ( -0.8333333333333333703, -0.5527707983925665980, 0.000000000000000000 ) ) ;
#2735 = CARTESIAN_POINT ( 'NONE',  ( 0.1176180291972249298, 0.2885278066785914586, -1.407485960751789777 ) ) ;
#2736 = AXIS2_PLACEMENT_3D ( 'NONE', #4886, #3879, #1888 ) ;
#2737 = ORIENTED_EDGE ( 'NONE', *, *, #4834, .T. ) ;
#2738 = ORIENTED_EDGE ( 'NONE', *, *, #6278, .T. ) ;
#2739 = AXIS2_PLACEMENT_3D ( 'NONE', #1965, #2957, #1934 ) ;
#2740 = DIRECTION ( 'NONE',  ( -0.000000000000000000, -1.000000000000000000, -0.000000000000000000 ) ) ;
#2741 = VECTOR ( 'NONE', #5879, 39.37007874015748143 ) ;
#2742 = CIRCLE ( 'NONE', #3543, 0.1200000000000000233 ) ;
#2743 = DIRECTION ( 'NONE',  ( 1.000000000000000000, 0.000000000000000000, 0.000000000000000000 ) ) ;
#2744 = CARTESIAN_POINT ( 'NONE',  ( -0.3462116175015881314, -0.1161456935249140648, -0.3853704162455653948 ) ) ;
#2745 = ADVANCED_FACE ( 'NONE', ( #62 ), #606, .F. ) ;
#2746 = DIRECTION ( 'NONE',  ( 0.9364401444393467555, 0.3508273875888472393, 0.000000000000000000 ) ) ;
#2747 = VECTOR ( 'NONE', #5238, 39.37007874015748143 ) ;
#2748 = CARTESIAN_POINT ( 'NONE',  ( 0.4673192245751570106, -0.3697097856031655860, -0.1250000000000099643 ) ) ;
#2749 = B_SPLINE_CURVE_WITH_KNOTS ( 'NONE', 3,
 ( #2630, #2242, #328, #6050, #5208, #742, #2143, #814 ),
 .UNSPECIFIED., .F., .F.,
 ( 4, 2, 2, 4 ),
 ( 0.02165220369115122140, 0.02203014203307585364, 0.02240808037500048241, 0.02316395705884974690 ),
 .UNSPECIFIED. ) ;
#2750 = CARTESIAN_POINT ( 'NONE',  ( -0.09090351379740978233, -0.2340120985576225054, -1.395693821423957148 ) ) ;
#2751 = CARTESIAN_POINT ( 'NONE',  ( 0.06249999999999980571, 0.5000000000000000000, -1.591155855443755041 ) ) ;
#2752 = FACE_OUTER_BOUND ( 'NONE', #2810, .T. ) ;
#2753 = ADVANCED_FACE ( 'NONE', ( #4541 ), #3469, .T. ) ;
#2754 = ORIENTED_EDGE ( 'NONE', *, *, #2950, .F. ) ;
#2755 = CARTESIAN_POINT ( 'NONE',  ( -0.06250000000000006939, 0.5000000000000000000, -1.266155855443755529 ) ) ;
#2756 = CARTESIAN_POINT ( 'NONE',  ( 0.4616792322724311282, -0.1928727215717207510, -0.04025228862322061812 ) ) ;
#2757 = CARTESIAN_POINT ( 'NONE',  ( 0.4777984767417232104, 0.3169356545511277101, -0.1213857510507518334 ) ) ;
#2758 = CARTESIAN_POINT ( 'NONE',  ( 0.3535533905932744525, 0.3535533905932732868, -0.02500000000000000486 ) ) ;
#2759 = CIRCLE ( 'NONE', #1733, 0.5999999999999999778 ) ;
#2760 = ADVANCED_FACE ( 'NONE', ( #1047 ), #4191, .F. ) ;
#2761 = EDGE_LOOP ( 'NONE', ( #140, #6161, #3140, #5451, #737 ) ) ;
#2762 = CARTESIAN_POINT ( 'NONE',  ( -0.4975000000000016076, 2.075730278022688051E-14, -0.8722218784373116929 ) ) ;
#2763 = LINE ( 'NONE', #5858, #2712 ) ;
#2764 = ORIENTED_EDGE ( 'NONE', *, *, #2324, .T. ) ;
#2765 = EDGE_LOOP ( 'NONE', ( #192, #5157, #2984, #3754, #5968, #1654, #4623, #3003, #1393, #2247, #2244, #4437, #1119, #3539, #5299, #2981, #1892, #143, #6358, #1071 ) ) ;
#2766 = ORIENTED_EDGE ( 'NONE', *, *, #4087, .T. ) ;
#2767 = DIRECTION ( 'NONE',  ( -0.000000000000000000, -0.000000000000000000, -1.000000000000000000 ) ) ;
#2768 = CARTESIAN_POINT ( 'NONE',  ( 0.4211906233625979934, 0.4361263494476739222, -0.1250000000000000000 ) ) ;
#2769 = CARTESIAN_POINT ( 'NONE',  ( -0.3428302749164108265, 0.1150146956441791130, -1.639983955246598235 ) ) ;
#2770 = ORIENTED_EDGE ( 'NONE', *, *, #218, .F. ) ;
#2771 = ORIENTED_EDGE ( 'NONE', *, *, #4272, .F. ) ;
#2772 = CARTESIAN_POINT ( 'NONE',  ( 0.4921650373251191257, -0.03626940253369308198, -0.8939101620942619952 ) ) ;
#2773 = LINE ( 'NONE', #5193, #979 ) ;
#2774 = LINE ( 'NONE', #2803, #5131 ) ;
#2775 = DIRECTION ( 'NONE',  ( -0.000000000000000000, 1.000000000000000000, -0.000000000000000000 ) ) ;
#2776 = EDGE_CURVE ( 'NONE', #540, #2199, #2142, .T. ) ;
#2777 = ORIENTED_EDGE ( 'NONE', *, *, #73, .T. ) ;
#2778 = FACE_OUTER_BOUND ( 'NONE', #1102, .T. ) ;
#2779 = CARTESIAN_POINT ( 'NONE',  ( 0.3771204989363342031, 0.1209762062422179152, -0.4159850593013004749 ) ) ;
#2780 = DIRECTION ( 'NONE',  ( 0.000000000000000000, -1.000000000000000000, 0.000000000000000000 ) ) ;
#2781 = CARTESIAN_POINT ( 'NONE',  ( 0.3993197982237519095, 0.4492083392001054443, -0.1250000000000000000 ) ) ;
#2782 = EDGE_CURVE ( 'NONE', #2572, #422, #3587, .T. ) ;
#2783 = CARTESIAN_POINT ( 'NONE',  ( 0.7531340250999800645, -0.3428173546286721329, -1.369450778655895595 ) ) ;
#2784 = ORIENTED_EDGE ( 'NONE', *, *, #137, .T. ) ;
#2785 = FACE_BOUND ( 'NONE', #6343, .T. ) ;
#2786 = CARTESIAN_POINT ( 'NONE',  ( -0.09043656038481974468, -0.2332336281198078842, -0.2580507398908681305 ) ) ;
#2787 = ORIENTED_EDGE ( 'NONE', *, *, #5987, .F. ) ;
#2788 = ORIENTED_EDGE ( 'NONE', *, *, #5998, .T. ) ;
#2789 = ORIENTED_EDGE ( 'NONE', *, *, #3065, .F. ) ;
#2790 = FACE_OUTER_BOUND ( 'NONE', #5551, .T. ) ;
#2791 = EDGE_CURVE ( 'NONE', #485, #433, #2185, .T. ) ;
#2792 = EDGE_CURVE ( 'NONE', #3431, #2921, #3927, .T. ) ;
#2793 = CARTESIAN_POINT ( 'NONE',  ( -0.5288947391744089899, 0.3537450982476830763, -0.1488540347296410937 ) ) ;
#2794 = ORIENTED_EDGE ( 'NONE', *, *, #2126, .T. ) ;
#2795 = FACE_OUTER_BOUND ( 'NONE', #1158, .T. ) ;
#2796 = VERTEX_POINT ( 'NONE', #3620 ) ;
#2797 = AXIS2_PLACEMENT_3D ( 'NONE', #3610, #300, #1736 ) ;
#2798 = CARTESIAN_POINT ( 'NONE',  ( 0.4970989529082953107, -0.01090640450378764850, -0.8740177930944236229 ) ) ;
#2799 = EDGE_CURVE ( 'NONE', #3878, #1563, #5614, .T. ) ;
#2800 = AXIS2_PLACEMENT_3D ( 'NONE', #5683, #5654, #6066 ) ;
#2801 = LINE ( 'NONE', #4772, #672 ) ;
#2802 = CARTESIAN_POINT ( 'NONE',  ( -0.3305308606214831801, -0.1107370080406350349, -0.3714653692475940461 ) ) ;
#2803 = CARTESIAN_POINT ( 'NONE',  ( 0.3082233602167161468, 0.5000000000000000000, -1.641155855443755307 ) ) ;
#2804 = LOCAL_TIME ( 17, 50, 1.000000000000000000, #4935 ) ;
#2805 = CIRCLE ( 'NONE', #871, 0.05999999999999990757 ) ;
#2806 = PLANE ( 'NONE',  #498 ) ;
#2807 = CARTESIAN_POINT ( 'NONE',  ( -0.01587717885087153863, 0.1925057574157501006, -0.2500013546859748970 ) ) ;
#2808 = AXIS2_PLACEMENT_3D ( 'NONE', #2205, #3157, #4171 ) ;
#2809 = LINE ( 'NONE', #1841, #1305 ) ;
#2810 = EDGE_LOOP ( 'NONE', ( #4456, #631, #1131, #5374 ) ) ;
#2811 = CARTESIAN_POINT ( 'NONE',  ( 0.1024390062427392722, 0.2499999999999998890, -1.513655855443755138 ) ) ;
#2812 = CARTESIAN_POINT ( 'NONE',  ( 0.2648105331788540018, 0.04265661978371034641, -0.3241250779177429764 ) ) ;
#2813 = DIRECTION ( 'NONE',  ( -0.000000000000000000, -0.000000000000000000, 1.000000000000000000 ) ) ;
#2814 = CARTESIAN_POINT ( 'NONE',  ( 0.6610684442155796425, 0.3684567599550065409, -1.495887900717910890 ) ) ;
#2815 = ORIENTED_EDGE ( 'NONE', *, *, #5515, .F. ) ;
#2816 = CARTESIAN_POINT ( 'NONE',  ( 0.2575000000000000067, 8.299196143137481106E-17, -1.641155855443755307 ) ) ;
#2817 = CARTESIAN_POINT ( 'NONE',  ( -0.4242640687119289544, -0.4242640687119280662, -0.02500000000000000486 ) ) ;
#2818 = CARTESIAN_POINT ( 'NONE',  ( -0.1200000000000000233, -0.3046523128370691724, -0.2643186507442512045 ) ) ;
#2819 = EDGE_CURVE ( 'NONE', #4332, #5083, #1870, .T. ) ;
#2820 = CARTESIAN_POINT ( 'NONE',  ( -0.4942650358051992598, 0.4546695588921580988, -0.1250000000000000278 ) ) ;
#2821 = CARTESIAN_POINT ( 'NONE',  ( 0.7717357656601950833, -0.2499999999999998890, -1.328655855443755307 ) ) ;
#2822 = CARTESIAN_POINT ( 'NONE',  ( -0.5303037799963965515, 0.07218979219489220223, -0.1500765311479708708 ) ) ;
#2823 = CYLINDRICAL_SURFACE ( 'NONE', #5116, 0.09999999999999996392 ) ;
#2824 = CARTESIAN_POINT ( 'NONE',  ( -0.09112918195729029225, 0.2338380127515829465, -1.511897328247356675 ) ) ;
#2825 = ORIENTED_EDGE ( 'NONE', *, *, #19, .T. ) ;
#2826 = ADVANCED_FACE ( 'NONE', ( #4117 ), #4603, .T. ) ;
#2827 = ORIENTED_EDGE ( 'NONE', *, *, #5923, .F. ) ;
#2828 = CARTESIAN_POINT ( 'NONE',  ( 0.4875887178532344324, 0.2818814069732943905, -0.1204074551414767436 ) ) ;
#2829 = CARTESIAN_POINT ( 'NONE',  ( 0.4814319093656162507, -0.06029097811781353872, -0.9285634465992564923 ) ) ;
#2830 = CIRCLE ( 'NONE', #84, 0.7789340383353715591 ) ;
#2831 = FACE_OUTER_BOUND ( 'NONE', #1559, .T. ) ;
#2832 = CARTESIAN_POINT ( 'NONE',  ( -0.4974999999999999978, 8.300323726622584248E-17, -1.603945606445599470 ) ) ;
#2833 = PERSON_AND_ORGANIZATION_ROLE ( 'classification_officer' ) ;
#2834 = ADVANCED_FACE ( 'NONE', ( #5712 ), #3722, .F. ) ;
#2835 = CARTESIAN_POINT ( 'NONE',  ( -0.4394448086741523096, 0.1027756813566453598, -1.453655855443755307 ) ) ;
#2836 = AXIS2_PLACEMENT_3D ( 'NONE', #3908, #2912, #2558 ) ;
#2837 = DIRECTION ( 'NONE',  ( -1.000000000000000000, -6.972611193684167326E-32, 3.663353113774463059E-16 ) ) ;
#2838 = CARTESIAN_POINT ( 'NONE',  ( 0.4842701976668896680, 0.1288730194360675763, -0.1112528339175741926 ) ) ;
#2839 = DIRECTION ( 'NONE',  ( -0.000000000000000000, 1.000000000000000000, -0.000000000000000000 ) ) ;
#2840 = VECTOR ( 'NONE', #3864, 39.37007874015748143 ) ;
#2841 = CARTESIAN_POINT ( 'NONE',  ( -3.044817391071755616E-16, 0.5000000000000000000, -1.591155855443754596 ) ) ;
#2842 = ORIENTED_EDGE ( 'NONE', *, *, #1386, .T. ) ;
#2843 = CARTESIAN_POINT ( 'NONE',  ( -0.4844455537913855414, 0.05482646977947359251, -0.9196690101409923379 ) ) ;
#2844 = CARTESIAN_POINT ( 'NONE',  ( -0.5156697064299053945, -0.2873194034507851047, -0.1376330125895872114 ) ) ;
#2845 = CARTESIAN_POINT ( 'NONE',  ( 0.000000000000000000, 0.000000000000000000, 0.000000000000000000 ) ) ;
#2846 = ORIENTED_EDGE ( 'NONE', *, *, #3335, .T. ) ;
#2847 = CARTESIAN_POINT ( 'NONE',  ( 0.4413127956608020042, 0.2352276560523144933, -0.02931668619345989546 ) ) ;
#2848 = CARTESIAN_POINT ( 'NONE',  ( 0.1200000000000000233, -0.3045411274689697190, -0.2643186507442510935 ) ) ;
#2849 = CARTESIAN_POINT ( 'NONE',  ( -0.5289035462114769492, 0.3538687797696197790, -0.1488616823044327242 ) ) ;
#2850 = ORIENTED_EDGE ( 'NONE', *, *, #2203, .F. ) ;
#2851 = DIRECTION ( 'NONE',  ( -0.000000000000000000, -0.000000000000000000, 1.000000000000000000 ) ) ;
#2852 = CARTESIAN_POINT ( 'NONE',  ( 0.3270189340712463810, 0.3236121593216773062, -1.326155855443755582 ) ) ;
#2853 = AXIS2_PLACEMENT_3D ( 'NONE', #2526, #4454, #4516 ) ;
#2854 = ADVANCED_FACE ( 'NONE', ( #5129 ), #3282, .T. ) ;
#2855 = CARTESIAN_POINT ( 'NONE',  ( -0.4414420297510240898, 0.2349846866455829741, -0.02936519811662987103 ) ) ;
#2856 = ORIENTED_EDGE ( 'NONE', *, *, #2776, .F. ) ;
#2857 = VERTEX_POINT ( 'NONE', #4635 ) ;
#2858 = CARTESIAN_POINT ( 'NONE',  ( -0.5000000000000001110, -0.2922727901466771749, -0.1250000000000000278 ) ) ;
#2859 = DIRECTION ( 'NONE',  ( -1.000000000000000000, 0.000000000000000000, 3.663353113774463059E-16 ) ) ;
#2860 = LINE ( 'NONE', #4738, #4031 ) ;
#2861 = ADVANCED_FACE ( 'NONE', ( #3171 ), #277, .T. ) ;
#2862 = CARTESIAN_POINT ( 'NONE',  ( 0.1199999999999999956, 0.3125000000000000555, -1.641155855443755307 ) ) ;
#2863 = CARTESIAN_POINT ( 'NONE',  ( -0.4380632106078396482, 0.5000000000000001110, -0.1475466539317344394 ) ) ;
#2864 = CARTESIAN_POINT ( 'NONE',  ( 0.000000000000000000, 0.000000000000000000, -0.1250000000000000000 ) ) ;
#2865 = MECHANICAL_CONTEXT ( 'NONE', #1046, 'mechanical' ) ;
#2866 = FACE_OUTER_BOUND ( 'NONE', #677, .T. ) ;
#2867 = CYLINDRICAL_SURFACE ( 'NONE', #2037, 0.1000000000000000194 ) ;
#2868 = CARTESIAN_POINT ( 'NONE',  ( 0.06249999999999981959, -0.4149390062427394943, -1.640953379406639323 ) ) ;
#2869 = ADVANCED_FACE ( 'NONE', ( #2795 ), #2479, .F. ) ;
#2870 = EDGE_CURVE ( 'NONE', #1147, #3015, #3966, .T. ) ;
#2871 = CARTESIAN_POINT ( 'NONE',  ( 0.09531983342749519861, 0.2391772382196800106, -0.2589669451582418680 ) ) ;
#2872 = B_SPLINE_CURVE_WITH_KNOTS ( 'NONE', 3,
 ( #2255, #5283, #343, #890, #1775, #6201 ),
 .UNSPECIFIED., .F., .F.,
 ( 4, 2, 4 ),
 ( 4.636127598105487918E-17, 0.0008249629259218647275, 0.001649925851843683051 ),
 .UNSPECIFIED. ) ;
#2873 = CARTESIAN_POINT ( 'NONE',  ( 0.3082233602167161468, 0.09798340257582993651, -1.641155855443755307 ) ) ;
#2874 = CARTESIAN_POINT ( 'NONE',  ( 0.09986217107664038806, 0.2457765050613356927, -1.513655855443755138 ) ) ;
#2875 = CARTESIAN_POINT ( 'NONE',  ( -0.4166666666666666852, 0.2763853991962832435, -0.02500000000000005690 ) ) ;
#2876 = CARTESIAN_POINT ( 'NONE',  ( -0.5000000000000001110, 0.3121068144790539733, -0.1250000000000000278 ) ) ;
#2877 = DIRECTION ( 'NONE',  ( 1.000000000000000000, 0.000000000000000000, 0.000000000000000000 ) ) ;
#2878 = VERTEX_POINT ( 'NONE', #1860 ) ;
#2879 = CARTESIAN_POINT ( 'NONE',  ( 0.09539826007295706956, 0.3857156806163216656, -0.2589821491764647265 ) ) ;
#2880 = CARTESIAN_POINT ( 'NONE',  ( 0.05324246841552837672, -0.2046747690768152550, -0.2527350517482140901 ) ) ;
#2881 = CARTESIAN_POINT ( 'NONE',  ( 0.07921693092604581432, 0.2217930354202865828, -1.263861034627683289 ) ) ;
#2882 = CARTESIAN_POINT ( 'NONE',  ( -0.5457102019574744389, 0.2499999999999999167, -1.581155855443755476 ) ) ;
#2883 = CARTESIAN_POINT ( 'NONE',  ( 0.2716938810978446472, 0.05684962841750611923, -1.191615896355204818 ) ) ;
#2884 = LINE ( 'NONE', #2411, #1279 ) ;
#2885 = ORIENTED_EDGE ( 'NONE', *, *, #6234, .F. ) ;
#2886 = ORIENTED_EDGE ( 'NONE', *, *, #3418, .T. ) ;
#2887 = FACE_OUTER_BOUND ( 'NONE', #3656, .T. ) ;
#2888 = CARTESIAN_POINT ( 'NONE',  ( -0.3082233602167164244, 0.4085786437626892087, -1.541155855443755440 ) ) ;
#2889 = CARTESIAN_POINT ( 'NONE',  ( -0.5199265109473558688, -0.3022088300667170602, -0.1412097098256074323 ) ) ;
#2890 = B_SPLINE_CURVE_WITH_KNOTS ( 'NONE', 3,
 ( #1798, #4699, #4241, #3749, #5739, #3809 ),
 .UNSPECIFIED., .F., .F.,
 ( 4, 2, 4 ),
 ( 0.000000000000000000, 0.001005070688847944232, 0.002010141377695888465 ),
 .UNSPECIFIED. ) ;
#2891 = SPHERICAL_SURFACE ( 'NONE', #2739, 0.09999999999999997780 ) ;
#2892 = CARTESIAN_POINT ( 'NONE',  ( 0.06249999999999980571, 0.2100609937572605612, -1.641155855443755307 ) ) ;
#2893 = ORIENTED_EDGE ( 'NONE', *, *, #2585, .F. ) ;
#2894 = COORDINATED_UNIVERSAL_TIME_OFFSET ( 8, 0, .BEHIND. ) ;
#2895 = EDGE_CURVE ( 'NONE', #5359, #4505, #4119, .T. ) ;
#2896 = VECTOR ( 'NONE', #4277, 39.37007874015748143 ) ;
#2897 = CARTESIAN_POINT ( 'NONE',  ( 0.4875887178532340438, -0.2818814069732960004, -0.1204074551414766880 ) ) ;
#2898 = CARTESIAN_POINT ( 'NONE',  ( -0.09042561937399708205, 0.2332257895166445216, -0.2580491627021530010 ) ) ;
#2899 = ORIENTED_EDGE ( 'NONE', *, *, #4733, .F. ) ;
#2900 = CARTESIAN_POINT ( 'NONE',  ( -0.2716852433991439608, 0.05682942850373972482, -1.191621111989895621 ) ) ;
#2901 = ADVANCED_FACE ( 'NONE', ( #4830 ), #2378, .F. ) ;
#2902 = LINE ( 'NONE', #1475, #1174 ) ;
#2903 = VECTOR ( 'NONE', #1157, 39.37007874015748143 ) ;
#2905 = ORIENTED_EDGE ( 'NONE', *, *, #4126, .F. ) ;
#2904 = VECTOR ( 'NONE', #5769, 39.37007874015748143 ) ;
#2906 = CARTESIAN_POINT ( 'NONE',  ( -0.8082233602167163689, 0.4085786437626897083, -1.141155855443755085 ) ) ;
#2907 = CIRCLE ( 'NONE', #1392, 0.06249999999999995143 ) ;
#2908 = AXIS2_PLACEMENT_3D ( 'NONE', #5240, #4820, #454 ) ;
#2909 = CARTESIAN_POINT ( 'NONE',  ( 0.7717357656601954163, -0.2597744517371773365, -1.328655855443755307 ) ) ;
#2910 = ORIENTED_EDGE ( 'NONE', *, *, #3334, .F. ) ;
#2911 = CARTESIAN_POINT ( 'NONE',  ( 0.4513714592164498329, -0.09518401426171971269, -1.620298381635218998 ) ) ;
#2912 = DIRECTION ( 'NONE',  ( -0.000000000000000000, 1.000000000000000000, -0.000000000000000000 ) ) ;
#2913 = EDGE_CURVE ( 'NONE', #1563, #1369, #6323, .T. ) ;
#2914 = CARTESIAN_POINT ( 'NONE',  ( -0.5235532691013234929, 0.3148944863007828165, -0.1442570228539208632 ) ) ;
#2915 = VERTEX_POINT ( 'NONE', #4435 ) ;
#2916 = CARTESIAN_POINT ( 'NONE',  ( -0.4272327084602774994, -0.2599316800300855990, -0.02563161009947848359 ) ) ;
#2917 = CARTESIAN_POINT ( 'NONE',  ( 0.07189502216928576883, 0.4085786437626901524, -1.641155855443755307 ) ) ;
#2918 = DIRECTION ( 'NONE',  ( 1.821231995776175725E-16, 0.000000000000000000, 1.000000000000000000 ) ) ;
#2919 = CYLINDRICAL_SURFACE ( 'NONE', #3348, 0.05999999999999990757 ) ;
#2920 = CARTESIAN_POINT ( 'NONE',  ( -0.5123017378429242097, -0.2719646697471271302, -0.1348781413438415733 ) ) ;
#2921 = VERTEX_POINT ( 'NONE', #2544 ) ;
#2922 = EDGE_LOOP ( 'NONE', ( #4754, #3490 ) ) ;
#2923 = PLANE ( 'NONE',  #310 ) ;
#2924 = LINE ( 'NONE', #982, #1087 ) ;
#2925 = CARTESIAN_POINT ( 'NONE',  ( -0.4512247674116549589, -0.09483475734923796363, -1.620292063148467188 ) ) ;
#2926 = ORIENTED_EDGE ( 'NONE', *, *, #129, .T. ) ;
#2927 = LINE ( 'NONE', #3999, #5329 ) ;
#2928 = CIRCLE ( 'NONE', #3438, 0.1199999999999999956 ) ;
#2929 = DIRECTION ( 'NONE',  ( -0.7071067811865459074, -0.7071067811865491270, 0.000000000000000000 ) ) ;
#2930 = DIRECTION ( 'NONE',  ( 1.776356839400250465E-15, 0.000000000000000000, 1.000000000000000000 ) ) ;
#2931 = ADVANCED_FACE ( 'NONE', ( #4991 ), #4018, .F. ) ;
#2932 = AXIS2_PLACEMENT_3D ( 'NONE', #4293, #5787, #3407 ) ;
#2933 = ORIENTED_EDGE ( 'NONE', *, *, #1043, .T. ) ;
#2934 = DIRECTION ( 'NONE',  ( 1.000000000000000000, 0.000000000000000000, -1.821231995776175725E-16 ) ) ;
#2935 = LINE ( 'NONE', #2065, #2340 ) ;
#2936 = ORIENTED_EDGE ( 'NONE', *, *, #5828, .T. ) ;
#2937 = AXIS2_PLACEMENT_3D ( 'NONE', #4945, #616, #162 ) ;
#2938 = LINE ( 'NONE', #4910, #3548 ) ;
#2939 = AXIS2_PLACEMENT_3D ( 'NONE', #1558, #182, #3958 ) ;
#2940 = ADVANCED_FACE ( 'NONE', ( #5507 ), #1133, .F. ) ;
#2941 = CARTESIAN_POINT ( 'NONE',  ( 0.5502848193546797662, 0.2499999999999998890, -1.578655855443755085 ) ) ;
#2942 = ORIENTED_EDGE ( 'NONE', *, *, #4594, .T. ) ;
#2943 = CARTESIAN_POINT ( 'NONE',  ( 0.4999999999999927280, 0.2314495931746236024, -0.1249999999999942824 ) ) ;
#2944 = AXIS2_PLACEMENT_3D ( 'NONE', #1833, #6202, #4838 ) ;
#2945 = CARTESIAN_POINT ( 'NONE',  ( -0.4777984767417231549, 0.3169356545511292644, -0.1213857510507520554 ) ) ;
#2946 = ORIENTED_EDGE ( 'NONE', *, *, #3795, .T. ) ;
#2947 = CARTESIAN_POINT ( 'NONE',  ( 0.2574999999999999512, 0.005467624554585348920, -1.200220115396831932 ) ) ;
#2948 = FACE_OUTER_BOUND ( 'NONE', #6284, .T. ) ;
#2949 = EDGE_CURVE ( 'NONE', #93, #373, #1960, .T. ) ;
#2950 = EDGE_CURVE ( 'NONE', #1147, #3951, #4163, .T. ) ;
#2951 = CARTESIAN_POINT ( 'NONE',  ( 0.4137456375881509163, 0.5000000000000001110, -0.1383811162182522758 ) ) ;
#2952 = EDGE_LOOP ( 'NONE', ( #3919, #3910, #1417, #2415, #179, #3412 ) ) ;
#2953 = FACE_OUTER_BOUND ( 'NONE', #1574, .T. ) ;
#2954 = CARTESIAN_POINT ( 'NONE',  ( -0.4640639265841039474, 0.5000000000000000000, -0.1250000000000000000 ) ) ;
#2955 = ORIENTED_EDGE ( 'NONE', *, *, #4958, .F. ) ;
#2956 = CARTESIAN_POINT ( 'NONE',  ( -0.4640639265841040584, 0.3803218006416977937, -0.1250000000000000000 ) ) ;
#2957 = DIRECTION ( 'NONE',  ( 0.000000000000000000, 1.000000000000000000, 0.000000000000000000 ) ) ;
#2958 = AXIS2_PLACEMENT_3D ( 'NONE', #348, #6239, #6101 ) ;
#2959 = DIRECTION ( 'NONE',  ( 1.000000000000000000, 0.000000000000000000, -1.821231995776175725E-16 ) ) ;
#2960 = ORIENTED_EDGE ( 'NONE', *, *, #5161, .T. ) ;
#2961 = DATE_AND_TIME ( #5319, #5079 ) ;
#2962 = CARTESIAN_POINT ( 'NONE',  ( 0.4498666168733517212, 0.09591180464968501740, -0.5195359983388431191 ) ) ;
#2963 = CARTESIAN_POINT ( 'NONE',  ( 0.4993140788275876041, 0.03033618255817719864, -0.07745939380440314270 ) ) ;
#2964 = CARTESIAN_POINT ( 'NONE',  ( 0.07189502216928522760, -0.4085786437626904299, -1.641155855443755307 ) ) ;
#2965 = CARTESIAN_POINT ( 'NONE',  ( -0.3071113073003090554, 0.09761379202653126808, -1.167284029097426679 ) ) ;
#2966 = CARTESIAN_POINT ( 'NONE',  ( 0.3775624397921553688, -0.5307495682087783884, -0.1445268182693747461 ) ) ;
#2967 = ORIENTED_EDGE ( 'NONE', *, *, #3832, .T. ) ;
#2968 = CYLINDRICAL_SURFACE ( 'NONE', #2937, 0.05999999999999990757 ) ;
#2969 = B_SPLINE_CURVE_WITH_KNOTS ( 'NONE', 3,
 ( #1307, #3243, #347, #3309 ),
 .UNSPECIFIED., .F., .F.,
 ( 4, 4 ),
 ( 0.000000000000000000, 0.001941493044246689293 ),
 .UNSPECIFIED. ) ;
#2970 = DIRECTION ( 'NONE',  ( 0.000000000000000000, 0.000000000000000000, 1.000000000000000000 ) ) ;
#2971 = VERTEX_POINT ( 'NONE', #1490 ) ;
#2972 = CARTESIAN_POINT ( 'NONE',  ( 0.3082233602167161468, -0.09798340257582979773, -1.641155855443755307 ) ) ;
#2973 = CARTESIAN_POINT ( 'NONE',  ( -0.3125000000000002220, 0.2499999999999998890, -1.453655855443755307 ) ) ;
#2974 = CARTESIAN_POINT ( 'NONE',  ( 0.6610298306205096841, 0.1320288543350867649, -1.495579909029651544 ) ) ;
#2975 = EDGE_CURVE ( 'NONE', #5224, #4757, #1978, .T. ) ;
#2976 = CARTESIAN_POINT ( 'NONE',  ( 0.2604480188902280058, 0.02697859145248087190, -1.198485644796556837 ) ) ;
#2977 = CARTESIAN_POINT ( 'NONE',  ( -0.4682200722196740994, 0.1754136937944216490, -0.04643260993721694957 ) ) ;
#2978 = FACE_OUTER_BOUND ( 'NONE', #2098, .T. ) ;
#2979 = CARTESIAN_POINT ( 'NONE',  ( -0.5457102019574745499, 0.1763878406783228325, -1.581155855443755476 ) ) ;
#2980 = CARTESIAN_POINT ( 'NONE',  ( 0.1190047206020176523, -0.2969028463065578882, -1.416020715917621020 ) ) ;
#2981 = ORIENTED_EDGE ( 'NONE', *, *, #4126, .T. ) ;
#2982 = CARTESIAN_POINT ( 'NONE',  ( 0.4999999999999978351, -0.03024119593669479661, -0.07818648294174562752 ) ) ;
#2983 = EDGE_LOOP ( 'NONE', ( #1097, #4876, #1554, #53 ) ) ;
#2984 = ORIENTED_EDGE ( 'NONE', *, *, #2076, .T. ) ;
#2985 = EDGE_CURVE ( 'NONE', #6231, #3839, #5553, .T. ) ;
#2986 = DIRECTION ( 'NONE',  ( 0.000000000000000000, -1.000000000000000000, 0.000000000000000000 ) ) ;
#2987 = CARTESIAN_POINT ( 'NONE',  ( 0.5000000000000000000, 0.2104964325533063285, -0.1250000000000000000 ) ) ;
#2988 = EDGE_CURVE ( 'NONE', #4511, #5444, #5967, .T. ) ;
#2989 = CARTESIAN_POINT ( 'NONE',  ( 0.4942650358051988158, 0.4546695588921587650, -0.1250000000000000278 ) ) ;
#2990 = AXIS2_PLACEMENT_3D ( 'NONE', #4049, #5640, #2633 ) ;
#2991 = CARTESIAN_POINT ( 'NONE',  ( -0.3082233602167163133, 0.4085786437626892087, -1.141155855443755307 ) ) ;
#2992 = DIRECTION ( 'NONE',  ( 0.7071067811865494601, 0.7071067811865455743, 0.000000000000000000 ) ) ;
#2993 = ORIENTED_EDGE ( 'NONE', *, *, #3588, .T. ) ;
#2994 = EDGE_CURVE ( 'NONE', #3259, #1329, #5026, .T. ) ;
#2995 = FACE_OUTER_BOUND ( 'NONE', #920, .T. ) ;
#2996 = CARTESIAN_POINT ( 'NONE',  ( 0.4843447072610239656, -0.1286874561152230867, -0.1113080810970175361 ) ) ;
#2997 = CARTESIAN_POINT ( 'NONE',  ( -0.05337395053131534922, -0.4202664322010721820, -0.2527477525929883728 ) ) ;
#2998 = DIRECTION ( 'NONE',  ( 0.000000000000000000, 0.000000000000000000, -1.000000000000000000 ) ) ;
#2999 = AXIS2_PLACEMENT_3D ( 'NONE', #1160, #4211, #233 ) ;
#3000 = ORIENTED_EDGE ( 'NONE', *, *, #5624, .F. ) ;
#3001 = CARTESIAN_POINT ( 'NONE',  ( -0.1067077623539516434, 0.2569965941428032363, -1.513655855443754916 ) ) ;
#3002 = CARTESIAN_POINT ( 'NONE',  ( 0.6741351334794435379, -0.3719407301673809951, -1.482033237366885858 ) ) ;
#3003 = ORIENTED_EDGE ( 'NONE', *, *, #3692, .T. ) ;
#3004 = CARTESIAN_POINT ( 'NONE',  ( -0.03870267146112762319, 0.4263607409739468834, -0.2514180753372833310 ) ) ;
#3005 = DIRECTION ( 'NONE',  ( 0.000000000000000000, -1.000000000000000000, 0.000000000000000000 ) ) ;
#3006 = DIRECTION ( 'NONE',  ( -0.8581933334987890127, -0.5133266039649967416, 3.505825632840667029E-16 ) ) ;
#3007 = VECTOR ( 'NONE', #5046, 39.37007874015748143 ) ;
#3008 = CARTESIAN_POINT ( 'NONE',  ( 0.5339343218491764409, 0.01806188808486056119, -0.1532552925952275769 ) ) ;
#3009 = CARTESIAN_POINT ( 'NONE',  ( -0.6985357351166163742, -0.3972243186433544460, -1.453655855443755307 ) ) ;
#3010 = EDGE_CURVE ( 'NONE', #1826, #5743, #4445, .T. ) ;
#3011 = CARTESIAN_POINT ( 'NONE',  ( 0.1066715524802922810, -0.2569372452872215051, -1.513655855443755582 ) ) ;
#3012 = ORIENTED_EDGE ( 'NONE', *, *, #4350, .F. ) ;
#3013 = AXIS2_PLACEMENT_3D ( 'NONE', #6048, #3822, #6367 ) ;
#3014 = CARTESIAN_POINT ( 'NONE',  ( 0.000000000000000000, 0.4792893218813446543, -0.7600000000000001199 ) ) ;
#3015 = VERTEX_POINT ( 'NONE', #2081 ) ;
#3016 = CARTESIAN_POINT ( 'NONE',  ( -0.08765319203659992231, 0.2304053425365630292, -1.396830601374745129 ) ) ;
#3017 = ORIENTED_EDGE ( 'NONE', *, *, #4207, .T. ) ;
#3018 = ORIENTED_EDGE ( 'NONE', *, *, #1581, .F. ) ;
#3019 = CARTESIAN_POINT ( 'NONE',  ( 0.2589740218560542817, -0.02168168925215606391, -1.199367752783909946 ) ) ;
#3020 = CARTESIAN_POINT ( 'NONE',  ( 0.06249999999999986816, -0.4375000000000000000, -1.203113980822090312 ) ) ;
#3021 = DIRECTION ( 'NONE',  ( 0.000000000000000000, -0.000000000000000000, 1.000000000000000000 ) ) ;
#3022 = EDGE_CURVE ( 'NONE', #2664, #5060, #5267, .T. ) ;
#3023 = ORIENTED_EDGE ( 'NONE', *, *, #2523, .T. ) ;
#3024 =( BOUNDED_SURFACE ( )  B_SPLINE_SURFACE ( 3, 2, ( 
 ( #3965, #6164, #1083 ),
 ( #2064, #4701, #241 ),
 ( #4543, #2181, #5945 ),
 ( #2522, #3686, #5154 ),
 ( #2701, #4029, #639 ),
 ( #273, #610, #1532 ),
 ( #1115, #2555, #1266 ),
 ( #4662, #5185, #2035 ),
 ( #4483, #4513, #4000 ),
 ( #2216, #5487, #3027 ),
 ( #6005, #5006, #1593 ),
 ( #5003, #2062, #1590 ) ),
 .UNSPECIFIED., .F., .F., .F. ) 
 B_SPLINE_SURFACE_WITH_KNOTS ( ( 4, 2, 2, 2, 2, 4 ),
 ( 3, 3 ),
 ( -6.418476861114186249E-17, 0.002755446413220297760, 0.004133169619830478515, 0.005510892826440659704, 0.008266339239661021215, 0.01102178565288138359 ),
 ( 0.000000000000000000, 1.000000000000000000 ),
 .UNSPECIFIED. ) 
 GEOMETRIC_REPRESENTATION_ITEM ( )  RATIONAL_B_SPLINE_SURFACE ( (
 ( 1.000000000000000000, 0.8886281962971863679, 1.000000000000000000),
 ( 1.000000000000000000, 0.8958051934399136051, 1.000000000000000000),
 ( 1.000000000000000000, 0.9014408208598064798, 1.000000000000000000),
 ( 1.000000000000000000, 0.9072321015124038546, 1.000000000000000000),
 ( 1.000000000000000000, 0.9087191739719026051, 1.000000000000000000),
 ( 1.000000000000000000, 0.9107193382342918531, 1.000000000000000000),
 ( 1.000000000000000000, 0.9112141836270226669, 1.000000000000000000),
 ( 1.000000000000000000, 0.9112206362061981979, 1.000000000000000000),
 ( 1.000000000000000000, 0.9092547942269386674, 1.000000000000000000),
 ( 1.000000000000000000, 0.9014869928143360855, 1.000000000000000000),
 ( 1.000000000000000000, 0.8958095253198271601, 1.000000000000000000),
 ( 1.000000000000000000, 0.8886281962971862569, 1.000000000000000000) ) ) 
 REPRESENTATION_ITEM ( '' )  SURFACE ( )  );
#3025 = DIRECTION ( 'NONE',  ( -1.000000000000000000, 0.000000000000000000, -0.000000000000000000 ) ) ;
#3026 = DIRECTION ( 'NONE',  ( 0.000000000000000000, 0.000000000000000000, 1.000000000000000000 ) ) ;
#3027 = CARTESIAN_POINT ( 'NONE',  ( -0.5195068619303023771, -0.1432022843856278482, -0.1408106802389988144 ) ) ;
#3028 = EDGE_CURVE ( 'NONE', #4730, #784, #3816, .T. ) ;
#3029 = CARTESIAN_POINT ( 'NONE',  ( 0.3270189340712462700, 0.1763878406783228325, -1.581155855443755698 ) ) ;
#3030 = EDGE_LOOP ( 'NONE', ( #1237, #208, #1198, #4084 ) ) ;
#3031 = CARTESIAN_POINT ( 'NONE',  ( 0.4298759271656223402, 0.5002929039837973324, -0.1446464672528420259 ) ) ;
#3032 = VECTOR ( 'NONE', #3279, 39.37007874015748143 ) ;
#3033 = CARTESIAN_POINT ( 'NONE',  ( -0.3535533905932741749, -0.3535533905932734533, 0.000000000000000000 ) ) ;
#3034 = ORIENTED_EDGE ( 'NONE', *, *, #5430, .T. ) ;
#3035 = PLANE ( 'NONE',  #3150 ) ;
#3036 = DIRECTION ( 'NONE',  ( 7.873584827894955003E-16, -1.000000000000000000, -6.829619984160668893E-16 ) ) ;
#3037 = CARTESIAN_POINT ( 'NONE',  ( 0.4762073702705120759, -0.5000000000000000000, -0.1699752509611386353 ) ) ;
#3038 = AXIS2_PLACEMENT_3D ( 'NONE', #3902, #2464, #3385 ) ;
#3039 = AXIS2_PLACEMENT_3D ( 'NONE', #4581, #5170, #3220 ) ;
#3040 = CARTESIAN_POINT ( 'NONE',  ( 0.3775000000000000022, 6.829619984160658046E-17, 0.000000000000000000 ) ) ;
#3041 = CARTESIAN_POINT ( 'NONE',  ( -0.3125000000000002776, -0.1027756813566452904, -1.453655855443755529 ) ) ;
#3042 = CARTESIAN_POINT ( 'NONE',  ( 0.1151422301020039174, -0.2785242545874310194, -1.400720884302133040 ) ) ;
#3043 = AXIS2_PLACEMENT_3D ( 'NONE', #3313, #990, #2930 ) ;
#3044 = ORIENTED_EDGE ( 'NONE', *, *, #3563, .F. ) ;
#3045 = CARTESIAN_POINT ( 'NONE',  ( -0.4975000000000016076, -2.059131912684063539E-14, -0.6477781215626884359 ) ) ;
#3046 = DIRECTION ( 'NONE',  ( -0.000000000000000000, -1.000000000000000000, -0.000000000000000000 ) ) ;
#3047 = ORIENTED_EDGE ( 'NONE', *, *, #2126, .F. ) ;
#3048 = CARTESIAN_POINT ( 'NONE',  ( -0.4480062054965176510, -0.2230428996959200050, -0.09856725513419450913 ) ) ;
#3049 = VERTEX_POINT ( 'NONE', #2696 ) ;
#3050 = ORIENTED_EDGE ( 'NONE', *, *, #218, .T. ) ;
#3051 = CARTESIAN_POINT ( 'NONE',  ( 0.4414420297510234237, 0.2349846866455843342, -0.02936519811662964205 ) ) ;
#3052 = EDGE_CURVE ( 'NONE', #1962, #3049, #230, .T. ) ;
#3053 = CARTESIAN_POINT ( 'NONE',  ( -0.3775000000000000022, 6.829619984160658046E-17, -0.1250000000000000000 ) ) ;
#3054 = VERTEX_POINT ( 'NONE', #174 ) ;
#3055 = CARTESIAN_POINT ( 'NONE',  ( -0.3082233602167164799, -0.4085786437626901524, -1.641155855443755307 ) ) ;
#3056 = DIRECTION ( 'NONE',  ( 1.000000000000000000, 0.000000000000000000, -1.821231995776175725E-16 ) ) ;
#3057 = ADVANCED_FACE ( 'NONE', ( #657 ), #1658, .T. ) ;
#3058 = CIRCLE ( 'NONE', #1433, 0.09999999999999990841 ) ;
#3059 = CARTESIAN_POINT ( 'NONE',  ( 0.4682200722196742104, -0.1754136937944216490, -0.04643260993721694957 ) ) ;
#3060 = AXIS2_PLACEMENT_3D ( 'NONE', #1524, #4998, #3432 ) ;
#3061 = CIRCLE ( 'NONE', #4509, 0.5099999999999997868 ) ;
#3062 = FACE_OUTER_BOUND ( 'NONE', #5504, .T. ) ;
#3063 = DIRECTION ( 'NONE',  ( 0.000000000000000000, 0.000000000000000000, -1.000000000000000000 ) ) ;
#3064 = VERTEX_POINT ( 'NONE', #4655 ) ;
#3065 = EDGE_CURVE ( 'NONE', #4546, #1055, #4702, .T. ) ;
#3066 = ADVANCED_FACE ( 'NONE', ( #3161 ), #6158, .T. ) ;
#3067 = CARTESIAN_POINT ( 'NONE',  ( -0.1199738978116396959, 0.3099972312382507922, -1.449568192259452548 ) ) ;
#3068 = CARTESIAN_POINT ( 'NONE',  ( -0.3476013752016609004, 0.5000000000000001110, -0.1257184784168869363 ) ) ;
#3069 = EDGE_LOOP ( 'NONE', ( #1161, #4561, #3491, #824 ) ) ;
#3070 = CARTESIAN_POINT ( 'NONE',  ( 0.3082233602167161468, -0.4792893218813448208, -1.611866533562410275 ) ) ;
#3071 = CARTESIAN_POINT ( 'NONE',  ( 0.6805402808481525456, 0.1266250794584902473, -1.475029707930966216 ) ) ;
#3072 = CARTESIAN_POINT ( 'NONE',  ( -0.4003331928299891374, 0.1263489773778736225, -1.494486001854384183 ) ) ;
#3073 = CARTESIAN_POINT ( 'NONE',  ( 0.1186367321761668953, -0.2942218061674931051, -1.412905667714194458 ) ) ;
#3074 = VERTEX_POINT ( 'NONE', #3680 ) ;
#3075 = CARTESIAN_POINT ( 'NONE',  ( -0.4971098132484084720, 0.01079096713322642842, -0.6460298397675442450 ) ) ;
#3076 = ORIENTED_EDGE ( 'NONE', *, *, #4489, .F. ) ;
#3077 = CARTESIAN_POINT ( 'NONE',  ( 0.5000000000000001110, 0.2104964325533064118, -0.1250000000000000555 ) ) ;
#3078 = VERTEX_POINT ( 'NONE', #1228 ) ;
#3079 = ORIENTED_EDGE ( 'NONE', *, *, #676, .T. ) ;
#3080 = CARTESIAN_POINT ( 'NONE',  ( 0.5646376753072456234, -0.2051512920416236896, -1.570409994820085808 ) ) ;
#3081 = LINE ( 'NONE', #1234, #714 ) ;
#3082 = LINE ( 'NONE', #2032, #3974 ) ;
#3083 = ORIENTED_EDGE ( 'NONE', *, *, #1080, .F. ) ;
#3084 = FACE_OUTER_BOUND ( 'NONE', #34, .T. ) ;
#3085 = B_SPLINE_CURVE_WITH_KNOTS ( 'NONE', 3,
 ( #3361, #2947, #5369, #3981, #2976, #945, #495, #4465, #2883, #1545, #971, #4918, #3880, #5401, #4430, #4953, #554, #527, #5861, #44, #4887, #78, #5466, #1060, #2439, #4396, #4855, #1955, #2537, #2569, #1223, #5634, #4620, #2105, #2629, #2595, #4526, #4587, #5499, #199 ),
 .UNSPECIFIED., .F., .F.,
 ( 4, 2, 2, 2, 2, 2, 2, 2, 2, 2, 2, 2, 2, 2, 2, 2, 2, 2, 2, 4 ),
 ( 0.01334010057646144512, 0.01375608127512108723, 0.01417206197378072761, 0.01458804267244036973, 0.01500402337110001011, 0.01542000406975965222, 0.01583598476841929434, 0.01666794616573857857, 0.01749990756305786280, 0.01833186896037714703, 0.01916383035769643473, 0.01999579175501572242, 0.02082775315233500665, 0.02165971454965429088, 0.02332363734429285934, 0.02415559874161214704, 0.02498756013893142780, 0.02581952153625070856, 0.02623550223491034894, 0.02665148293356999279 ),
 .UNSPECIFIED. ) ;
#3086 = CARTESIAN_POINT ( 'NONE',  ( 0.4235493031751188520, 0.1113342709495023092, -1.627773750369964745 ) ) ;
#3087 = EDGE_CURVE ( 'NONE', #2796, #4202, #556, .T. ) ;
#3088 = CARTESIAN_POINT ( 'NONE',  ( -0.4682200722196722120, -0.1754136937944269226, -0.04643260993721511770 ) ) ;
#3089 = ORIENTED_EDGE ( 'NONE', *, *, #5645, .T. ) ;
#3090 = CARTESIAN_POINT ( 'NONE',  ( -0.2910533905932736753, -0.2499999999999998890, -1.453655855443755307 ) ) ;
#3091 = ADVANCED_FACE ( 'NONE', ( #2146 ), #3130, .F. ) ;
#3092 = ORIENTED_EDGE ( 'NONE', *, *, #1967, .T. ) ;
#3093 = DIRECTION ( 'NONE',  ( 0.000000000000000000, -0.000000000000000000, 1.000000000000000000 ) ) ;
#3094 = CARTESIAN_POINT ( 'NONE',  ( 0.4359794778910096591, -0.2451953579030849706, -0.1051024779115949381 ) ) ;
#3095 = CARTESIAN_POINT ( 'NONE',  ( 0.5813906026488466772, 0.1839090026720918425, -1.560007690613816722 ) ) ;
#3096 = CARTESIAN_POINT ( 'NONE',  ( -0.3993197982237521315, 0.4492083392001049447, -0.2250000000000000333 ) ) ;
#3097 = CARTESIAN_POINT ( 'NONE',  ( -0.1064887907664365807, -0.2570380603810671349, -1.513353472374997066 ) ) ;
#3098 = ADVANCED_FACE ( 'NONE', ( #6054 ), #685, .F. ) ;
#3099 = ORIENTED_EDGE ( 'NONE', *, *, #4201, .T. ) ;
#3100 = CARTESIAN_POINT ( 'NONE',  ( -0.2894058552085376212, 0.08162842666297173699, -0.3400451459396146570 ) ) ;
#3101 = CARTESIAN_POINT ( 'NONE',  ( 0.06630072425855573770, -0.2123798884329551051, -1.406811616128340381 ) ) ;
#3102 = ORIENTED_EDGE ( 'NONE', *, *, #249, .T. ) ;
#3103 = CARTESIAN_POINT ( 'NONE',  ( -0.3125000000000001665, 0.3236121593216770842, -1.581155855443755476 ) ) ;
#3104 = ORIENTED_EDGE ( 'NONE', *, *, #3832, .F. ) ;
#3105 = EDGE_LOOP ( 'NONE', ( #4813, #2510, #449, #2582, #4302 ) ) ;
#3106 = CARTESIAN_POINT ( 'NONE',  ( 0.5524297919798210055, -0.2306524526334450265, -1.577481673063394929 ) ) ;
#3107 = CYLINDRICAL_SURFACE ( 'NONE', #1333, 0.06250000000000001388 ) ;
#3108 = CIRCLE ( 'NONE', #4040, 0.1199999999999999956 ) ;
#3109 = CARTESIAN_POINT ( 'NONE',  ( -0.4826302442574032514, 0.05811313140668414312, -1.609761639890549656 ) ) ;
#3110 = VECTOR ( 'NONE', #6312, 39.37007874015748143 ) ;
#3111 = LOCAL_TIME ( 17, 50, 1.000000000000000000, #3821 ) ;
#3112 = EDGE_LOOP ( 'NONE', ( #4371, #4629, #2176, #3954, #5934, #3428 ) ) ;
#3113 = CARTESIAN_POINT ( 'NONE',  ( -0.3082233602167164799, 0.5000000000000000000, -1.641155855443755307 ) ) ;
#3114 = CYLINDRICAL_SURFACE ( 'NONE', #149, 0.1875000000000000278 ) ;
#3115 = CARTESIAN_POINT ( 'NONE',  ( 0.7082233602167161690, -0.4085786437626903189, -1.641155855443755307 ) ) ;
#3116 = CARTESIAN_POINT ( 'NONE',  ( 0.5035991566204769398, -0.3568500837366427869, -0.1269688897907999270 ) ) ;
#3117 = CARTESIAN_POINT ( 'NONE',  ( 0.3501526200876842188, 0.5441862003895899802, -0.1435352863234482246 ) ) ;
#3118 = EDGE_CURVE ( 'NONE', #6289, #2368, #1294, .T. ) ;
#3119 = VERTEX_POINT ( 'NONE', #3578 ) ;
#3120 = DIRECTION ( 'NONE',  ( 0.000000000000000000, 0.000000000000000000, -1.000000000000000000 ) ) ;
#3121 = DIRECTION ( 'NONE',  ( 0.000000000000000000, -1.000000000000000000, 0.000000000000000000 ) ) ;
#3122 = DIRECTION ( 'NONE',  ( 0.000000000000000000, 0.000000000000000000, 1.000000000000000000 ) ) ;
#3123 = DIRECTION ( 'NONE',  ( 3.414809992080328530E-16, 0.000000000000000000, 1.000000000000000000 ) ) ;
#3124 = EDGE_CURVE ( 'NONE', #2274, #2447, #2610, .T. ) ;
#3125 = AXIS2_PLACEMENT_3D ( 'NONE', #5041, #5101, #640 ) ;
#3126 = CARTESIAN_POINT ( 'NONE',  ( 0.5672005552312101573, 0.2986442456302046966, -1.568871918507749097 ) ) ;
#3127 = ORIENTED_EDGE ( 'NONE', *, *, #4930, .T. ) ;
#3128 = CARTESIAN_POINT ( 'NONE',  ( -0.1147657614232154427, 0.3479281815622715657, -1.256921130648338325 ) ) ;
#3129 = VECTOR ( 'NONE', #751, 39.37007874015748854 ) ;
#3130 = CYLINDRICAL_SURFACE ( 'NONE', #33, 0.05999999999999990757 ) ;
#3131 = AXIS2_PLACEMENT_3D ( 'NONE', #446, #1904, #3863 ) ;
#3132 = ORIENTED_EDGE ( 'NONE', *, *, #1605, .T. ) ;
#3133 = CARTESIAN_POINT ( 'NONE',  ( -0.09700105886783508269, 0.2416834211794165188, -1.394105063425008506 ) ) ;
#3134 = VERTEX_POINT ( 'NONE', #204 ) ;
#3135 = VERTEX_POINT ( 'NONE', #1640 ) ;
#3136 = CARTESIAN_POINT ( 'NONE',  ( 0.7789340383353711150, 0.4792893218813446543, -1.141155855443755307 ) ) ;
#3137 = EDGE_CURVE ( 'NONE', #1701, #5785, #2907, .T. ) ;
#3138 = EDGE_CURVE ( 'NONE', #5035, #4837, #576, .T. ) ;
#3139 = CARTESIAN_POINT ( 'NONE',  ( 0.1066392311694057682, 0.2568842698797390023, -1.513655855443755804 ) ) ;
#3140 = ORIENTED_EDGE ( 'NONE', *, *, #1881, .F. ) ;
#3141 = DIRECTION ( 'NONE',  ( 1.000000000000000000, 0.000000000000000000, 0.000000000000000000 ) ) ;
#3142 = CARTESIAN_POINT ( 'NONE',  ( -0.5028362887284812954, 0.2259269237935507824, -0.1272332982114026678 ) ) ;
#3143 = CARTESIAN_POINT ( 'NONE',  ( 0.06249999999999981959, 0.4085786437626901524, -1.541155855443755440 ) ) ;
#3144 = CARTESIAN_POINT ( 'NONE',  ( 0.3271496997791836781, 0.1094875541856900475, -1.640907076401276754 ) ) ;
#3145 = CARTESIAN_POINT ( 'NONE',  ( -0.4297007272410581780, -0.5000000000000000000, -0.1443947498903835336 ) ) ;
#3146 = DIRECTION ( 'NONE',  ( -0.5527707983925664870, -0.8333333333333334814, 3.775214491362314806E-16 ) ) ;
#3147 = FACE_BOUND ( 'NONE', #3888, .T. ) ;
#3148 = AXIS2_PLACEMENT_3D ( 'NONE', #1104, #210, #690 ) ;
#3149 = CARTESIAN_POINT ( 'NONE',  ( -0.4394448086741523096, 0.1027756813566453598, -1.453655855443755307 ) ) ;
#3150 = AXIS2_PLACEMENT_3D ( 'NONE', #1151, #2102, #3093 ) ;
#3151 = VERTEX_POINT ( 'NONE', #6086 ) ;
#3152 = CARTESIAN_POINT ( 'NONE',  ( -0.3125000000000001665, -0.3236121593216770842, -1.581155855443755476 ) ) ;
#3153 = DIRECTION ( 'NONE',  ( -0.000000000000000000, -1.000000000000000000, -0.000000000000000000 ) ) ;
#3154 = CARTESIAN_POINT ( 'NONE',  ( 0.4137456375881498616, -0.5000000000000000000, -0.1383811162182521093 ) ) ;
#3155 = EDGE_CURVE ( 'NONE', #2664, #3134, #2728, .T. ) ;
#3156 = CARTESIAN_POINT ( 'NONE',  ( 0.4762073702705120759, -0.5000000000000000000, -0.1699752509611386353 ) ) ;
#3157 = DIRECTION ( 'NONE',  ( 0.000000000000000000, 0.000000000000000000, 1.000000000000000000 ) ) ;
#3158 = DIRECTION ( 'NONE',  ( 0.000000000000000000, 0.000000000000000000, 1.000000000000000000 ) ) ;
#3159 = EDGE_LOOP ( 'NONE', ( #1089, #3496, #2303 ) ) ;
#3160 = CARTESIAN_POINT ( 'NONE',  ( -0.4172288071330360060, 0.1134128719979036748, -0.4665170021101923137 ) ) ;
#3161 = FACE_OUTER_BOUND ( 'NONE', #1410, .T. ) ;
#3162 = ADVANCED_FACE ( 'NONE', ( #3745 ), #1783, .T. ) ;
#3163 = EDGE_LOOP ( 'NONE', ( #4598, #3230 ) ) ;
#3164 = ORIENTED_EDGE ( 'NONE', *, *, #2985, .F. ) ;
#3165 = ORIENTED_EDGE ( 'NONE', *, *, #2895, .T. ) ;
#3166 = CARTESIAN_POINT ( 'NONE',  ( 0.1186737387561270507, -0.2919730039949626210, -1.256007713710905360 ) ) ;
#3167 = CARTESIAN_POINT ( 'NONE',  ( -0.4040272625350486702, -0.5158809336128876710, -0.1447270263948771951 ) ) ;
#3168 = FACE_OUTER_BOUND ( 'NONE', #4436, .T. ) ;
#3169 = CARTESIAN_POINT ( 'NONE',  ( 0.1198720985634057906, 0.3067293957240541658, -1.473617832486567414 ) ) ;
#3170 = ORIENTED_EDGE ( 'NONE', *, *, #4846, .F. ) ;
#3171 = FACE_OUTER_BOUND ( 'NONE', #5120, .T. ) ;
#3172 = EDGE_CURVE ( 'NONE', #5491, #4202, #3875, .T. ) ;
#3173 = VERTEX_POINT ( 'NONE', #429 ) ;
#3174 = CARTESIAN_POINT ( 'NONE',  ( 0.06249999999999980571, -0.4499999999999997335, -1.641155855443755307 ) ) ;
#3175 = LINE ( 'NONE', #4709, #3421 ) ;
#3176 = CARTESIAN_POINT ( 'NONE',  ( -0.4748359556380640223, -0.07044568869920597720, -0.5736637374671718081 ) ) ;
#3177 = CARTESIAN_POINT ( 'NONE',  ( 0.1077758986709038830, -0.3658430719719062973, -0.2615084411244574247 ) ) ;
#3178 = EDGE_CURVE ( 'NONE', #4219, #2878, #2763, .T. ) ;
#3179 = DIRECTION ( 'NONE',  ( -1.000000000000000000, -0.000000000000000000, 1.821231995776175725E-16 ) ) ;
#3180 = CARTESIAN_POINT ( 'NONE',  ( 0.000000000000000000, 0.5000000000000000000, -0.7600000000000001199 ) ) ;
#3181 = CARTESIAN_POINT ( 'NONE',  ( -0.7582233602167155473, 0.5000000000000000000, -0.7599999999999997868 ) ) ;
#3182 = CARTESIAN_POINT ( 'NONE',  ( 0.3270189340712463810, 0.1027756813566453598, -1.453655855443755529 ) ) ;
#3183 = VERTEX_POINT ( 'NONE', #911 ) ;
#3184 = CARTESIAN_POINT ( 'NONE',  ( -0.4242640687119291210, -0.4242640687119279552, -0.1250000000000000000 ) ) ;
#3185 = B_SPLINE_CURVE_WITH_KNOTS ( 'NONE', 3,
 ( #916, #5864, #1457, #2793, #372, #4273 ),
 .UNSPECIFIED., .F., .F.,
 ( 4, 2, 4 ),
 ( 0.000000000000000000, 0.001005070688847777048, 0.002010141377695554097 ),
 .UNSPECIFIED. ) ;
#3186 = CARTESIAN_POINT ( 'NONE',  ( 0.5027839020811951665, 0.3686319344469907167, -0.1262078651431267906 ) ) ;
#3187 = DIRECTION ( 'NONE',  ( -0.000000000000000000, -0.000000000000000000, 1.000000000000000000 ) ) ;
#3188 = CARTESIAN_POINT ( 'NONE',  ( -0.1199709338724323227, -0.3083395678636043358, -1.437450608664437190 ) ) ;
#3189 = ORIENTED_EDGE ( 'NONE', *, *, #1349, .T. ) ;
#3190 = CARTESIAN_POINT ( 'NONE',  ( -0.2769668430292618333, -0.06572689112796042954, -1.188251384116856491 ) ) ;
#3191 = DIRECTION ( 'NONE',  ( 0.000000000000000000, 0.000000000000000000, 1.000000000000000000 ) ) ;
#3192 = CARTESIAN_POINT ( 'NONE',  ( -0.7082233602167162800, 0.4085786437626897083, -1.141155855443755085 ) ) ;
#3193 = ORIENTED_EDGE ( 'NONE', *, *, #5399, .T. ) ;
#3194 = EDGE_LOOP ( 'NONE', ( #2477, #5428 ) ) ;
#3195 = ORIENTED_EDGE ( 'NONE', *, *, #136, .F. ) ;
#3196 = SPHERICAL_SURFACE ( 'NONE', #1125, 0.09999999999999997780 ) ;
#3197 = DIRECTION ( 'NONE',  ( 0.7554113999237332955, 0.000000000000000000, -0.6552508045514064960 ) ) ;
#3198 = EDGE_CURVE ( 'NONE', #1296, #303, #1824, .T. ) ;
#3199 = CARTESIAN_POINT ( 'NONE',  ( -0.4959389614040144445, 0.02219353550064534497, -1.604592184868137927 ) ) ;
#3200 = CIRCLE ( 'NONE', #3504, 0.1000000000000000194 ) ;
#3201 = VERTEX_POINT ( 'NONE', #4300 ) ;
#3202 = DIRECTION ( 'NONE',  ( 0.000000000000000000, 0.000000000000000000, 1.000000000000000000 ) ) ;
#3203 = ORIENTED_EDGE ( 'NONE', *, *, #3921, .T. ) ;
#3204 = AXIS2_PLACEMENT_3D ( 'NONE', #5205, #811, #4232 ) ;
#3205 = CARTESIAN_POINT ( 'NONE',  ( 0.3535533905932746190, -0.3535533905932729537, 0.3826834323650908365 ) ) ;
#3206 = CIRCLE ( 'NONE', #569, 0.5000000000000001110 ) ;
#3207 = EDGE_CURVE ( 'NONE', #3135, #5940, #4778, .T. ) ;
#3208 = VECTOR ( 'NONE', #5011, 39.37007874015748143 ) ;
#3209 = DIRECTION ( 'NONE',  ( -0.000000000000000000, -0.000000000000000000, 1.000000000000000000 ) ) ;
#3210 = CARTESIAN_POINT ( 'NONE',  ( -0.3909845410584552594, -0.1194528942142961542, -0.4323599347343066168 ) ) ;
#3211 = DIRECTION ( 'NONE',  ( -0.000000000000000000, -0.000000000000000000, 1.000000000000000000 ) ) ;
#3212 = LINE ( 'NONE', #5621, #1437 ) ;
#3213 = DIRECTION ( 'NONE',  ( 0.000000000000000000, 0.000000000000000000, -1.000000000000000000 ) ) ;
#3214 = EDGE_CURVE ( 'NONE', #5738, #5674, #1362, .T. ) ;
#3215 = CARTESIAN_POINT ( 'NONE',  ( -0.4988569551867558238, 0.2194451571911245347, -0.1240999647139809509 ) ) ;
#3216 = LINE ( 'NONE', #3182, #3968 ) ;
#3217 = CARTESIAN_POINT ( 'NONE',  ( -0.8082233602167164799, 0.5000000000000000000, -1.641155855443755085 ) ) ;
#3218 = EDGE_LOOP ( 'NONE', ( #1704, #5342 ) ) ;
#3219 = DIRECTION ( 'NONE',  ( 0.7071067811865485719, 0.7071067811865464625, 0.000000000000000000 ) ) ;
#3220 = DIRECTION ( 'NONE',  ( 8.537024980200821325E-17, 0.000000000000000000, 1.000000000000000000 ) ) ;
#3221 = CARTESIAN_POINT ( 'NONE',  ( -0.3919520591349705541, 0.4939650176103378976, -0.1261467606890904480 ) ) ;
#3222 = DIRECTION ( 'NONE',  ( 1.000000000000000000, 0.000000000000000000, 0.000000000000000000 ) ) ;
#3223 = VECTOR ( 'NONE', #2661, 39.37007874015748143 ) ;
#3224 = CARTESIAN_POINT ( 'NONE',  ( -0.1114807582099941324, -0.2679301123896611903, -1.396269978872909157 ) ) ;
#3225 = ORIENTED_EDGE ( 'NONE', *, *, #1456, .F. ) ;
#3226 = CARTESIAN_POINT ( 'NONE',  ( -0.4975000000000011080, -0.005462789525911156650, -0.8722218784373123590 ) ) ;
#3227 = CARTESIAN_POINT ( 'NONE',  ( -0.4640639265841039474, -0.4085786437626903189, -0.1250000000000000278 ) ) ;
#3228 = CARTESIAN_POINT ( 'NONE',  ( 0.07329472415634294413, -0.2171579669038767868, -0.2552509469807386910 ) ) ;
#3229 = ORIENTED_EDGE ( 'NONE', *, *, #167, .F. ) ;
#3230 = ORIENTED_EDGE ( 'NONE', *, *, #3355, .F. ) ;
#3231 = ORIENTED_EDGE ( 'NONE', *, *, #2403, .F. ) ;
#3232 = DIRECTION ( 'NONE',  ( 0.000000000000000000, 0.000000000000000000, 1.000000000000000000 ) ) ;
#3233 = CARTESIAN_POINT ( 'NONE',  ( -0.4851946009173057073, 0.05321598647664300963, -1.608795400870076442 ) ) ;
#3234 = AXIS2_PLACEMENT_3D ( 'NONE', #6209, #1785, #4745 ) ;
#3235 = ORIENTED_EDGE ( 'NONE', *, *, #5523, .F. ) ;
#3236 = ORIENTED_EDGE ( 'NONE', *, *, #4607, .T. ) ;
#3237 = EDGE_CURVE ( 'NONE', #4719, #2572, #4236, .T. ) ;
#3238 = CARTESIAN_POINT ( 'NONE',  ( 0.4950074440418352206, -0.02465533777877518609, -0.8828096869652645173 ) ) ;
#3239 = AXIS2_PLACEMENT_3D ( 'NONE', #1247, #5754, #4165 ) ;
#3240 = AXIS2_PLACEMENT_3D ( 'NONE', #772, #3153, #6110 ) ;
#3241 = FACE_OUTER_BOUND ( 'NONE', #2262, .T. ) ;
#3242 = CARTESIAN_POINT ( 'NONE',  ( -0.4971025862760696801, -0.01087029854796119771, -0.6459980366788110606 ) ) ;
#3243 = CARTESIAN_POINT ( 'NONE',  ( 0.4211906233625976603, -0.4361263494476740332, -0.1250000000000000000 ) ) ;
#3244 = CIRCLE ( 'NONE', #506, 0.06249999999999995143 ) ;
#3245 = EDGE_CURVE ( 'NONE', #1141, #1528, #3301, .T. ) ;
#3246 = DIRECTION ( 'NONE',  ( -6.829619984160657454E-15, 2.828921223293668226E-15, -1.000000000000000000 ) ) ;
#3247 = CARTESIAN_POINT ( 'NONE',  ( 0.1092749352558420733, -0.3623526365178272313, -1.258159501042314554 ) ) ;
#3248 = CARTESIAN_POINT ( 'NONE',  ( 0.000000000000000000, 0.3125000000000000555, -0.1250000000000000000 ) ) ;
#3249 = ORIENTED_EDGE ( 'NONE', *, *, #5475, .T. ) ;
#3250 = CARTESIAN_POINT ( 'NONE',  ( 0.1199999999999999956, -0.3124999999999999445, -0.1250000000000000000 ) ) ;
#3251 = CARTESIAN_POINT ( 'NONE',  ( 0.4590731328276030920, 0.08821465586592767971, -0.5376157204570838344 ) ) ;
#3252 = ADVANCED_FACE ( 'NONE', ( #3836 ), #5826, .F. ) ;
#3254 = EDGE_CURVE ( 'NONE', #1427, #303, #2509, .T. ) ;
#3253 = AXIS2_PLACEMENT_3D ( 'NONE', #2888, #981, #1073 ) ;
#3255 = CARTESIAN_POINT ( 'NONE',  ( 0.5032504848770046335, 0.3216465972396880257, -0.1270137222979339786 ) ) ;
#3256 = VECTOR ( 'NONE', #3777, 39.37007874015748143 ) ;
#3257 = FACE_OUTER_BOUND ( 'NONE', #2033, .T. ) ;
#3258 = CIRCLE ( 'NONE', #5548, 0.06250000000000001388 ) ;
#3259 = VERTEX_POINT ( 'NONE', #4916 ) ;
#3260 = DIRECTION ( 'NONE',  ( 1.000000000000000000, 0.000000000000000000, -0.000000000000000000 ) ) ;
#3261 = CARTESIAN_POINT ( 'NONE',  ( -0.05326785559390555258, -0.2046820948367525095, -0.2527367483916383439 ) ) ;
#3262 = EDGE_CURVE ( 'NONE', #5674, #2547, #419, .T. ) ;
#3263 = VERTEX_POINT ( 'NONE', #2072 ) ;
#3264 = ORIENTED_EDGE ( 'NONE', *, *, #3010, .T. ) ;
#3265 = EDGE_LOOP ( 'NONE', ( #903, #2496, #5054, #5954, #2207 ) ) ;
#3266 = CARTESIAN_POINT ( 'NONE',  ( -0.5111412531610124432, 0.1770783255072668205, -0.1337726402842615570 ) ) ;
#3267 = CARTESIAN_POINT ( 'NONE',  ( -0.5017184263958103241, -0.3009708756207344349, -0.1260172896750134108 ) ) ;
#3268 = VERTEX_POINT ( 'NONE', #3390 ) ;
#3269 = VERTEX_POINT ( 'NONE', #5365 ) ;
#3270 = CARTESIAN_POINT ( 'NONE',  ( 0.3916536739423233104, -0.1199039461763506814, -1.087355143999724660 ) ) ;
#3271 = B_SPLINE_CURVE_WITH_KNOTS ( 'NONE', 3,
 ( #4395, #12, #1954, #3911, #4364, #5829 ),
 .UNSPECIFIED., .F., .F.,
 ( 4, 2, 4 ),
 ( -1.980597505100959265E-05, 0.001190609417982361638, 0.002401024811015733170 ),
 .UNSPECIFIED. ) ;
#3272 = EDGE_CURVE ( 'NONE', #960, #4384, #2290, .T. ) ;
#3273 = CYLINDRICAL_SURFACE ( 'NONE', #5802, 0.06249999999999995837 ) ;
#3274 = CYLINDRICAL_SURFACE ( 'NONE', #2456, 0.09999999999999996392 ) ;
#3275 = DIRECTION ( 'NONE',  ( -0.000000000000000000, -0.000000000000000000, 1.000000000000000000 ) ) ;
#3276 = EDGE_CURVE ( 'NONE', #1861, #632, #1853, .T. ) ;
#3277 = CARTESIAN_POINT ( 'NONE',  ( -0.3125000000000002220, 0.2499999999999998890, -1.393655855443755476 ) ) ;
#3278 = ORIENTED_EDGE ( 'NONE', *, *, #1420, .F. ) ;
#3279 = DIRECTION ( 'NONE',  ( -0.000000000000000000, -1.000000000000000000, -0.000000000000000000 ) ) ;
#3280 = CARTESIAN_POINT ( 'NONE',  ( -0.3775000000000000022, 6.829619984160658046E-17, -1.641155855443755307 ) ) ;
#3281 = CARTESIAN_POINT ( 'NONE',  ( -0.7544113108891860042, -0.1498184534894000941, -1.372175383980938301 ) ) ;
#3282 = TOROIDAL_SURFACE ( 'NONE', #1857, 0.4000000000000002442, 0.09999999999999997780 ) ;
#3283 = EDGE_CURVE ( 'NONE', #5001, #4426, #6327, .T. ) ;
#3284 = DIRECTION ( 'NONE',  ( 0.000000000000000000, 0.000000000000000000, 1.000000000000000000 ) ) ;
#3285 = VERTEX_POINT ( 'NONE', #2835 ) ;
#3286 = FACE_OUTER_BOUND ( 'NONE', #2310, .T. ) ;
#3287 = DIRECTION ( 'NONE',  ( 1.000000000000000000, 0.000000000000000000, -3.663353113774463059E-16 ) ) ;
#3288 = DIRECTION ( 'NONE',  ( -0.000000000000000000, -1.000000000000000000, -0.000000000000000000 ) ) ;
#3289 = ORIENTED_EDGE ( 'NONE', *, *, #4612, .F. ) ;
#3290 = ORIENTED_EDGE ( 'NONE', *, *, #5761, .F. ) ;
#3291 = CARTESIAN_POINT ( 'NONE',  ( 0.7694427832459461714, -0.2118213024938939704, -1.334242331851007934 ) ) ;
#3292 = CARTESIAN_POINT ( 'NONE',  ( -0.5339343218491763299, 0.01806188808486066527, -0.1532552925952274936 ) ) ;
#3293 =( BOUNDED_CURVE ( )  B_SPLINE_CURVE ( 3, ( #4354, #1, #3281, #870 ),
 .UNSPECIFIED., .F., .F. ) 
 B_SPLINE_CURVE_WITH_KNOTS ( ( 4, 4 ),
 ( 4.037257447447657910, 4.333379959688738126 ),
 .UNSPECIFIED. ) 
 CURVE ( )  GEOMETRIC_REPRESENTATION_ITEM ( )  RATIONAL_B_SPLINE_CURVE ( ( 1.000000000000000000, 0.9927059611727555577, 0.9927059611727555577, 1.000000000000000000 ) ) 
 REPRESENTATION_ITEM ( '' )  );
#3294 = EDGE_CURVE ( 'NONE', #3387, #3768, #3618, .T. ) ;
#3295 = CARTESIAN_POINT ( 'NONE',  ( -0.5007076068160657423, -0.2427748956214076104, -0.1255353889108263565 ) ) ;
#3296 = ORIENTED_EDGE ( 'NONE', *, *, #1221, .T. ) ;
#3297 = DIRECTION ( 'NONE',  ( 3.414809992080328530E-16, 0.000000000000000000, 1.000000000000000000 ) ) ;
#3298 = ORIENTED_EDGE ( 'NONE', *, *, #1232, .F. ) ;
#3299 = AXIS2_PLACEMENT_3D ( 'NONE', #5552, #4058, #2004 ) ;
#3300 = LINE ( 'NONE', #922, #2896 ) ;
#3301 = B_SPLINE_CURVE_WITH_KNOTS ( 'NONE', 3,
 ( #4789, #1794, #3323, #1885 ),
 .UNSPECIFIED., .F., .F.,
 ( 4, 4 ),
 ( 2.453269466693398698E-18, 0.001016146922491192699 ),
 .UNSPECIFIED. ) ;
#3302 = AXIS2_PLACEMENT_3D ( 'NONE', #5554, #2095, #4060 ) ;
#3303 = CARTESIAN_POINT ( 'NONE',  ( 0.2716938810978445917, -0.05684962841750594575, -0.3283841036447953665 ) ) ;
#3304 = CARTESIAN_POINT ( 'NONE',  ( -0.4762073702705107991, 0.5000000000000000000, -0.1699752509611382190 ) ) ;
#3305 = DIRECTION ( 'NONE',  ( 0.000000000000000000, 0.000000000000000000, -1.000000000000000000 ) ) ;
#3306 = DATE_AND_TIME ( #6331, #2804 ) ;
#3307 = CARTESIAN_POINT ( 'NONE',  ( -0.3693692276550243903, -0.1199717802316915549, -0.4081708903543064815 ) ) ;
#3308 = VECTOR ( 'NONE', #1825, 39.37007874015748143 ) ;
#3309 = CARTESIAN_POINT ( 'NONE',  ( 0.4640639265841039474, -0.4085786437626903189, -0.1250000000000000000 ) ) ;
#3310 = FACE_OUTER_BOUND ( 'NONE', #848, .T. ) ;
#3311 = CONICAL_SURFACE ( 'NONE', #5488, 0.4499999999999995670, 0.7853981633974517207 ) ;
#3312 = CARTESIAN_POINT ( 'NONE',  ( 0.5000068663081034259, -0.03240452804297130202, -0.1233982996328079201 ) ) ;
#3313 = CARTESIAN_POINT ( 'NONE',  ( 0.000000000000000000, -0.5000000000000000000, -0.7600000000000001199 ) ) ;
#3314 = AXIS2_PLACEMENT_3D ( 'NONE', #1692, #5695, #2628 ) ;
#3315 = CARTESIAN_POINT ( 'NONE',  ( 0.4211455928641405499, -0.4361532843188248298, -0.1250000000000000278 ) ) ;
#3316 = ORIENTED_EDGE ( 'NONE', *, *, #888, .T. ) ;
#3317 = CARTESIAN_POINT ( 'NONE',  ( -0.3978722531184353262, 0.1184500768805712284, -1.079239666054330637 ) ) ;
#3318 = CARTESIAN_POINT ( 'NONE',  ( -0.4555969534834461432, 0.3022088300667186145, -0.2177715021015040886 ) ) ;
#3319 = EDGE_CURVE ( 'NONE', #6315, #3976, #367, .T. ) ;
#3320 = CARTESIAN_POINT ( 'NONE',  ( -0.3082233602167163133, -0.5000000000000000000, -1.141155855443755307 ) ) ;
#3321 = ORIENTED_EDGE ( 'NONE', *, *, #1273, .T. ) ;
#3322 = CARTESIAN_POINT ( 'NONE',  ( 0.4271360613294276076, 0.2600890120688976737, -0.02561813966737102460 ) ) ;
#3323 = CARTESIAN_POINT ( 'NONE',  ( -0.4876775587840135318, 0.4932184277019021068, -0.1705180108599854694 ) ) ;
#3324 = CARTESIAN_POINT ( 'NONE',  ( 0.09333037932335364051, 0.2363914205626840848, -1.261438634986156826 ) ) ;
#3325 = CONICAL_SURFACE ( 'NONE', #1693, 0.8082233602167163689, 0.7853981633974510546 ) ;
#3326 = ADVANCED_FACE ( 'NONE', ( #2866 ), #5714, .T. ) ;
#3327 = ORIENTED_EDGE ( 'NONE', *, *, #796, .T. ) ;
#3328 = CARTESIAN_POINT ( 'NONE',  ( -0.7294950701564659745, 0.1251007753447347104, -1.414987658372633961 ) ) ;
#3329 = DIRECTION ( 'NONE',  ( -1.000000000000000000, 0.000000000000000000, 0.000000000000000000 ) ) ;
#3330 = CARTESIAN_POINT ( 'NONE',  ( -0.5016053291289902516, -0.3100390486111967991, -0.1258156929987268025 ) ) ;
#3331 = CARTESIAN_POINT ( 'NONE',  ( -0.1024390062427392722, 0.2499999999999998890, -1.513655855443755138 ) ) ;
#3332 = ORIENTED_EDGE ( 'NONE', *, *, #2324, .F. ) ;
#3333 = ORIENTED_EDGE ( 'NONE', *, *, #3588, .F. ) ;
#3334 = EDGE_CURVE ( 'NONE', #276, #2447, #263, .T. ) ;
#3335 = EDGE_CURVE ( 'NONE', #510, #5215, #978, .T. ) ;
#3336 = CARTESIAN_POINT ( 'NONE',  ( 0.2861008107390122235, -0.07792116529940132374, -1.182208865454195124 ) ) ;
#3337 = AXIS2_PLACEMENT_3D ( 'NONE', #5463, #4522, #5108 ) ;
#3338 = CARTESIAN_POINT ( 'NONE',  ( 0.4594241668977782078, -0.08847831748650913930, -0.5377087916921442501 ) ) ;
#3339 = CARTESIAN_POINT ( 'NONE',  ( -0.4692152606226245859, 0.5000000000000000000, -0.1643319382806330831 ) ) ;
#3340 = CYLINDRICAL_SURFACE ( 'NONE', #4485, 0.1875000000000000278 ) ;
#3341 = PERSON_AND_ORGANIZATION ( #2345, #4764 ) ;
#3342 = AXIS2_PLACEMENT_3D ( 'NONE', #4714, #2232, #254 ) ;
#3343 = CIRCLE ( 'NONE', #5106, 0.5000000000000000000 ) ;
#3344 = CARTESIAN_POINT ( 'NONE',  ( 0.4747619168582037918, -0.3383393419071714092, -0.1236264255859131495 ) ) ;
#3345 = CARTESIAN_POINT ( 'NONE',  ( -0.1024390062427392722, 0.2499999999999998890, -1.513655855443755138 ) ) ;
#3346 = CARTESIAN_POINT ( 'NONE',  ( -0.1024390062427393555, -0.2499999999999998890, -1.513655855443755138 ) ) ;
#3347 = CARTESIAN_POINT ( 'NONE',  ( 0.03874078143928274404, 0.1986553741321162303, -0.2514215827147950333 ) ) ;
#3348 = AXIS2_PLACEMENT_3D ( 'NONE', #3847, #1961, #5774 ) ;
#3349 = CARTESIAN_POINT ( 'NONE',  ( 0.3124999999999998890, 0.2499999999999998890, -1.578655855443755085 ) ) ;
#3350 = ORIENTED_EDGE ( 'NONE', *, *, #2791, .T. ) ;
#3351 = FACE_BOUND ( 'NONE', #2577, .T. ) ;
#3352 = LINE ( 'NONE', #357, #160 ) ;
#3353 = DIRECTION ( 'NONE',  ( 1.000000000000000000, 0.000000000000000000, 0.000000000000000000 ) ) ;
#3354 = CARTESIAN_POINT ( 'NONE',  ( 0.6992664133857348085, 0.3752348626734104964, -1.452891452017044172 ) ) ;
#3355 = EDGE_CURVE ( 'NONE', #518, #2971, #3827, .T. ) ;
#3356 = ORIENTED_EDGE ( 'NONE', *, *, #5865, .F. ) ;
#3357 = CARTESIAN_POINT ( 'NONE',  ( 0.3644990991271562786, -0.1194185385179386688, -1.638009147097772678 ) ) ;
#3358 = DIRECTION ( 'NONE',  ( 0.000000000000000000, 0.000000000000000000, -1.000000000000000000 ) ) ;
#3359 = LINE ( 'NONE', #6255, #2904 ) ;
#3360 = CARTESIAN_POINT ( 'NONE',  ( -0.4617482583810916252, -0.1926884747841236811, -0.04031751024721809407 ) ) ;
#3361 = CARTESIAN_POINT ( 'NONE',  ( 0.2574999999999999512, 1.928032088745468746E-16, -1.200220115396831710 ) ) ;
#3362 = AXIS2_PLACEMENT_3D ( 'NONE', #822, #852, #5797 ) ;
#3363 = VECTOR ( 'NONE', #4448, 39.37007874015748143 ) ;
#3364 = CARTESIAN_POINT ( 'NONE',  ( -0.4220798208972117438, 0.2682247621439908247, -0.02500000000000004996 ) ) ;
#3365 = EDGE_CURVE ( 'NONE', #5785, #1701, #5386, .T. ) ;
#3366 = DIRECTION ( 'NONE',  ( 0.000000000000000000, 0.000000000000000000, -1.000000000000000000 ) ) ;
#3367 = EDGE_LOOP ( 'NONE', ( #5187, #1910 ) ) ;
#3368 = CARTESIAN_POINT ( 'NONE',  ( -0.06250000000000006939, 0.5000000000000000000, -1.266155855443755529 ) ) ;
#3369 = DIRECTION ( 'NONE',  ( 0.000000000000000000, 0.000000000000000000, -1.000000000000000000 ) ) ;
#3370 = VERTEX_POINT ( 'NONE', #622 ) ;
#3371 = DIRECTION ( 'NONE',  ( -0.000000000000000000, -1.000000000000000000, -0.000000000000000000 ) ) ;
#3372 = CARTESIAN_POINT ( 'NONE',  ( 0.000000000000000000, 0.000000000000000000, -0.02500000000000002220 ) ) ;
#3373 = CARTESIAN_POINT ( 'NONE',  ( -0.4955957369249174294, -0.02200454313671546674, -1.604720598995375669 ) ) ;
#3374 = EDGE_CURVE ( 'NONE', #4780, #276, #4525, .T. ) ;
#3375 = EDGE_LOOP ( 'NONE', ( #3521, #4705, #3567, #1802 ) ) ;
#3376 = CALENDAR_DATE ( 2026, 25, 3 ) ;
#3377 = CARTESIAN_POINT ( 'NONE',  ( 0.000000000000000000, -0.4085786437626903189, -0.7600000000000001199 ) ) ;
#3378 = CARTESIAN_POINT ( 'NONE',  ( -0.3125000000000002220, -0.2499999999999998890, -1.453655855443755307 ) ) ;
#3379 = CARTESIAN_POINT ( 'NONE',  ( -0.1078439289594165101, 0.2592941265896261949, -0.2615232054252062954 ) ) ;
#3380 = EDGE_CURVE ( 'NONE', #1184, #3878, #1082, .T. ) ;
#3381 = ORIENTED_EDGE ( 'NONE', *, *, #853, .T. ) ;
#3382 = FACE_OUTER_BOUND ( 'NONE', #1855, .T. ) ;
#3383 = PLANE ( 'NONE',  #6111 ) ;
#3384 = ORIENTED_EDGE ( 'NONE', *, *, #1957, .F. ) ;
#3385 = DIRECTION ( 'NONE',  ( 0.9700234113329816443, 0.2430114842264150532, 0.000000000000000000 ) ) ;
#3386 = CARTESIAN_POINT ( 'NONE',  ( 0.6137989518023040381, 0.3434226736884571918, -1.536999488008498949 ) ) ;
#3387 = VERTEX_POINT ( 'NONE', #4619 ) ;
#3388 = CARTESIAN_POINT ( 'NONE',  ( 0.4199742470161068608, 0.2713990344795712550, -0.1197775052974568294 ) ) ;
#3389 = DIRECTION ( 'NONE',  ( -0.7071067811865482389, -0.7071067811865469066, 0.000000000000000000 ) ) ;
#3390 = CARTESIAN_POINT ( 'NONE',  ( -0.5199265109473560909, 0.3022088300667186145, -0.1412097098256076821 ) ) ;
#3391 = CARTESIAN_POINT ( 'NONE',  ( -0.4701616206371874163, 0.3590794621339475912, -0.1247383549744819492 ) ) ;
#3392 = B_SPLINE_CURVE_WITH_KNOTS ( 'NONE', 3,
 ( #555, #5931, #2504, #4921, #3457, #464, #3008, #3427, #2409, #3982, #1005, #5988 ),
 .UNSPECIFIED., .F., .F.,
 ( 4, 2, 2, 2, 2, 4 ),
 ( 8.673617379884035472E-19, 0.002738453454293070678, 0.004107680181439604498, 0.005476906908586138753, 0.008215360362879207262, 0.01095381381717227404 ),
 .UNSPECIFIED. ) ;
#3393 = ORIENTED_EDGE ( 'NONE', *, *, #4162, .T. ) ;
#3394 = CARTESIAN_POINT ( 'NONE',  ( 0.5007076068160384308, -0.2427748956214629272, -0.1255353889107244658 ) ) ;
#3395 = CARTESIAN_POINT ( 'NONE',  ( -0.8082233602167163689, 0.4499999999999987343, -0.7600000000000056710 ) ) ;
#3396 = CARTESIAN_POINT ( 'NONE',  ( -0.4946888994777819404, -0.2463480224625373693, -0.1219337194430427512 ) ) ;
#3397 = FACE_OUTER_BOUND ( 'NONE', #3721, .T. ) ;
#3398 = ORIENTED_EDGE ( 'NONE', *, *, #5798, .F. ) ;
#3399 = CARTESIAN_POINT ( 'NONE',  ( -0.4882553789457998450, 0.2789792777487899444, -0.1204537496168126970 ) ) ;
#3400 = ORIENTED_EDGE ( 'NONE', *, *, #4769, .T. ) ;
#3401 = CARTESIAN_POINT ( 'NONE',  ( -0.4974999999999999978, 8.299196143137481106E-17, -1.641155855443755307 ) ) ;
#3402 = EDGE_CURVE ( 'NONE', #3431, #5974, #3420, .T. ) ;
#3403 = DIRECTION ( 'NONE',  ( -0.000000000000000000, -0.000000000000000000, 1.000000000000000000 ) ) ;
#3404 = DIRECTION ( 'NONE',  ( 0.000000000000000000, 0.000000000000000000, -1.000000000000000000 ) ) ;
#3405 = ORIENTED_EDGE ( 'NONE', *, *, #4176, .F. ) ;
#3406 = APPROVAL_DATE_TIME ( #3306, #1492 ) ;
#3407 = DIRECTION ( 'NONE',  ( -1.000000000000000000, 0.000000000000000000, 3.100300561798464228E-16 ) ) ;
#3408 = FACE_OUTER_BOUND ( 'NONE', #5059, .T. ) ;
#3409 = VECTOR ( 'NONE', #5936, 39.37007874015748143 ) ;
#3410 = EDGE_CURVE ( 'NONE', #5743, #4332, #671, .T. ) ;
#3411 = CARTESIAN_POINT ( 'NONE',  ( 0.7582233602167159914, -0.5000000000000000000, -0.7600000000000001199 ) ) ;
#3412 = ORIENTED_EDGE ( 'NONE', *, *, #365, .F. ) ;
#3413 = CARTESIAN_POINT ( 'NONE',  ( 0.3124999999999998890, -0.2499999999999998890, -1.513655855443755138 ) ) ;
#3414 = AXIS2_PLACEMENT_3D ( 'NONE', #2465, #3422, #4912 ) ;
#3415 = CARTESIAN_POINT ( 'NONE',  ( 0.07189502216928576883, 0.4085786437626901524, -1.641155855443755307 ) ) ;
#3417 = VERTEX_POINT ( 'NONE', #3636 ) ;
#3416 = AXIS2_PLACEMENT_3D ( 'NONE', #3704, #6150, #5630 ) ;
#3418 = EDGE_CURVE ( 'NONE', #1491, #485, #1488, .T. ) ;
#3419 = DIRECTION ( 'NONE',  ( -7.886165872636006785E-17, 0.5000000000000003331, -0.8660254037844383745 ) ) ;
#3420 = CIRCLE ( 'NONE', #3943, 0.1000000000000000194 ) ;
#3421 = VECTOR ( 'NONE', #6137, 39.37007874015748854 ) ;
#3422 = DIRECTION ( 'NONE',  ( 0.000000000000000000, 0.000000000000000000, -1.000000000000000000 ) ) ;
#3423 = ORIENTED_EDGE ( 'NONE', *, *, #4087, .F. ) ;
#3424 = CARTESIAN_POINT ( 'NONE',  ( 0.5000000000000001110, 0.2922727901466721234, -0.1250000000000000278 ) ) ;
#3425 = CARTESIAN_POINT ( 'NONE',  ( 0.1147712295485574935, 0.2770893914012886872, -1.256919866227378169 ) ) ;
#3426 = CARTESIAN_POINT ( 'NONE',  ( 0.5057853806002495789, -0.2413300080305662010, -0.1295847634263409265 ) ) ;
#3427 = CARTESIAN_POINT ( 'NONE',  ( 0.5339422020415277581, -0.03582799991450277832, -0.1532622272117749040 ) ) ;
#3428 = ORIENTED_EDGE ( 'NONE', *, *, #3294, .F. ) ;
#3429 = CARTESIAN_POINT ( 'NONE',  ( 0.4784489898402387587, -0.1481103262896997785, -0.05609772894877414207 ) ) ;
#3430 = ORIENTED_EDGE ( 'NONE', *, *, #2386, .F. ) ;
#3431 = VERTEX_POINT ( 'NONE', #5077 ) ;
#3432 = DIRECTION ( 'NONE',  ( 8.537024980200821325E-17, -2.048885995248196921E-15, 1.000000000000000000 ) ) ;
#3433 = CARTESIAN_POINT ( 'NONE',  ( 0.4346600139537395435, -0.1056895032510799526, -0.4930212524470035662 ) ) ;
#3434 = LINE ( 'NONE', #5378, #812 ) ;
#3435 = ORIENTED_EDGE ( 'NONE', *, *, #4247, .T. ) ;
#3436 = CALENDAR_DATE ( 2026, 25, 3 ) ;
#3437 = CARTESIAN_POINT ( 'NONE',  ( 0.4944411305039506654, 0.07583364431326573840, -0.07236045898499582352 ) ) ;
#3438 = AXIS2_PLACEMENT_3D ( 'NONE', #2328, #738, #1250 ) ;
#3439 = CARTESIAN_POINT ( 'NONE',  ( 0.4930970939108815232, -0.2552640238571673437, -0.1213820790735764682 ) ) ;
#3440 = CARTESIAN_POINT ( 'NONE',  ( 0.5199265109473562019, -0.3022088300667187255, -0.1412097098256077377 ) ) ;
#3441 = ADVANCED_FACE ( 'NONE', ( #6152 ), #1155, .F. ) ;
#3442 = CARTESIAN_POINT ( 'NONE',  ( -0.2633273692154206036, 0.03732800233296469650, -1.196762524780856873 ) ) ;
#3443 = CARTESIAN_POINT ( 'NONE',  ( 0.3671391464042534358, -0.5098216852435412116, -0.1270945599736894860 ) ) ;
#3444 = ORIENTED_EDGE ( 'NONE', *, *, #1201, .F. ) ;
#3445 = DIRECTION ( 'NONE',  ( -0.000000000000000000, -0.000000000000000000, 1.000000000000000000 ) ) ;
#3446 = CONICAL_SURFACE ( 'NONE', #5943, 0.4499999999999998446, 0.7853981633974482790 ) ;
#3447 = CARTESIAN_POINT ( 'NONE',  ( 0.2574999999999999512, -2.681928579973956200E-17, -0.3197798846031684183 ) ) ;
#3448 = ADVANCED_FACE ( 'NONE', ( #5666, #2140 ), #1760, .F. ) ;
#3449 = EDGE_LOOP ( 'NONE', ( #6218, #146, #2638 ) ) ;
#3450 = ADVANCED_FACE ( 'NONE', ( #775 ), #1188, .F. ) ;
#3451 = CARTESIAN_POINT ( 'NONE',  ( 0.4826302442574032514, -0.05811313140668407373, -1.609761639890549878 ) ) ;
#3452 = CARTESIAN_POINT ( 'NONE',  ( 0.1186737387561270507, 0.3330269960050374345, -1.256007713710905360 ) ) ;
#3453 = VECTOR ( 'NONE', #947, 39.37007874015748143 ) ;
#3454 = CARTESIAN_POINT ( 'NONE',  ( -0.8082233602167162578, -0.4085786437626903189, -0.7600000000000056710 ) ) ;
#3455 = ORIENTED_EDGE ( 'NONE', *, *, #3482, .T. ) ;
#3456 = CARTESIAN_POINT ( 'NONE',  ( 0.5011996232779570848, -0.2673004516848320744, -0.1258327260342819998 ) ) ;
#3457 = CARTESIAN_POINT ( 'NONE',  ( 0.5303037799963965515, 0.07218979219489213284, -0.1500765311479710096 ) ) ;
#3458 = FACE_OUTER_BOUND ( 'NONE', #6135, .T. ) ;
#3459 = EDGE_CURVE ( 'NONE', #4248, #3268, #5486, .T. ) ;
#3460 = ORIENTED_EDGE ( 'NONE', *, *, #5922, .F. ) ;
#3461 = ORIENTED_EDGE ( 'NONE', *, *, #6241, .T. ) ;
#3462 = ORIENTED_EDGE ( 'NONE', *, *, #733, .T. ) ;
#3463 = VECTOR ( 'NONE', #5997, 39.37007874015748143 ) ;
#3464 = FACE_OUTER_BOUND ( 'NONE', #1600, .T. ) ;
#3465 = AXIS2_PLACEMENT_3D ( 'NONE', #3377, #4283, #5812 ) ;
#3466 = DIRECTION ( 'NONE',  ( 0.000000000000000000, -1.000000000000000000, 0.000000000000000000 ) ) ;
#3467 = ORIENTED_EDGE ( 'NONE', *, *, #2203, .T. ) ;
#3468 =( BOUNDED_CURVE ( )  B_SPLINE_CURVE ( 3, ( #3149, #6179, #1753, #5722 ),
 .UNSPECIFIED., .F., .F. ) 
 B_SPLINE_CURVE_WITH_KNOTS ( ( 4, 4 ),
 ( 5.740769277219792244, 6.825601337139380220 ),
 .UNSPECIFIED. ) 
 CURVE ( )  GEOMETRIC_REPRESENTATION_ITEM ( )  RATIONAL_B_SPLINE_CURVE ( ( 1.000000000000000000, 0.9043093408702512770, 0.9043093408702512770, 1.000000000000000000 ) ) 
 REPRESENTATION_ITEM ( '' )  );
#3469 = CYLINDRICAL_SURFACE ( 'NONE', #3299, 0.8082233602167163689 ) ;
#3470 = CARTESIAN_POINT ( 'NONE',  ( 0.000000000000000000, 0.000000000000000000, -0.02500000000000002220 ) ) ;
#3471 = CARTESIAN_POINT ( 'NONE',  ( -0.3125000000000002220, 0.2499999999999998890, -1.513655855443755138 ) ) ;
#3472 = CARTESIAN_POINT ( 'NONE',  ( 0.5310621671136721567, -0.07195397370754672006, -0.1506923864259597234 ) ) ;
#3473 = CARTESIAN_POINT ( 'NONE',  ( -0.8082233602167164799, -0.2499999999999998890, -1.393655855443755476 ) ) ;
#3474 = EDGE_LOOP ( 'NONE', ( #2304, #6108, #5458, #1768 ) ) ;
#3475 = CARTESIAN_POINT ( 'NONE',  ( 0.3082233602167161468, -0.5000000000000000000, -1.141155855443755307 ) ) ;
#3476 = EDGE_CURVE ( 'NONE', #2199, #3972, #1684, .T. ) ;
#3477 = CARTESIAN_POINT ( 'NONE',  ( 0.5599018960231030295, -0.2867593518570681899, -1.573203653827836890 ) ) ;
#3478 = ORIENTED_EDGE ( 'NONE', *, *, #5092, .F. ) ;
#3479 = CARTESIAN_POINT ( 'NONE',  ( -0.2910533905932736753, -0.2499999999999998890, -1.453655855443755307 ) ) ;
#3480 = CARTESIAN_POINT ( 'NONE',  ( 0.4617468096773061914, -0.4999999999999999445, -0.1595546381390778035 ) ) ;
#3481 = DIRECTION ( 'NONE',  ( 1.000000000000000000, -0.000000000000000000, -0.000000000000000000 ) ) ;
#3482 = EDGE_CURVE ( 'NONE', #2445, #5744, #6116, .T. ) ;
#3483 = CARTESIAN_POINT ( 'NONE',  ( -0.3155551913258481389, -0.1027756813566453598, -1.453655855443755307 ) ) ;
#3484 = CARTESIAN_POINT ( 'NONE',  ( -0.06886271923549115714, 0.4108476962608459959, -1.641155855443755307 ) ) ;
#3485 = CARTESIAN_POINT ( 'NONE',  ( 0.09725584189992744766, -0.2415046687284729821, -1.513655855443755138 ) ) ;
#3486 = ORIENTED_EDGE ( 'NONE', *, *, #1311, .F. ) ;
#3487 = CARTESIAN_POINT ( 'NONE',  ( -0.4812894996319727059, 0.3065654244952105145, -0.1206054019723512699 ) ) ;
#3488 = CARTESIAN_POINT ( 'NONE',  ( -0.06250000000000020817, 0.5000000000000000000, -1.641155855443755307 ) ) ;
#3489 = EDGE_LOOP ( 'NONE', ( #3079, #3289, #1566, #3333 ) ) ;
#3490 = ORIENTED_EDGE ( 'NONE', *, *, #282, .F. ) ;
#3491 = ORIENTED_EDGE ( 'NONE', *, *, #3978, .F. ) ;
#3492 = CYLINDRICAL_SURFACE ( 'NONE', #1314, 0.1199999999999999956 ) ;
#3493 = CARTESIAN_POINT ( 'NONE',  ( 0.4493627883659310762, 0.4815618668916589185, -0.1249999999999446831 ) ) ;
#3494 = EDGE_CURVE ( 'NONE', #3553, #5491, #4919, .T. ) ;
#3495 = DIRECTION ( 'NONE',  ( -0.000000000000000000, -0.000000000000000000, 1.000000000000000000 ) ) ;
#3496 = ORIENTED_EDGE ( 'NONE', *, *, #4806, .T. ) ;
#3497 = DIRECTION ( 'NONE',  ( 1.000000000000000000, 0.000000000000000000, -0.000000000000000000 ) ) ;
#3498 = B_SPLINE_CURVE_WITH_KNOTS ( 'NONE', 3,
 ( #504, #1460, #5375, #2448, #4438, #5031, #4536, #3166, #238, #1673 ),
 .UNSPECIFIED., .F., .F.,
 ( 4, 2, 2, 2, 4 ),
 ( 0.000000000000000000, 0.0007791776206337204524, 0.001558355241267440905, 0.002337532861901161357, 0.003116710482534881810 ),
 .UNSPECIFIED. ) ;
#3499 = CARTESIAN_POINT ( 'NONE',  ( 0.4968477533717093886, -0.06486900276744017591, -0.1208713335442560405 ) ) ;
#3500 =( BOUNDED_SURFACE ( )  B_SPLINE_SURFACE ( 3, 2, ( 
 ( #4353, #6338, #1908 ),
 ( #3868, #245, #3969 ),
 ( #4636, #1678, #3659 ),
 ( #1238, #4667, #698 ),
 ( #5650, #5581, #4118 ),
 ( #3690, #1622, #756 ) ),
 .UNSPECIFIED., .F., .F., .T. ) 
 B_SPLINE_SURFACE_WITH_KNOTS ( ( 4, 2, 4 ),
 ( 3, 3 ),
 ( 1.528725063204561252E-17, 0.001002059535306337257, 0.002004119070612659335 ),
 ( 0.000000000000000000, 1.000000000000000000 ),
 .UNSPECIFIED. ) 
 GEOMETRIC_REPRESENTATION_ITEM ( )  RATIONAL_B_SPLINE_SURFACE ( (
 ( 1.000000000000000000, 0.9697339845682844128, 1.000000000000000000),
 ( 1.000000000000000000, 0.9646124974352949799, 1.000000000000000000),
 ( 1.000000000000000000, 0.9592229369859994748, 1.000000000000000000),
 ( 1.000000000000000000, 0.9481943243729824555, 1.000000000000000000),
 ( 1.000000000000000000, 0.9425516486188880716, 1.000000000000000000),
 ( 1.000000000000000000, 0.9368594878432070505, 1.000000000000000000) ) ) 
 REPRESENTATION_ITEM ( '' )  SURFACE ( )  );
#3501 = CARTESIAN_POINT ( 'NONE',  ( -0.3125000000000002220, -0.2499999999999998890, -1.513655855443755138 ) ) ;
#3502 = ORIENTED_EDGE ( 'NONE', *, *, #768, .F. ) ;
#3503 = CARTESIAN_POINT ( 'NONE',  ( -0.1199999999999999956, -0.3124999999999999445, -1.641155855443755307 ) ) ;
#3504 = AXIS2_PLACEMENT_3D ( 'NONE', #3143, #4120, #4638 ) ;
#3505 = LINE ( 'NONE', #3538, #4657 ) ;
#3506 = ORIENTED_EDGE ( 'NONE', *, *, #137, .F. ) ;
#3507 = B_SPLINE_CURVE_WITH_KNOTS ( 'NONE', 3,
 ( #3526, #4056, #4086, #4964, #1076, #1044 ),
 .UNSPECIFIED., .F., .F.,
 ( 4, 2, 4 ),
 ( 0.000000000000000000, 0.001005070688847770543, 0.002010141377695541087 ),
 .UNSPECIFIED. ) ;
#3508 = DIRECTION ( 'NONE',  ( 1.000000000000000000, -0.000000000000000000, -0.000000000000000000 ) ) ;
#3509 = AXIS2_PLACEMENT_3D ( 'NONE', #292, #1288, #3222 ) ;
#3510 = DIRECTION ( 'NONE',  ( 1.000000000000000000, 6.829619984160660018E-16, 0.000000000000000000 ) ) ;
#3511 = ADVANCED_FACE ( 'NONE', ( #1222, #1664 ), #3603, .F. ) ;
#3512 = CARTESIAN_POINT ( 'NONE',  ( 0.6741351334794435379, 0.1280592698326187551, -1.482033237366885858 ) ) ;
#3513 = AXIS2_PLACEMENT_3D ( 'NONE', #4432, #1007, #2077 ) ;
#3514 = CARTESIAN_POINT ( 'NONE',  ( -0.4692152606226257516, -0.5000000000000001110, -0.1643319382806333884 ) ) ;
#3515 = DIRECTION ( 'NONE',  ( 0.000000000000000000, 0.000000000000000000, -1.000000000000000000 ) ) ;
#3516 = CARTESIAN_POINT ( 'NONE',  ( 0.3124999999999998890, -0.2499999999999998890, -1.453655855443755307 ) ) ;
#3517 = EDGE_LOOP ( 'NONE', ( #5673, #4957, #4965 ) ) ;
#3518 = CARTESIAN_POINT ( 'NONE',  ( -0.09332481897958094796, 0.3886151083918739091, -1.261439653526079674 ) ) ;
#3519 = VECTOR ( 'NONE', #3288, 39.37007874015748143 ) ;
#3520 = EDGE_CURVE ( 'NONE', #5940, #3135, #6023, .T. ) ;
#3521 = ORIENTED_EDGE ( 'NONE', *, *, #56, .F. ) ;
#3522 = CARTESIAN_POINT ( 'NONE',  ( -0.4633988693071610654, -0.1882826091399256718, -0.09618021205288253273 ) ) ;
#3523 = EDGE_LOOP ( 'NONE', ( #5390, #5117, #150, #5856, #1672 ) ) ;
#3524 = ORIENTED_EDGE ( 'NONE', *, *, #3773, .F. ) ;
#3525 = CARTESIAN_POINT ( 'NONE',  ( 0.4166666666666666852, 0.2763853991962832435, -0.02500000000000002220 ) ) ;
#3526 = CARTESIAN_POINT ( 'NONE',  ( 0.5199265109473562019, -0.3022088300667187255, -0.1412097098256077377 ) ) ;
#3527 = ORIENTED_EDGE ( 'NONE', *, *, #5953, .F. ) ;
#3528 = CARTESIAN_POINT ( 'NONE',  ( -0.07921360625618421858, -0.2217903745627373413, -1.263861541050531834 ) ) ;
#3529 = FACE_OUTER_BOUND ( 'NONE', #754, .T. ) ;
#3530 = EDGE_CURVE ( 'NONE', #4505, #342, #3936, .T. ) ;
#3531 = EDGE_CURVE ( 'NONE', #3151, #1962, #2039, .T. ) ;
#3532 = CARTESIAN_POINT ( 'NONE',  ( 0.06249999999999981265, 0.5000000000000000000, -1.591155855443755041 ) ) ;
#3533 = CARTESIAN_POINT ( 'NONE',  ( 0.3082233602167161468, 0.4792893218813446543, -1.611866533562410275 ) ) ;
#3534 = DIRECTION ( 'NONE',  ( 0.000000000000000000, -1.000000000000000000, 0.000000000000000000 ) ) ;
#3535 = ORIENTED_EDGE ( 'NONE', *, *, #1974, .F. ) ;
#3536 = CARTESIAN_POINT ( 'NONE',  ( 0.4040272625349911051, 0.5158809336128006295, -0.1447270263949073654 ) ) ;
#3537 = AXIS2_PLACEMENT_3D ( 'NONE', #1874, #2326, #5200 ) ;
#3538 = CARTESIAN_POINT ( 'NONE',  ( 0.3535533905932746745, -0.3535533905932730092, 0.3826834323650908365 ) ) ;
#3539 = ORIENTED_EDGE ( 'NONE', *, *, #5483, .T. ) ;
#3540 = PLANE ( 'NONE',  #6244 ) ;
#3541 = CARTESIAN_POINT ( 'NONE',  ( -0.4640639265841039474, -0.4085786437626903189, -0.2249999999999999778 ) ) ;
#3542 = CIRCLE ( 'NONE', #2428, 0.05999999999999990757 ) ;
#3543 = AXIS2_PLACEMENT_3D ( 'NONE', #3280, #869, #388 ) ;
#3544 = CYLINDRICAL_SURFACE ( 'NONE', #4362, 0.1000000000000000194 ) ;
#3545 = CARTESIAN_POINT ( 'NONE',  ( -0.7582233602167159914, -0.5000000000000000000, -0.7600000000000056710 ) ) ;
#3546 = CARTESIAN_POINT ( 'NONE',  ( 0.1191694828727113131, -0.2972251108301492417, -1.491524498491895390 ) ) ;
#3547 = AXIS2_PLACEMENT_3D ( 'NONE', #417, #2322, #3700 ) ;
#3548 = VECTOR ( 'NONE', #2365, 39.37007874015748143 ) ;
#3549 = ORIENTED_EDGE ( 'NONE', *, *, #1438, .T. ) ;
#3550 = CARTESIAN_POINT ( 'NONE',  ( -0.3912210070367905246, 0.1194262699820467927, -0.4326418221406003739 ) ) ;
#3551 = VERTEX_POINT ( 'NONE', #2285 ) ;
#3552 = LINE ( 'NONE', #4082, #4884 ) ;
#3553 = VERTEX_POINT ( 'NONE', #3145 ) ;
#3554 = ORIENTED_EDGE ( 'NONE', *, *, #5302, .F. ) ;
#3555 = CARTESIAN_POINT ( 'NONE',  ( 0.7414889102319726089, -0.1415655881364186186, -1.390879662899107583 ) ) ;
#3556 = CARTESIAN_POINT ( 'NONE',  ( 0.4542579333252507179, 0.2097741746869228319, -0.03508455216554774020 ) ) ;
#3557 = ADVANCED_FACE ( 'NONE', ( #5102 ), #4254, .F. ) ;
#3558 = DIRECTION ( 'NONE',  ( 0.000000000000000000, -0.000000000000000000, -1.000000000000000000 ) ) ;
#3559 = ORIENTED_EDGE ( 'NONE', *, *, #888, .F. ) ;
#3560 = DIRECTION ( 'NONE',  ( 1.000000000000000000, -0.000000000000000000, -0.000000000000000000 ) ) ;
#3561 = CARTESIAN_POINT ( 'NONE',  ( 0.3082233602167161468, 0.4085786437626901524, -1.141155855443755307 ) ) ;
#3562 = VECTOR ( 'NONE', #4402, 39.37007874015748143 ) ;
#3563 = EDGE_CURVE ( 'NONE', #4791, #3551, #825, .T. ) ;
#3564 = VECTOR ( 'NONE', #1868, 39.37007874015748143 ) ;
#3565 = DIRECTION ( 'NONE',  ( -1.000000000000000000, 0.000000000000000000, 0.000000000000000000 ) ) ;
#3566 = DIRECTION ( 'NONE',  ( 0.000000000000000000, 0.4999999999999998335, 0.8660254037844385966 ) ) ;
#3567 = ORIENTED_EDGE ( 'NONE', *, *, #1462, .T. ) ;
#3568 = CARTESIAN_POINT ( 'NONE',  ( 0.3303141063894687868, 0.5002886145048560662, -0.1241934459584975586 ) ) ;
#3569 = EDGE_CURVE ( 'NONE', #1829, #5991, #4198, .T. ) ;
#3570 = EDGE_LOOP ( 'NONE', ( #4597, #4240, #2395, #5341 ) ) ;
#3571 = CARTESIAN_POINT ( 'NONE',  ( -0.03120777308193759675, 0.4286371499668643614, -0.2508972646532660056 ) ) ;
#3572 = CARTESIAN_POINT ( 'NONE',  ( 0.6340821023593071759, 0.1436782065968898736, -1.520830079152241998 ) ) ;
#3573 = DIRECTION ( 'NONE',  ( -0.000000000000000000, -0.000000000000000000, 1.000000000000000000 ) ) ;
#3574 = CARTESIAN_POINT ( 'NONE',  ( 0.5502848193546797662, 0.2499999999999998890, -1.578655855443755085 ) ) ;
#3575 = CARTESIAN_POINT ( 'NONE',  ( 0.1195800538738739927, -0.3019766594682158356, -1.484696560170709612 ) ) ;
#3576 = EDGE_LOOP ( 'NONE', ( #2846, #2561 ) ) ;
#3577 = CARTESIAN_POINT ( 'NONE',  ( -0.4711832288960003390, 0.07522334261198539151, -0.5645961915693220590 ) ) ;
#3578 = CARTESIAN_POINT ( 'NONE',  ( 0.5295890070392446081, -0.4085786437626903189, -0.1494588600076266482 ) ) ;
#3579 = EDGE_LOOP ( 'NONE', ( #2045, #6120, #6058, #4245 ) ) ;
#3580 = CARTESIAN_POINT ( 'NONE',  ( -0.3125000000000002776, 0.1027756813566452626, -1.453655855443755529 ) ) ;
#3581 = ORIENTED_EDGE ( 'NONE', *, *, #3207, .F. ) ;
#3582 = EDGE_LOOP ( 'NONE', ( #3189, #2856, #4145, #1817, #175 ) ) ;
#3583 = CARTESIAN_POINT ( 'NONE',  ( 0.5502848193546799882, -0.2403506776158803315, -1.578655855443754863 ) ) ;
#3584 = CARTESIAN_POINT ( 'NONE',  ( -0.8082233602167164799, -0.2499999999999998890, -1.513655855443755138 ) ) ;
#3585 = DIRECTION ( 'NONE',  ( -0.9364401444393468665, -0.3508273875888470728, 0.000000000000000000 ) ) ;
#3586 = EDGE_LOOP ( 'NONE', ( #5731, #995, #3748, #3714 ) ) ;
#3587 = LINE ( 'NONE', #1170, #4752 ) ;
#3588 = EDGE_CURVE ( 'NONE', #5609, #2664, #4712, .T. ) ;
#3589 = AXIS2_PLACEMENT_3D ( 'NONE', #2173, #3712, #6122 ) ;
#3590 = DIRECTION ( 'NONE',  ( -0.000000000000000000, 1.000000000000000000, -0.000000000000000000 ) ) ;
#3591 = CARTESIAN_POINT ( 'NONE',  ( 0.4971226708742465528, 0.01100997781135374873, -1.604100484368715218 ) ) ;
#3592 = EDGE_CURVE ( 'NONE', #724, #4960, #3058, .T. ) ;
#3593 = CARTESIAN_POINT ( 'NONE',  ( 0.06250000000000002776, -0.3124999999999999445, -0.1250000000000000000 ) ) ;
#3594 = EDGE_LOOP ( 'NONE', ( #4658, #2147, #311, #5932 ) ) ;
#3595 = CARTESIAN_POINT ( 'NONE',  ( -0.1191706295728148790, 0.2972340772927695718, -1.491513657180867147 ) ) ;
#3596 = ORIENTED_EDGE ( 'NONE', *, *, #4834, .F. ) ;
#3597 = DIRECTION ( 'NONE',  ( 1.000000000000000000, 0.000000000000000000, 0.000000000000000000 ) ) ;
#3598 = AXIS2_PLACEMENT_3D ( 'NONE', #2574, #3952, #4532 ) ;
#3599 = CARTESIAN_POINT ( 'NONE',  ( -0.4999968607255015351, 0.01523288310674883114, -0.07818316784532237940 ) ) ;
#3600 = EDGE_CURVE ( 'NONE', #3183, #5545, #4710, .T. ) ;
#3601 = EDGE_CURVE ( 'NONE', #6147, #3370, #1830, .T. ) ;
#3602 = CARTESIAN_POINT ( 'NONE',  ( -0.3082233602167164799, 0.4792893218813437661, -1.611866533562410497 ) ) ;
#3603 = PLANE ( 'NONE',  #5135 ) ;
#3604 = CARTESIAN_POINT ( 'NONE',  ( 0.3307283210671013718, 0.5000000000000000000, -0.1242047542652713471 ) ) ;
#3605 = CIRCLE ( 'NONE', #2183, 0.1199999999999999956 ) ;
#3606 = CARTESIAN_POINT ( 'NONE',  ( 0.5940133626453337756, 0.3281371600013557877, -1.551498723561000492 ) ) ;
#3607 = EDGE_LOOP ( 'NONE', ( #6337, #6250, #594, #1330 ) ) ;
#3608 = CARTESIAN_POINT ( 'NONE',  ( -0.4399999999999999467, 7.595024233627752722E-17, -0.1250000000000000000 ) ) ;
#3609 = B_SPLINE_CURVE_WITH_KNOTS ( 'NONE', 3,
 ( #4888, #46, #1989, #4954, #3949, #760, #2709, #3694, #3303, #2451, #3891, #4374, #4896, #1864, #1432, #5286, #5411, #507, #1897, #923, #473, #4803, #891, #2350, #1017, #4410, #3433, #440, #3338, #1494, #6293, #6363, #2481, #23, #5872, #3819, #3854, #57, #2381, #5808 ),
 .UNSPECIFIED., .F., .F.,
 ( 4, 2, 2, 2, 2, 2, 2, 2, 2, 2, 2, 2, 2, 2, 2, 2, 2, 2, 2, 4 ),
 ( 0.01334010057646143818, 0.01375608127512108030, 0.01417206197378072068, 0.01458804267244036279, 0.01500402337110000317, 0.01542000406975964528, 0.01583598476841928740, 0.01666794616573856816, 0.01749990756305785239, 0.01833186896037713662, 0.01916383035769642085, 0.01999579175501570508, 0.02082775315233498931, 0.02165971454965427354, 0.02332363734429283852, 0.02415559874161211928, 0.02498756013893140004, 0.02581952153625068080, 0.02623550223491032118, 0.02665148293356996503 ),
 .UNSPECIFIED. ) ;
#3610 = CARTESIAN_POINT ( 'NONE',  ( -0.3082233602167163133, 0.5000000000000000000, -1.141155855443755307 ) ) ;
#3611 = ORIENTED_EDGE ( 'NONE', *, *, #2994, .F. ) ;
#3612 = VECTOR ( 'NONE', #5684, 39.37007874015748143 ) ;
#3613 = CARTESIAN_POINT ( 'NONE',  ( 0.5017184263958508472, 0.3009708756207679081, -0.1260172896749397475 ) ) ;
#3614 = VERTEX_POINT ( 'NONE', #3413 ) ;
#3615 = ORIENTED_EDGE ( 'NONE', *, *, #5441, .T. ) ;
#3616 = CARTESIAN_POINT ( 'NONE',  ( 0.4974999999999999978, 6.829619984160658046E-17, -0.8722218784373162448 ) ) ;
#3617 = CARTESIAN_POINT ( 'NONE',  ( 0.1169300160821803714, 0.2853095253931116071, -1.404985081911596989 ) ) ;
#3618 = CIRCLE ( 'NONE', #4556, 0.05999999999999990757 ) ;
#3619 = ORIENTED_EDGE ( 'NONE', *, *, #4350, .T. ) ;
#3620 = CARTESIAN_POINT ( 'NONE',  ( -0.3535533905932743415, -0.3535533905932732868, -0.02500000000000000486 ) ) ;
#3621 = CARTESIAN_POINT ( 'NONE',  ( 0.06250000000000002776, -0.3124999999999999445, -0.1250000000000000000 ) ) ;
#3622 = PLANE ( 'NONE',  #6004 ) ;
#3623 = CARTESIAN_POINT ( 'NONE',  ( -0.06250000000000001388, -0.5000000000000000000, -1.203113980822090312 ) ) ;
#3624 = DIRECTION ( 'NONE',  ( -0.7071067811865465735, 0.7071067811865485719, 0.000000000000000000 ) ) ;
#3625 = AXIS2_PLACEMENT_3D ( 'NONE', #2050, #5439, #5500 ) ;
#3626 = DIRECTION ( 'NONE',  ( 0.000000000000000000, 0.000000000000000000, 1.000000000000000000 ) ) ;
#3627 = CARTESIAN_POINT ( 'NONE',  ( 0.4895454891964743926, 0.2730304255502440935, -0.1206197306567599603 ) ) ;
#3628 = DIRECTION ( 'NONE',  ( 1.000000000000000000, -0.000000000000000000, -0.000000000000000000 ) ) ;
#3629 = PLANE ( 'NONE',  #5843 ) ;
#3630 = EDGE_CURVE ( 'NONE', #3074, #435, #1122, .T. ) ;
#3631 = ORIENTED_EDGE ( 'NONE', *, *, #5624, .T. ) ;
#3632 = DIRECTION ( 'NONE',  ( -3.100300561798464228E-16, 0.000000000000000000, -1.000000000000000000 ) ) ;
#3633 = CARTESIAN_POINT ( 'NONE',  ( 0.5000000000000001110, -0.3219692077899700133, -0.1250000000000000278 ) ) ;
#3634 = CARTESIAN_POINT ( 'NONE',  ( 0.3124999999999998890, 0.2499999999999998890, -1.513655855443755138 ) ) ;
#3635 = DIRECTION ( 'NONE',  ( 0.000000000000000000, 0.000000000000000000, 1.000000000000000000 ) ) ;
#3636 = CARTESIAN_POINT ( 'NONE',  ( -0.4777984767417231549, 0.3169356545511292089, -0.1213857510507521109 ) ) ;
#3637 = CARTESIAN_POINT ( 'NONE',  ( -0.7789340383353708930, -0.4792893218813452094, -1.141155855443755085 ) ) ;
#3638 = AXIS2_PLACEMENT_3D ( 'NONE', #5766, #3191, #331 ) ;
#3639 = ADVANCED_FACE ( 'NONE', ( #3382, #3351 ), #1023, .T. ) ;
#3640 = EDGE_CURVE ( 'NONE', #534, #323, #813, .T. ) ;
#3641 = DIRECTION ( 'NONE',  ( 1.000000000000000000, 0.000000000000000000, 0.000000000000000000 ) ) ;
#3642 = ORIENTED_EDGE ( 'NONE', *, *, #3459, .F. ) ;
#3643 = CARTESIAN_POINT ( 'NONE',  ( -0.4593856015821864980, 0.08851634229861389536, -0.5376264331642179872 ) ) ;
#3644 = CARTESIAN_POINT ( 'NONE',  ( -0.5103971553117278015, -0.4792893218813452094, -0.1715843476528306488 ) ) ;
#3645 = CARTESIAN_POINT ( 'NONE',  ( 0.08765298045140407224, -0.2304050307921179097, -1.396830638626707533 ) ) ;
#3646 = VECTOR ( 'NONE', #6359, 39.37007874015748854 ) ;
#3647 = EDGE_LOOP ( 'NONE', ( #5892, #3678, #1628, #4758, #4112 ) ) ;
#3648 = CARTESIAN_POINT ( 'NONE',  ( 0.4777984767417235434, 0.3169356545511275991, -0.1213857510507519444 ) ) ;
#3649 = EDGE_LOOP ( 'NONE', ( #6308, #5648, #4335, #5018 ) ) ;
#3650 = VERTEX_POINT ( 'NONE', #2362 ) ;
#3651 = PLANE ( 'NONE',  #4815 ) ;
#3652 = DIRECTION ( 'NONE',  ( 3.100300561798464228E-16, 0.000000000000000000, 1.000000000000000000 ) ) ;
#3653 = EDGE_CURVE ( 'NONE', #3768, #4107, #585, .T. ) ;
#3654 = AXIS2_PLACEMENT_3D ( 'NONE', #5514, #6032, #3585 ) ;
#3655 = DIRECTION ( 'NONE',  ( 0.7071067811865485719, -0.7071067811865464625, 0.000000000000000000 ) ) ;
#3656 = EDGE_LOOP ( 'NONE', ( #2, #2427, #5152, #3012 ) ) ;
#3657 = CARTESIAN_POINT ( 'NONE',  ( -0.09332481897958090633, -0.2363848916081259244, -1.261439653526079230 ) ) ;
#3658 = DIRECTION ( 'NONE',  ( 0.000000000000000000, -1.000000000000000000, 0.000000000000000000 ) ) ;
#3659 = CARTESIAN_POINT ( 'NONE',  ( -0.4748490257428222283, -0.3378888418270142302, -0.1235941235222196705 ) ) ;
#3660 = EDGE_LOOP ( 'NONE', ( #1473, #2718 ) ) ;
#3661 = FACE_OUTER_BOUND ( 'NONE', #207, .T. ) ;
#3662 = CARTESIAN_POINT ( 'NONE',  ( 0.06249999999999980571, 0.5000000000000000000, -1.641155855443755307 ) ) ;
#3663 = CARTESIAN_POINT ( 'NONE',  ( 0.4899520835616186232, 0.04329901774275608101, -1.606972390791631788 ) ) ;
#3664 = CYLINDRICAL_SURFACE ( 'NONE', #4399, 0.1200000000000000233 ) ;
#3665 = VECTOR ( 'NONE', #147, 39.37007874015748143 ) ;
#3666 = CARTESIAN_POINT ( 'NONE',  ( -0.08766874807944208259, -0.2304193766276381727, -1.396823631045587044 ) ) ;
#3667 = LINE ( 'NONE', #5661, #2319 ) ;
#3668 = ORIENTED_EDGE ( 'NONE', *, *, #5441, .F. ) ;
#3669 = DIRECTION ( 'NONE',  ( 1.000000000000000000, 0.000000000000000000, 0.000000000000000000 ) ) ;
#3670 = CARTESIAN_POINT ( 'NONE',  ( 0.5000000000000000000, 0.2104964325533063285, -0.1250000000000000000 ) ) ;
#3671 = CARTESIAN_POINT ( 'NONE',  ( 0.3643560065438447571, -0.4999999999999998335, -0.1278127172415776946 ) ) ;
#3672 =( BOUNDED_CURVE ( )  B_SPLINE_CURVE ( 3, ( #3790, #5779, #2286, #1309 ),
 .UNSPECIFIED., .F., .T. ) 
 B_SPLINE_CURVE_WITH_KNOTS ( ( 4, 4 ),
 ( 0.4949341263408948977, 0.8956647938578649049 ),
 .UNSPECIFIED. ) 
 CURVE ( )  GEOMETRIC_REPRESENTATION_ITEM ( )  RATIONAL_B_SPLINE_CURVE ( ( 1.000000000000000000, 0.9866626212169391508, 0.9866626212169391508, 1.000000000000000000 ) ) 
 REPRESENTATION_ITEM ( '' )  );
#3673 = CARTESIAN_POINT ( 'NONE',  ( -0.4864014587077425400, -0.1196985581877186983, -0.06411276540273595781 ) ) ;
#3674 = DIRECTION ( 'NONE',  ( 1.000000000000000000, 0.000000000000000000, 0.000000000000000000 ) ) ;
#3675 = ADVANCED_FACE ( 'NONE', ( #450 ), #3500, .T. ) ;
#3676 = CARTESIAN_POINT ( 'NONE',  ( 0.3270189340712463810, -0.3236121593216773062, -1.326155855443755582 ) ) ;
#3677 = CARTESIAN_POINT ( 'NONE',  ( -0.1099346341037019253, -0.2642271760751742082, -1.512058999384152891 ) ) ;
#3678 = ORIENTED_EDGE ( 'NONE', *, *, #3155, .F. ) ;
#3679 = CARTESIAN_POINT ( 'NONE',  ( -0.2575000000000000067, -0.01100921337120563427, -1.200220115396831932 ) ) ;
#3680 = CARTESIAN_POINT ( 'NONE',  ( 0.1199999999999999956, 0.3125000000000000555, -1.641155855443755307 ) ) ;
#3681 = EDGE_LOOP ( 'NONE', ( #402, #2507, #3668, #4735 ) ) ;
#3682 = ORIENTED_EDGE ( 'NONE', *, *, #6103, .T. ) ;
#3683 = EDGE_CURVE ( 'NONE', #665, #1370, #216, .T. ) ;
#3684 = ORIENTED_EDGE ( 'NONE', *, *, #6103, .F. ) ;
#3685 = DIRECTION ( 'NONE',  ( 0.000000000000000000, 0.000000000000000000, -1.000000000000000000 ) ) ;
#3686 = CARTESIAN_POINT ( 'NONE',  ( -0.4936124270729581043, 0.08147702773416796995, -0.1183958742292717525 ) ) ;
#3687 = CARTESIAN_POINT ( 'NONE',  ( 0.1140460752148436674, 0.2749794786609173758, -1.508341250772468500 ) ) ;
#3688 = ORIENTED_EDGE ( 'NONE', *, *, #3482, .F. ) ;
#3689 = DIRECTION ( 'NONE',  ( -0.000000000000000000, -0.000000000000000000, 1.000000000000000000 ) ) ;
#3690 = CARTESIAN_POINT ( 'NONE',  ( -0.5295890070392735849, -0.3803218006416888564, -0.1494588600076387497 ) ) ;
#3691 = ORIENTED_EDGE ( 'NONE', *, *, #1107, .T. ) ;
#3692 = EDGE_CURVE ( 'NONE', #5738, #4719, #1935, .T. ) ;
#3693 = DIRECTION ( 'NONE',  ( 0.000000000000000000, 1.000000000000000000, 0.000000000000000000 ) ) ;
#3694 = CARTESIAN_POINT ( 'NONE',  ( 0.2693172963951381838, -0.05219675110730834233, -0.3269016290327020902 ) ) ;
#3695 = CARTESIAN_POINT ( 'NONE',  ( -0.3125000000000002776, -0.3972243186433544460, -1.453655855443755307 ) ) ;
#3696 = DIRECTION ( 'NONE',  ( 0.000000000000000000, -1.000000000000000000, 0.000000000000000000 ) ) ;
#3697 = CARTESIAN_POINT ( 'NONE',  ( -0.4672551768474294542, -0.3699185761126318472, -0.1250000000000426326 ) ) ;
#3698 = FACE_BOUND ( 'NONE', #1587, .T. ) ;
#3699 = LINE ( 'NONE', #350, #906 ) ;
#3700 = DIRECTION ( 'NONE',  ( 0.000000000000000000, 0.000000000000000000, -1.000000000000000000 ) ) ;
#3701 = ORIENTED_EDGE ( 'NONE', *, *, #5821, .F. ) ;
#3702 = CARTESIAN_POINT ( 'NONE',  ( -0.6048807434363822066, -0.1579490772738638971, -1.549218980398491041 ) ) ;
#3703 = CARTESIAN_POINT ( 'NONE',  ( -0.3993197982237521315, 0.4492083392001050002, -0.1250000000000000000 ) ) ;
#3704 = CARTESIAN_POINT ( 'NONE',  ( 0.5000000000000000000, 0.5000000000000000000, -0.1250000000000000000 ) ) ;
#3705 = CARTESIAN_POINT ( 'NONE',  ( -0.5122492518473922285, 0.2720580557100397701, -0.1348256647605272918 ) ) ;
#3706 = CARTESIAN_POINT ( 'NONE',  ( -0.1045682319062197219, -0.2534898521765353574, -1.513655855443755804 ) ) ;
#3707 =( BOUNDED_CURVE ( )  B_SPLINE_CURVE ( 3, ( #512, #96, #2034, #4380 ),
 .UNSPECIFIED., .F., .T. ) 
 B_SPLINE_CURVE_WITH_KNOTS ( ( 4, 4 ),
 ( 4.037257447447657910, 4.333379959688738126 ),
 .UNSPECIFIED. ) 
 CURVE ( )  GEOMETRIC_REPRESENTATION_ITEM ( )  RATIONAL_B_SPLINE_CURVE ( ( 1.000000000000000000, 0.9927059611727555577, 0.9927059611727555577, 1.000000000000000000 ) ) 
 REPRESENTATION_ITEM ( '' )  );
#3708 = ADVANCED_FACE ( 'NONE', ( #2704 ), #3928, .T. ) ;
#3709 = EDGE_LOOP ( 'NONE', ( #3953, #4387, #3486, #6084, #243 ) ) ;
#3710 = PLANE ( 'NONE',  #721 ) ;
#3711 = CARTESIAN_POINT ( 'NONE',  ( 0.000000000000000000, 0.4792893218813439327, -0.7600000000000001199 ) ) ;
#3712 = DIRECTION ( 'NONE',  ( 0.7071067811865482389, 0.7071067811865467956, -0.000000000000000000 ) ) ;
#3713 = ORIENTED_EDGE ( 'NONE', *, *, #3887, .F. ) ;
#3714 = ORIENTED_EDGE ( 'NONE', *, *, #5234, .F. ) ;
#3715 = ORIENTED_EDGE ( 'NONE', *, *, #5241, .F. ) ;
#3716 = CARTESIAN_POINT ( 'NONE',  ( 0.7712725304250871439, -0.2305077685053356085, -1.329812181921621983 ) ) ;
#3717 = VECTOR ( 'NONE', #5503, 39.37007874015748143 ) ;
#3718 = FACE_OUTER_BOUND ( 'NONE', #6291, .T. ) ;
#3719 = CARTESIAN_POINT ( 'NONE',  ( -0.3535533905932741749, -0.3535533905932734533, 0.000000000000000000 ) ) ;
#3720 = EDGE_CURVE ( 'NONE', #6076, #1231, #1487, .T. ) ;
#3721 = EDGE_LOOP ( 'NONE', ( #116, #1240, #5885, #1262 ) ) ;
#3722 = CYLINDRICAL_SURFACE ( 'NONE', #5481, 0.1199999999999999956 ) ;
#3723 = ORIENTED_EDGE ( 'NONE', *, *, #3600, .F. ) ;
#3724 = VECTOR ( 'NONE', #4009, 39.37007874015748143 ) ;
#3725 = DIRECTION ( 'NONE',  ( 1.000000000000000000, 0.000000000000000000, 0.000000000000000000 ) ) ;
#3726 = AXIS2_PLACEMENT_3D ( 'NONE', #1405, #1691, #3635 ) ;
#3727 = CIRCLE ( 'NONE', #2189, 0.06250000000000002776 ) ;
#3728 = B_SPLINE_CURVE_WITH_KNOTS ( 'NONE', 3,
 ( #3983, #1517, #5963, #170, #2951, #4955 ),
 .UNSPECIFIED., .F., .F.,
 ( 4, 2, 4 ),
 ( 0.000000000000000000, 0.001282836618771480541, 0.002565673237542961081 ),
 .UNSPECIFIED. ) ;
#3729 = ADVANCED_FACE ( 'NONE', ( #2953 ), #3846, .F. ) ;
#3730 = EDGE_CURVE ( 'NONE', #2915, #93, #6321, .T. ) ;
#3731 = DIRECTION ( 'NONE',  ( 3.100300561798464228E-16, -0.000000000000000000, 1.000000000000000000 ) ) ;
#3732 = CARTESIAN_POINT ( 'NONE',  ( 0.1040899109888363400, -0.3727278047920983273, -0.2607152284326650915 ) ) ;
#3733 = DIRECTION ( 'NONE',  ( 0.000000000000000000, 0.000000000000000000, -1.000000000000000000 ) ) ;
#3734 = DIRECTION ( 'NONE',  ( -0.7071067811865514585, 0.7071067811865436870, 2.192243550964169172E-16 ) ) ;
#3735 = CARTESIAN_POINT ( 'NONE',  ( 0.3775000000000000022, 6.829619984160658046E-17, -1.641155855443755307 ) ) ;
#3736 = CARTESIAN_POINT ( 'NONE',  ( 0.4878245669011004315, -0.4932827572342231015, -0.1705289341866399466 ) ) ;
#3737 = EDGE_LOOP ( 'NONE', ( #3350, #1134, #3946, #5882, #5415, #119, #4550, #1979, #2886 ) ) ;
#3738 = CARTESIAN_POINT ( 'NONE',  ( -0.7582233602167157693, -0.5000000000000000000, -0.7599999999999997868 ) ) ;
#3739 = CARTESIAN_POINT ( 'NONE',  ( 0.3082233602167161468, 0.4085786437626901524, -1.641155855443755307 ) ) ;
#3740 = DIRECTION ( 'NONE',  ( -1.550150280899231868E-16, -0.8660254037844387076, -0.4999999999999998890 ) ) ;
#3741 = CARTESIAN_POINT ( 'NONE',  ( 0.4673192245826749414, 0.3697097856054759601, -0.1249999999999999584 ) ) ;
#3742 = DIRECTION ( 'NONE',  ( 0.000000000000000000, 1.000000000000000000, 0.000000000000000000 ) ) ;
#3743 = ORIENTED_EDGE ( 'NONE', *, *, #3380, .T. ) ;
#3744 = CARTESIAN_POINT ( 'NONE',  ( -0.06250000000000006939, 0.4149390062427393833, -1.266155855443755529 ) ) ;
#3745 = FACE_OUTER_BOUND ( 'NONE', #5996, .T. ) ;
#3746 = EDGE_LOOP ( 'NONE', ( #1797, #4209, #3780, #3104, #2606, #1803, #4183, #1734, #3231 ) ) ;
#3747 = ORIENTED_EDGE ( 'NONE', *, *, #2895, .F. ) ;
#3748 = ORIENTED_EDGE ( 'NONE', *, *, #4001, .F. ) ;
#3749 = CARTESIAN_POINT ( 'NONE',  ( 0.5258500058050664672, 0.3276721441071425156, -0.1462322854797457883 ) ) ;
#3750 = VECTOR ( 'NONE', #4544, 39.37007874015748143 ) ;
#3751 = DIRECTION ( 'NONE',  ( -0.000000000000000000, 1.000000000000000000, -0.000000000000000000 ) ) ;
#3752 = CC_DESIGN_PERSON_AND_ORGANIZATION_ASSIGNMENT ( #4344, #6366, ( #3793 ) ) ;
#3753 = DIRECTION ( 'NONE',  ( 1.000000000000000000, 0.000000000000000000, 0.000000000000000000 ) ) ;
#3754 = ORIENTED_EDGE ( 'NONE', *, *, #4958, .T. ) ;
#3755 = ORIENTED_EDGE ( 'NONE', *, *, #3640, .T. ) ;
#3756 = CARTESIAN_POINT ( 'NONE',  ( 0.4590731328276032031, -0.08821465586592754093, -0.9823842795429160724 ) ) ;
#3757 = AXIS2_PLACEMENT_3D ( 'NONE', #453, #3445, #38 ) ;
#3758 = EDGE_CURVE ( 'NONE', #2634, #3776, #4370, .T. ) ;
#3759 = VECTOR ( 'NONE', #2780, 39.37007874015748143 ) ;
#3760 = DIRECTION ( 'NONE',  ( 1.000000000000000000, 0.000000000000000000, -1.821231995776175725E-16 ) ) ;
#3761 = CARTESIAN_POINT ( 'NONE',  ( -0.2693152173420400031, -0.05219372309734769677, -0.3269003076014620479 ) ) ;
#3762 = DIRECTION ( 'NONE',  ( 0.000000000000000000, 0.000000000000000000, 1.000000000000000000 ) ) ;
#3763 = AXIS2_PLACEMENT_3D ( 'NONE', #592, #1572, #4986 ) ;
#3764 = FACE_OUTER_BOUND ( 'NONE', #2578, .T. ) ;
#3765 = ADVANCED_FACE ( 'NONE', ( #4924 ), #308, .F. ) ;
#3766 = CARTESIAN_POINT ( 'NONE',  ( 0.07921693092604578657, -0.4032069645797133894, -1.263861034627683289 ) ) ;
#3767 = CARTESIAN_POINT ( 'NONE',  ( -0.2071067811865479613, -0.5000000000000000000, -0.02500000000000000486 ) ) ;
#3768 = VERTEX_POINT ( 'NONE', #2474 ) ;
#3769 = FACE_OUTER_BOUND ( 'NONE', #3105, .T. ) ;
#3770 = DIRECTION ( 'NONE',  ( 0.000000000000000000, -1.000000000000000000, 0.000000000000000000 ) ) ;
#3771 = CIRCLE ( 'NONE', #3060, 0.1000000000000000194 ) ;
#3772 = DIRECTION ( 'NONE',  ( 0.000000000000000000, 0.000000000000000000, 1.000000000000000000 ) ) ;
#3773 = EDGE_CURVE ( 'NONE', #5974, #85, #5867, .T. ) ;
#3774 = VECTOR ( 'NONE', #1289, 39.37007874015748143 ) ;
#3775 = CARTESIAN_POINT ( 'NONE',  ( 0.7167002632363023151, 0.3729392431558138932, -1.429660885673773807 ) ) ;
#3776 = VERTEX_POINT ( 'NONE', #17 ) ;
#3777 = DIRECTION ( 'NONE',  ( 0.000000000000000000, 0.000000000000000000, 1.000000000000000000 ) ) ;
#3778 = CARTESIAN_POINT ( 'NONE',  ( -0.1199999999999999956, -0.3124999999999999445, -0.2643186507442511490 ) ) ;
#3779 = CYLINDRICAL_SURFACE ( 'NONE', #153, 0.05999999999999990757 ) ;
#3780 = ORIENTED_EDGE ( 'NONE', *, *, #2782, .F. ) ;
#3781 = CARTESIAN_POINT ( 'NONE',  ( -0.5339422020415277581, -0.03582799991450266730, -0.1532622272117748208 ) ) ;
#3782 = CARTESIAN_POINT ( 'NONE',  ( -0.4272327084602776104, 0.2599316800300850439, -0.02563161009947850788 ) ) ;
#3783 = ORIENTED_EDGE ( 'NONE', *, *, #2103, .F. ) ;
#3784 = FACE_OUTER_BOUND ( 'NONE', #427, .T. ) ;
#3785 = DIRECTION ( 'NONE',  ( -1.821231995776175725E-16, 0.000000000000000000, -1.000000000000000000 ) ) ;
#3786 = DIRECTION ( 'NONE',  ( 1.000000000000000000, 0.000000000000000000, 0.000000000000000000 ) ) ;
#3787 = CARTESIAN_POINT ( 'NONE',  ( -0.4814508612683029987, -0.06025862392934780432, -0.5914904878488292939 ) ) ;
#3788 = CYLINDRICAL_SURFACE ( 'NONE', #1203, 0.1000000000000000194 ) ;
#3789 = EDGE_CURVE ( 'NONE', #6188, #1226, #4397, .T. ) ;
#3790 = CARTESIAN_POINT ( 'NONE',  ( -0.5457102019574745499, 0.3236121593216770842, -1.581155855443755476 ) ) ;
#3791 = CARTESIAN_POINT ( 'NONE',  ( 0.09333037932335359887, -0.3886085794373160263, -1.261438634986156604 ) ) ;
#3792 = CARTESIAN_POINT ( 'NONE',  ( 0.7582233602167159914, 0.5000000000000000000, -1.141155855443755307 ) ) ;
#3793 = PRODUCT ( 'HD0026', 'HD0026', '', ( #2865 ) ) ;
#3794 = DIRECTION ( 'NONE',  ( 0.000000000000000000, 0.000000000000000000, -1.000000000000000000 ) ) ;
#3795 = EDGE_CURVE ( 'NONE', #2527, #4760, #1988, .T. ) ;
#3796 = EDGE_LOOP ( 'NONE', ( #2376, #548 ) ) ;
#3797 = CARTESIAN_POINT ( 'NONE',  ( -0.4975000000000016076, 2.075730278022688051E-14, -0.8722218784373116929 ) ) ;
#3798 = CARTESIAN_POINT ( 'NONE',  ( 0.2574999999999999512, -2.681928579973956200E-17, -0.3197798846031684183 ) ) ;
#3799 = CARTESIAN_POINT ( 'NONE',  ( -0.06573112376813042279, -0.4129676357373517348, -1.641079020108921593 ) ) ;
#3800 = AXIS2_PLACEMENT_3D ( 'NONE', #4089, #3689, #5580 ) ;
#3801 = CARTESIAN_POINT ( 'NONE',  ( 0.000000000000000000, 0.3125000000000000555, -0.1250000000000000000 ) ) ;
#3802 = ADVANCED_FACE ( 'NONE', ( #6085 ), #1667, .F. ) ;
#3803 = ORIENTED_EDGE ( 'NONE', *, *, #1625, .T. ) ;
#3804 = EDGE_CURVE ( 'NONE', #5380, #5785, #2110, .T. ) ;
#3805 = CARTESIAN_POINT ( 'NONE',  ( -0.4711832288960002280, -0.07522334261198519723, -0.9554038084306780698 ) ) ;
#3806 = CARTESIAN_POINT ( 'NONE',  ( -0.4242640687119289544, -0.4242640687119280662, -0.1250000000000000000 ) ) ;
#3807 = CARTESIAN_POINT ( 'NONE',  ( -0.5038115224019044103, 0.3333658065466091336, -0.1273559938568060712 ) ) ;
#3808 = EDGE_LOOP ( 'NONE', ( #5209, #5627 ) ) ;
#3809 = CARTESIAN_POINT ( 'NONE',  ( 0.5199265109473528712, 0.3022088300667059579, -0.1412097098256048233 ) ) ;
#3810 = B_SPLINE_CURVE_WITH_KNOTS ( 'NONE', 3,
 ( #4676, #2231, #6178, #4962, #1523, #2987 ),
 .UNSPECIFIED., .F., .F.,
 ( 4, 2, 4 ),
 ( 0.000000000000000000, 0.001209828860611633205, 0.002419657721223266410 ),
 .UNSPECIFIED. ) ;
#3811 = DIRECTION ( 'NONE',  ( 0.000000000000000000, 1.000000000000000000, 0.000000000000000000 ) ) ;
#3812 = CARTESIAN_POINT ( 'NONE',  ( -0.4975671219954699853, -0.2284606000922937974, -0.1232906438067052912 ) ) ;
#3813 = CARTESIAN_POINT ( 'NONE',  ( -0.07017146866938167582, 0.2147415037448353048, -1.502606600639768253 ) ) ;
#3814 = ORIENTED_EDGE ( 'NONE', *, *, #3640, .F. ) ;
#3815 = EDGE_LOOP ( 'NONE', ( #1069, #5589 ) ) ;
#3816 = CIRCLE ( 'NONE', #2495, 0.1875000000000000278 ) ;
#3817 = CARTESIAN_POINT ( 'NONE',  ( 0.2997322628915861098, -0.09190629121562647608, -1.172712304508169767 ) ) ;
#3818 = CIRCLE ( 'NONE', #3302, 0.09999999999999997780 ) ;
#3819 = CARTESIAN_POINT ( 'NONE',  ( 0.4950316359165171098, -0.02453880283936289361, -0.6372884343448651512 ) ) ;
#3820 = CARTESIAN_POINT ( 'NONE',  ( -0.3482209295211041722, -0.1165035144694433616, -1.639582949449010840 ) ) ;
#3821 = COORDINATED_UNIVERSAL_TIME_OFFSET ( 8, 0, .BEHIND. ) ;
#3822 = DIRECTION ( 'NONE',  ( 0.000000000000000000, 0.000000000000000000, 1.000000000000000000 ) ) ;
#3823 = LINE ( 'NONE', #956, #828 ) ;
#3824 = VECTOR ( 'NONE', #6216, 39.37007874015748143 ) ;
#3825 = CARTESIAN_POINT ( 'NONE',  ( 0.4975671219954706515, -0.2284606000922940749, -0.1232906438067057353 ) ) ;
#3826 = DIRECTION ( 'NONE',  ( 0.000000000000000000, 1.000000000000000000, 0.000000000000000000 ) ) ;
#3827 = CIRCLE ( 'NONE', #881, 0.06250000000000001388 ) ;
#3828 = DIRECTION ( 'NONE',  ( 1.000000000000000000, 0.000000000000000000, -3.100300561798464228E-16 ) ) ;
#3829 = ORIENTED_EDGE ( 'NONE', *, *, #5092, .T. ) ;
#3830 = CARTESIAN_POINT ( 'NONE',  ( 0.08087642969431760309, 0.2237213410452214002, -1.507716104292564419 ) ) ;
#3831 = CARTESIAN_POINT ( 'NONE',  ( -0.5028416751205099233, -0.2259559939143361562, -0.1272375394649684077 ) ) ;
#3832 = EDGE_CURVE ( 'NONE', #341, #2572, #14, .T. ) ;
#3833 = CARTESIAN_POINT ( 'NONE',  ( -0.06250000000000020817, -0.4499999999999998446, -1.641155855443755307 ) ) ;
#3834 = ORIENTED_EDGE ( 'NONE', *, *, #6035, .T. ) ;
#3835 = CARTESIAN_POINT ( 'NONE',  ( 0.4632438357978795329, -0.08412634478629631152, -1.616535584516928692 ) ) ;
#3836 = FACE_OUTER_BOUND ( 'NONE', #3523, .T. ) ;
#3837 = CARTESIAN_POINT ( 'NONE',  ( -0.5199265109473560909, 0.3022088300667186145, -0.1412097098256077099 ) ) ;
#3838 = VECTOR ( 'NONE', #5863, 39.37007874015748854 ) ;
#3839 = VERTEX_POINT ( 'NONE', #5792 ) ;
#3840 = CARTESIAN_POINT ( 'NONE',  ( -0.4369008756050766773, -0.2433308249217195074, -0.02781321658021367743 ) ) ;
#3841 = CARTESIAN_POINT ( 'NONE',  ( 0.5123017378429102209, -0.2719646697471317376, -0.1348781413438301102 ) ) ;
#3842 = EDGE_CURVE ( 'NONE', #6194, #5662, #6251, .T. ) ;
#3843 = CARTESIAN_POINT ( 'NONE',  ( -0.2071067811865479613, -0.5000000000000000000, 0.3826834323650908365 ) ) ;
#3844 = CARTESIAN_POINT ( 'NONE',  ( -0.06250000000000020817, 0.2100609937572608110, -1.498431694691528815 ) ) ;
#3845 = ORIENTED_EDGE ( 'NONE', *, *, #964, .T. ) ;
#3846 = CYLINDRICAL_SURFACE ( 'NONE', #5753, 0.1249999999999999029 ) ;
#3847 = CARTESIAN_POINT ( 'NONE',  ( -0.8082233602167164799, 0.2499999999999998890, -1.453655855443755307 ) ) ;
#3848 = ORIENTED_EDGE ( 'NONE', *, *, #1846, .F. ) ;
#3849 = CARTESIAN_POINT ( 'NONE',  ( -0.5000000000000001110, -0.2822731872607254777, -0.1250000000000000555 ) ) ;
#3850 = CARTESIAN_POINT ( 'NONE',  ( 0.4807198563577178563, 0.3082575795376304439, -0.1207327353361945244 ) ) ;
#3851 = CARTESIAN_POINT ( 'NONE',  ( 0.4292283731048414097, -0.1089664261987151744, -1.036204560647573381 ) ) ;
#3852 = EDGE_CURVE ( 'NONE', #323, #534, #4515, .T. ) ;
#3853 = AXIS2_PLACEMENT_3D ( 'NONE', #462, #866, #2359 ) ;
#3854 = CARTESIAN_POINT ( 'NONE',  ( 0.4958687324600606905, -0.02028915480945178360, -0.6407459518369104101 ) ) ;
#3855 = DIRECTION ( 'NONE',  ( -1.000000000000000000, -0.000000000000000000, 1.821231995776175725E-16 ) ) ;
#3856 = CARTESIAN_POINT ( 'NONE',  ( 0.3775000000000000022, 6.829619984160658046E-17, -0.1250000000000000000 ) ) ;
#3857 = ORIENTED_EDGE ( 'NONE', *, *, #2722, .F. ) ;
#3858 = PERSON_AND_ORGANIZATION_ROLE ( 'creator' ) ;
#3859 = AXIS2_PLACEMENT_3D ( 'NONE', #2441, #4985, #1546 ) ;
#3860 = AXIS2_PLACEMENT_3D ( 'NONE', #220, #315, #6238 ) ;
#3861 = CARTESIAN_POINT ( 'NONE',  ( 0.4640639265841039474, 0.5000000000000000000, -0.2249999999999999778 ) ) ;
#3862 = FACE_OUTER_BOUND ( 'NONE', #2117, .T. ) ;
#3863 = DIRECTION ( 'NONE',  ( 1.000000000000000000, 0.000000000000000000, 0.000000000000000000 ) ) ;
#3864 = DIRECTION ( 'NONE',  ( 0.000000000000000000, 0.000000000000000000, -1.000000000000000000 ) ) ;
#3865 = VECTOR ( 'NONE', #5781, 39.37007874015748143 ) ;
#3866 = LINE ( 'NONE', #1906, #4687 ) ;
#3867 = VERTEX_POINT ( 'NONE', #2299 ) ;
#3868 = CARTESIAN_POINT ( 'NONE',  ( -0.5235532691013510265, -0.3148944863007634987, -0.1442570228539440391 ) ) ;
#3869 = CARTESIAN_POINT ( 'NONE',  ( -0.5199265109473558688, -0.3022088300667170602, -0.1412097098256074323 ) ) ;
#3870 = VERTEX_POINT ( 'NONE', #4726 ) ;
#3871 = CARTESIAN_POINT ( 'NONE',  ( -0.5000000000000001110, 0.2922727901466726230, -0.1250000000000000278 ) ) ;
#3872 = CARTESIAN_POINT ( 'NONE',  ( -0.06249999999999995837, 0.3125000000000000555, -0.1250000000000000000 ) ) ;
#3873 = EDGE_LOOP ( 'NONE', ( #4725, #4149, #1066, #2234 ) ) ;
#3874 = CARTESIAN_POINT ( 'NONE',  ( 0.4541540480813003877, 0.2100005613198281662, -0.03502025101201808321 ) ) ;
#3875 = LINE ( 'NONE', #3806, #5493 ) ;
#3876 = ADVANCED_FACE ( 'NONE', ( #1823, #298, #2245, #1763, #2785, #330 ), #3710, .T. ) ;
#3877 = CARTESIAN_POINT ( 'NONE',  ( 0.06249999999999980571, 0.2100609937572605612, -1.266155855443755529 ) ) ;
#3878 = VERTEX_POINT ( 'NONE', #5243 ) ;
#3879 = DIRECTION ( 'NONE',  ( -0.8364310715623461956, -0.5480721325930240084, 0.000000000000000000 ) ) ;
#3880 = CARTESIAN_POINT ( 'NONE',  ( 0.2894414442658790332, 0.08166637967403080067, -1.179930280171028079 ) ) ;
#3881 = AXIS2_PLACEMENT_3D ( 'NONE', #5686, #3211, #1683 ) ;
#3882 = CIRCLE ( 'NONE', #103, 0.5000000000000001110 ) ;
#3883 = CIRCLE ( 'NONE', #3, 0.09999999999999996392 ) ;
#3884 = CARTESIAN_POINT ( 'NONE',  ( -0.4399999999999999467, 7.595024233627752722E-17, 0.000000000000000000 ) ) ;
#3885 = ORIENTED_EDGE ( 'NONE', *, *, #5392, .T. ) ;
#3886 = DIRECTION ( 'NONE',  ( 1.000000000000000000, -0.000000000000000000, -0.000000000000000000 ) ) ;
#3887 = EDGE_CURVE ( 'NONE', #3064, #4730, #846, .T. ) ;
#3888 = EDGE_LOOP ( 'NONE', ( #2946, #5432 ) ) ;
#3889 = DIRECTION ( 'NONE',  ( 0.000000000000000000, 0.000000000000000000, -1.000000000000000000 ) ) ;
#3890 = CARTESIAN_POINT ( 'NONE',  ( 0.2769337017136849211, -0.06567500637429334043, -1.188272734678689213 ) ) ;
#3891 = CARTESIAN_POINT ( 'NONE',  ( 0.2799215419664388138, -0.07002797041826651359, -0.3336692266110056759 ) ) ;
#3892 = DIRECTION ( 'NONE',  ( -1.000000000000000000, -0.000000000000000000, 3.100300561798464228E-16 ) ) ;
#3893 = ORIENTED_EDGE ( 'NONE', *, *, #3335, .F. ) ;
#3894 = EDGE_CURVE ( 'NONE', #2447, #469, #2333, .T. ) ;
#3895 = DIRECTION ( 'NONE',  ( 1.000000000000000000, 0.000000000000000000, -0.000000000000000000 ) ) ;
#3896 = DIRECTION ( 'NONE',  ( 0.000000000000000000, 0.000000000000000000, 1.000000000000000000 ) ) ;
#3897 = CARTESIAN_POINT ( 'NONE',  ( 0.07929638805445958505, 0.2220966543872014975, -0.2561713386714462026 ) ) ;
#3898 = ORIENTED_EDGE ( 'NONE', *, *, #5241, .T. ) ;
#3899 = CARTESIAN_POINT ( 'NONE',  ( -0.4292480853430361565, 0.1089539326075015940, -1.036170398562894723 ) ) ;
#3900 = DIRECTION ( 'NONE',  ( -0.2380987839448096277, 0.9504134974180463713, -0.2000578741504568103 ) ) ;
#3901 = EDGE_LOOP ( 'NONE', ( #4083, #788, #6191, #442 ) ) ;
#3902 = CARTESIAN_POINT ( 'NONE',  ( 0.4555969534834463652, -0.3022088300667187255, -0.2177715021015041441 ) ) ;
#3903 = LINE ( 'NONE', #3033, #6322 ) ;
#3904 = B_SPLINE_CURVE_WITH_KNOTS ( 'NONE', 3,
 ( #736, #5138, #865, #2321, #767, #6207 ),
 .UNSPECIFIED., .F., .F.,
 ( 4, 2, 4 ),
 ( 0.000000000000000000, 0.001282836618771493334, 0.002565673237542986668 ),
 .UNSPECIFIED. ) ;
#3905 = EDGE_LOOP ( 'NONE', ( #3430, #3581, #4539, #3988 ) ) ;
#3906 = B_SPLINE_CURVE_WITH_KNOTS ( 'NONE', 3,
 ( #4749, #3154, #1727, #3671, #6233, #439 ),
 .UNSPECIFIED., .F., .F.,
 ( 4, 2, 4 ),
 ( 0.000000000000000000, 0.001282836618771473168, 0.002565673237542946336 ),
 .UNSPECIFIED. ) ;
#3907 = CARTESIAN_POINT ( 'NONE',  ( 0.5000000000000001110, 0.2520006735878873028, -0.1250000000000000278 ) ) ;
#3908 = CARTESIAN_POINT ( 'NONE',  ( -0.3082233602167163133, -0.4085786437626901524, -1.141155855443755307 ) ) ;
#3909 = CARTESIAN_POINT ( 'NONE',  ( -0.4649256148286750046, 0.5068640092243501538, -0.1694416074901865243 ) ) ;
#3910 = ORIENTED_EDGE ( 'NONE', *, *, #1912, .F. ) ;
#3911 = CARTESIAN_POINT ( 'NONE',  ( 0.5122492518473920065, -0.2720580557100399921, -0.1348256647605272918 ) ) ;
#3912 = CARTESIAN_POINT ( 'NONE',  ( 0.5000000000000001110, -0.2104964325533064118, -0.1250000000000000555 ) ) ;
#3913 = CARTESIAN_POINT ( 'NONE',  ( 0.4380632106078392041, 0.5000000000000000000, -0.1475466539317338843 ) ) ;
#3914 = ADVANCED_FACE ( 'NONE', ( #3286 ), #4377, .F. ) ;
#3915 = CARTESIAN_POINT ( 'NONE',  ( -0.4952492949214736817, -0.2440955631339443155, -0.1219323088585379106 ) ) ;
#3916 = ORIENTED_EDGE ( 'NONE', *, *, #4217, .F. ) ;
#3917 = CARTESIAN_POINT ( 'NONE',  ( -0.5158908204013250565, 0.2871689407400315197, -0.1378367817105722593 ) ) ;
#3918 = ORIENTED_EDGE ( 'NONE', *, *, #4866, .T. ) ;
#3919 = ORIENTED_EDGE ( 'NONE', *, *, #5038, .F. ) ;
#3920 = CARTESIAN_POINT ( 'NONE',  ( 0.2575000000000000067, -0.01095884101526750989, -1.200220115396832377 ) ) ;
#3921 = EDGE_CURVE ( 'NONE', #4576, #4016, #1902, .T. ) ;
#3922 = DIRECTION ( 'NONE',  ( -0.000000000000000000, 1.000000000000000000, -0.000000000000000000 ) ) ;
#3923 = LINE ( 'NONE', #6364, #5315 ) ;
#3924 = LINE ( 'NONE', #5413, #1810 ) ;
#3925 = ORIENTED_EDGE ( 'NONE', *, *, #6113, .F. ) ;
#3926 = APPROVAL_DATE_TIME ( #511, #5222 ) ;
#3927 = CIRCLE ( 'NONE', #47, 0.4707106781186547462 ) ;
#3928 =( BOUNDED_SURFACE ( )  B_SPLINE_SURFACE ( 3, 2, ( 
 ( #1171, #5097, #2644 ),
 ( #4605, #2157, #3142 ),
 ( #6095, #5616, #1520 ),
 ( #1959, #2508, #2025 ),
 ( #3399, #3986, #4989 ),
 ( #1552, #5373, #3917 ),
 ( #3487, #1428, #5471 ),
 ( #467, #502, #1067 ) ),
 .UNSPECIFIED., .F., .F., .F. ) 
 B_SPLINE_SURFACE_WITH_KNOTS ( ( 4, 2, 2, 4 ),
 ( 3, 3 ),
 ( -1.934379465266997157E-05, 0.001180946946479364927, 0.001781092317045382314, 0.002381237687611399700 ),
 ( 0.000000000000000000, 1.000000000000000000 ),
 .UNSPECIFIED. ) 
 GEOMETRIC_REPRESENTATION_ITEM ( )  RATIONAL_B_SPLINE_SURFACE ( (
 ( 1.000000000000000000, 1.000000000000000000, 1.000000000000000000),
 ( 1.000000000000000000, 0.9999556122576386263, 1.000000000000000000),
 ( 1.000000000000000000, 0.9985395295695835838, 1.000000000000000000),
 ( 1.000000000000000000, 0.9924507290661414016, 1.000000000000000000),
 ( 1.000000000000000000, 0.9897703678038654029, 1.000000000000000000),
 ( 1.000000000000000000, 0.9821763426609420033, 1.000000000000000000),
 ( 1.000000000000000000, 0.9773660703003279604, 1.000000000000000000),
 ( 1.000000000000000000, 0.9697339845682835247, 1.000000000000000000) ) ) 
 REPRESENTATION_ITEM ( '' )  SURFACE ( )  );
#3929 = CARTESIAN_POINT ( 'NONE',  ( 0.3543021180292758032, 0.1179860368710069218, -0.3930033423919929714 ) ) ;
#3930 = CARTESIAN_POINT ( 'NONE',  ( -0.6985357351166163742, -0.3972243186433544460, -1.453655855443755307 ) ) ;
#3931 = CARTESIAN_POINT ( 'NONE',  ( -0.3307283210671005946, -0.5000000000000000000, -0.1242047542652712916 ) ) ;
#3932 = CARTESIAN_POINT ( 'NONE',  ( 0.06886271923549007468, -0.4108476962608466065, -1.641155855443755307 ) ) ;
#3933 = EDGE_CURVE ( 'NONE', #2703, #270, #5452, .T. ) ;
#3934 = ADVANCED_FACE ( 'NONE', ( #5593 ), #3035, .F. ) ;
#3935 = CARTESIAN_POINT ( 'NONE',  ( -0.1168351381783114956, 0.2809680732920990520, -0.2635251653319024001 ) ) ;
#3936 = B_SPLINE_CURVE_WITH_KNOTS ( 'NONE', 3,
 ( #6176, #4741, #6139, #283, #3697, #833 ),
 .UNSPECIFIED., .F., .F.,
 ( 4, 2, 4 ),
 ( 4.430342477990863911E-17, 0.0008249629259218616917, 0.001649925851843678931 ),
 .UNSPECIFIED. ) ;
#3937 = ORIENTED_EDGE ( 'NONE', *, *, #2524, .F. ) ;
#3938 = CARTESIAN_POINT ( 'NONE',  ( -0.2693152173420401141, 0.05219372309734800208, -1.193099692398538192 ) ) ;
#3939 = DIRECTION ( 'NONE',  ( -1.550150280899233347E-16, -0.8660254037844384856, -0.5000000000000004441 ) ) ;
#3941 = ORIENTED_EDGE ( 'NONE', *, *, #4594, .F. ) ;
#3940 = VECTOR ( 'NONE', #4295, 39.37007874015748143 ) ;
#3942 = ADVANCED_FACE ( 'NONE', ( #678 ), #6014, .F. ) ;
#3943 = AXIS2_PLACEMENT_3D ( 'NONE', #5566, #1254, #6186 ) ;
#3944 = APPROVAL_PERSON_ORGANIZATION ( #2003, #946, #1969 ) ;
#3945 = CYLINDRICAL_SURFACE ( 'NONE', #5905, 0.06250000000000002776 ) ;
#3946 = ORIENTED_EDGE ( 'NONE', *, *, #1079, .T. ) ;
#3947 = CARTESIAN_POINT ( 'NONE',  ( 0.4895991132695017289, -0.04317241118598074551, -1.607104780419633894 ) ) ;
#3948 = DIRECTION ( 'NONE',  ( -0.7071067811865485719, 0.7071067811865464625, 0.000000000000000000 ) ) ;
#3949 = CARTESIAN_POINT ( 'NONE',  ( 0.2604480188902280058, -0.02697859145248070190, -0.3215143552034432362 ) ) ;
#3950 = CARTESIAN_POINT ( 'NONE',  ( -0.1199999999999999956, -0.3124999999999999445, -0.2643186507442511490 ) ) ;
#3951 = VERTEX_POINT ( 'NONE', #4981 ) ;
#3952 = DIRECTION ( 'NONE',  ( 0.000000000000000000, -1.000000000000000000, 0.000000000000000000 ) ) ;
#3953 = ORIENTED_EDGE ( 'NONE', *, *, #1341, .T. ) ;
#3954 = ORIENTED_EDGE ( 'NONE', *, *, #2707, .F. ) ;
#3955 = CARTESIAN_POINT ( 'NONE',  ( 0.8082233602167162578, 0.5000000000000000000, -1.641155855443755307 ) ) ;
#3956 = CARTESIAN_POINT ( 'NONE',  ( 0.07013565183295945860, 0.2147196512068373364, -1.404724602202916950 ) ) ;
#3957 = CARTESIAN_POINT ( 'NONE',  ( 0.4640639265841250971, 0.3803218006416720365, -0.1250000000000000000 ) ) ;
#3958 = DIRECTION ( 'NONE',  ( 1.000000000000000000, 0.000000000000000000, -0.000000000000000000 ) ) ;
#3959 = ORIENTED_EDGE ( 'NONE', *, *, #1499, .T. ) ;
#3960 = SHAPE_DEFINITION_REPRESENTATION ( #849, #2511 ) ;
#3961 = CARTESIAN_POINT ( 'NONE',  ( 0.4633300752493955676, 0.08407363574988191424, -0.5466417710993696222 ) ) ;
#3962 = ADVANCED_FACE ( 'NONE', ( #4130 ), #5984, .F. ) ;
#3963 = DIRECTION ( 'NONE',  ( 1.000000000000000000, 0.000000000000000000, -0.000000000000000000 ) ) ;
#3964 = VECTOR ( 'NONE', #244, 39.37007874015748143 ) ;
#3965 = CARTESIAN_POINT ( 'NONE',  ( -0.4682200722196740994, 0.1754136937944216768, -0.04643260993721703284 ) ) ;
#3966 =( BOUNDED_CURVE ( )  B_SPLINE_CURVE ( 3, ( #4798, #5252, #5838, #4765 ),
 .UNSPECIFIED., .F., .T. ) 
 B_SPLINE_CURVE_WITH_KNOTS ( ( 4, 4 ),
 ( 4.838587395745782338, 6.283185307179586232 ),
 .UNSPECIFIED. ) 
 CURVE ( )  GEOMETRIC_REPRESENTATION_ITEM ( )  RATIONAL_B_SPLINE_CURVE ( ( 1.000000000000000000, 0.8335252317299779445, 0.8335252317299779445, 1.000000000000000000 ) ) 
 REPRESENTATION_ITEM ( '' )  );
#3967 = AXIS2_PLACEMENT_3D ( 'NONE', #5482, #667, #5417 ) ;
#3968 = VECTOR ( 'NONE', #2717, 39.37007874015748143 ) ;
#3969 = CARTESIAN_POINT ( 'NONE',  ( -0.4767124604080538175, -0.3273220895676212661, -0.1227225460356035636 ) ) ;
#3970 = EDGE_CURVE ( 'NONE', #4505, #5310, #5961, .T. ) ;
#3971 = CARTESIAN_POINT ( 'NONE',  ( -0.5457102019574745499, 0.3236121593216770842, -1.581155855443755476 ) ) ;
#3972 = VERTEX_POINT ( 'NONE', #196 ) ;
#3973 = FACE_OUTER_BOUND ( 'NONE', #54, .T. ) ;
#3974 = VECTOR ( 'NONE', #4477, 39.37007874015748143 ) ;
#3975 = CARTESIAN_POINT ( 'NONE',  ( 0.4762073702705117983, 0.5000000000000000000, -0.1699752509611384410 ) ) ;
#3976 = VERTEX_POINT ( 'NONE', #4551 ) ;
#3977 = CARTESIAN_POINT ( 'NONE',  ( 0.1199999999999999956, 0.3204588725310303365, -0.2643186507442510935 ) ) ;
#3978 = EDGE_CURVE ( 'NONE', #2384, #5332, #4819, .T. ) ;
#3979 = CARTESIAN_POINT ( 'NONE',  ( 0.7717357656601950833, 0.2499999999999998890, -1.328655855443755307 ) ) ;
#3980 = B_SPLINE_CURVE_WITH_KNOTS ( 'NONE', 3,
 ( #5198, #4678, #799, #2750, #3666, #4643, #4743, #286 ),
 .UNSPECIFIED., .F., .F.,
 ( 4, 2, 2, 4 ),
 ( 0.004921243400065332049, 0.005298607660511280536, 0.005675971920957229890, 0.006430700441849125995 ),
 .UNSPECIFIED. ) ;
#3981 = CARTESIAN_POINT ( 'NONE',  ( 0.2593544250865711387, 0.02170150057294593926, -1.199130975841840252 ) ) ;
#3982 = CARTESIAN_POINT ( 'NONE',  ( 0.5196219572783835616, -0.1426484754019535783, -0.1409079103521393983 ) ) ;
#3983 = CARTESIAN_POINT ( 'NONE',  ( 0.3307283210671013718, 0.5000000000000000000, -0.1242047542652713471 ) ) ;
#3984 = CARTESIAN_POINT ( 'NONE',  ( 0.1141006058386467431, -0.2751400356011424186, -1.508271797538803138 ) ) ;
#3985 = EDGE_LOOP ( 'NONE', ( #618, #2926, #4469, #5247, #1703, #3723, #1192, #6028, #4141, #5030, #5773, #6059, #4238, #820, #1610, #6093, #1204, #4947, #2545, #6245 ) ) ;
#3986 = CARTESIAN_POINT ( 'NONE',  ( -0.5013580795678713731, 0.2755709832907506374, -0.1259175368880836310 ) ) ;
#3987 = CARTESIAN_POINT ( 'NONE',  ( 0.5000000000000000000, -3.731686759025411706E-14, -0.07818648294174800062 ) ) ;
#3988 = ORIENTED_EDGE ( 'NONE', *, *, #1581, .T. ) ;
#3989 = ORIENTED_EDGE ( 'NONE', *, *, #5042, .F. ) ;
#3990 = ORIENTED_EDGE ( 'NONE', *, *, #4127, .F. ) ;
#3991 = DIRECTION ( 'NONE',  ( -0.000000000000000000, -0.000000000000000000, 1.000000000000000000 ) ) ;
#3992 = AXIS2_PLACEMENT_3D ( 'NONE', #5842, #1431, #2449 ) ;
#3993 = CARTESIAN_POINT ( 'NONE',  ( 0.4427081429263958201, 0.4225720382091636140, -0.1250000000000000278 ) ) ;
#3994 = AXIS2_PLACEMENT_3D ( 'NONE', #2388, #1344, #897 ) ;
#3995 = VECTOR ( 'NONE', #2377, 39.37007874015748143 ) ;
#3996 = CARTESIAN_POINT ( 'NONE',  ( -0.7727392372327768211, 0.1763878406783225827, -1.326155855443755138 ) ) ;
#3997 = ORIENTED_EDGE ( 'NONE', *, *, #1471, .F. ) ;
#3998 = DIRECTION ( 'NONE',  ( -1.000000000000000000, -0.000000000000000000, 3.100300561798464228E-16 ) ) ;
#3999 = CARTESIAN_POINT ( 'NONE',  ( -0.3082233602167164799, 0.5000000000000000000, -1.641155855443755307 ) ) ;
#4000 = CARTESIAN_POINT ( 'NONE',  ( -0.5310621671136620536, -0.07195397370752824873, -0.1506923864259510915 ) ) ;
#4001 = EDGE_CURVE ( 'NONE', #963, #3134, #1601, .T. ) ;
#4002 = CARTESIAN_POINT ( 'NONE',  ( -0.5000000000000001110, -0.2104964325533062175, -0.1250000000000000278 ) ) ;
#4003 = ORIENTED_EDGE ( 'NONE', *, *, #2559, .T. ) ;
#4004 = LINE ( 'NONE', #3503, #390 ) ;
#4005 = ADVANCED_FACE ( 'NONE', ( #4494 ), #2565, .T. ) ;
#4006 = CARTESIAN_POINT ( 'NONE',  ( 0.5577654683988126916, -0.2825149226165064587, -1.574437451417087352 ) ) ;
#4007 = ORIENTED_EDGE ( 'NONE', *, *, #2523, .F. ) ;
#4008 = CARTESIAN_POINT ( 'NONE',  ( 0.007906513472630929615, 0.4324968286479716206, -0.2500007462004206205 ) ) ;
#4009 = DIRECTION ( 'NONE',  ( -0.000000000000000000, -0.000000000000000000, 1.000000000000000000 ) ) ;
#4010 = FACE_OUTER_BOUND ( 'NONE', #3709, .T. ) ;
#4011 = CARTESIAN_POINT ( 'NONE',  ( 0.4692152606226255296, 0.5000000000000002220, -0.1643319382806331663 ) ) ;
#4012 = EDGE_CURVE ( 'NONE', #3263, #4177, #6077, .T. ) ;
#4013 = ADVANCED_FACE ( 'NONE', ( #709 ), #3540, .F. ) ;
#4014 = CARTESIAN_POINT ( 'NONE',  ( -0.4640639265841039474, 0.5000000000000000000, -0.2249999999999999778 ) ) ;
#4015 = DIRECTION ( 'NONE',  ( -1.000000000000000000, -0.000000000000000000, 1.821231995776175725E-16 ) ) ;
#4016 = VERTEX_POINT ( 'NONE', #1126 ) ;
#4017 = CARTESIAN_POINT ( 'NONE',  ( -0.1131236992132391705, 0.3528647574733994041, -1.257299637476366527 ) ) ;
#4018 = PLANE ( 'NONE',  #4951 ) ;
#4019 = VERTEX_POINT ( 'NONE', #4616 ) ;
#4020 = CARTESIAN_POINT ( 'NONE',  ( 0.4952492949214132856, 0.2440955631339794540, -0.1219323088585086423 ) ) ;
#4021 = ORIENTED_EDGE ( 'NONE', *, *, #320, .F. ) ;
#4022 = EDGE_LOOP ( 'NONE', ( #4264, #2248, #3691, #1257 ) ) ;
#4023 = CARTESIAN_POINT ( 'NONE',  ( 0.3124999999999998335, 0.5000000000000000000, -1.641155855443755307 ) ) ;
#4024 = DIRECTION ( 'NONE',  ( -0.3381620517103007262, -0.9026334081950866395, -0.2662693320553496945 ) ) ;
#4025 = ORIENTED_EDGE ( 'NONE', *, *, #1043, .F. ) ;
#4026 = CARTESIAN_POINT ( 'NONE',  ( -0.07923139212196771142, -0.4031987804038891787, -1.263859111186571127 ) ) ;
#4027 = CARTESIAN_POINT ( 'NONE',  ( 0.06249999999999980571, -0.4085786437626904299, -1.641155855443755307 ) ) ;
#4028 = DIRECTION ( 'NONE',  ( -0.000000000000000000, 1.000000000000000000, -0.000000000000000000 ) ) ;
#4029 = CARTESIAN_POINT ( 'NONE',  ( -0.4960010234761225711, 0.06538436568614300337, -0.1202565906696410197 ) ) ;
#4030 = CARTESIAN_POINT ( 'NONE',  ( 0.3428181563175921598, 0.1150123429561441951, -1.639985057052061768 ) ) ;
#4031 = VECTOR ( 'NONE', #2740, 39.37007874015748143 ) ;
#4032 = DIRECTION ( 'NONE',  ( 1.000000000000000000, -0.000000000000000000, -0.000000000000000000 ) ) ;
#4033 = ORIENTED_EDGE ( 'NONE', *, *, #1241, .T. ) ;
#4034 = DIRECTION ( 'NONE',  ( 0.7554113999237332955, -0.000000000000000000, -0.6552508045514064960 ) ) ;
#4035 = AXIS2_PLACEMENT_3D ( 'NONE', #3174, #1679, #5160 ) ;
#4036 = DIRECTION ( 'NONE',  ( 0.000000000000000000, 0.000000000000000000, -1.000000000000000000 ) ) ;
#4037 = VERTEX_POINT ( 'NONE', #3070 ) ;
#4038 = DIRECTION ( 'NONE',  ( 0.7071067811865455743, 0.7071067811865494601, -2.192243550964151176E-16 ) ) ;
#4039 = AXIS2_PLACEMENT_3D ( 'NONE', #1426, #3366, #5403 ) ;
#4040 = AXIS2_PLACEMENT_3D ( 'NONE', #326, #679, #2626 ) ;
#4041 = CARTESIAN_POINT ( 'NONE',  ( 0.1199999999999999956, 0.3125000000000000555, -1.255681349255749035 ) ) ;
#4042 = CARTESIAN_POINT ( 'NONE',  ( 0.000000000000000000, -0.3124999999999999445, -0.1250000000000000000 ) ) ;
#4043 = EDGE_CURVE ( 'NONE', #4202, #342, #596, .T. ) ;
#4044 = CARTESIAN_POINT ( 'NONE',  ( 0.06249999999999978489, 0.2100609937572605612, -1.641155855443755307 ) ) ;
#4045 = CARTESIAN_POINT ( 'NONE',  ( -0.6565112028162558566, -0.3669199974360859429, -1.506144479463631614 ) ) ;
#4046 = CARTESIAN_POINT ( 'NONE',  ( 0.1169159668094279930, -0.2852467225050041577, -1.404938170541984999 ) ) ;
#4047 = ORIENTED_EDGE ( 'NONE', *, *, #1274, .F. ) ;
#4048 = CARTESIAN_POINT ( 'NONE',  ( -0.2997762693059173866, 0.09194637149468598558, -0.3473191278088047507 ) ) ;
#4049 = CARTESIAN_POINT ( 'NONE',  ( 0.3082233602167161468, 0.4085786437626900414, -1.541155855443755440 ) ) ;
#4050 = ORIENTED_EDGE ( 'NONE', *, *, #3137, .F. ) ;
#4051 = CARTESIAN_POINT ( 'NONE',  ( -0.4999999999999854006, -0.2314495931746160529, -0.1249999999999884676 ) ) ;
#4052 = ORIENTED_EDGE ( 'NONE', *, *, #4604, .T. ) ;
#4053 = EDGE_CURVE ( 'NONE', #1397, #1370, #1099, .T. ) ;
#4054 = EDGE_LOOP ( 'NONE', ( #3885, #2764, #4268, #1249, #4460 ) ) ;
#4055 = DIRECTION ( 'NONE',  ( 1.000000000000000000, 0.000000000000000000, -1.821231995776175725E-16 ) ) ;
#4056 = CARTESIAN_POINT ( 'NONE',  ( 0.5235282395443866532, -0.3148069358562010089, -0.1442359922553232421 ) ) ;
#4057 = EDGE_LOOP ( 'NONE', ( #1466, #948, #3559, #1445, #4679, #4857, #1607 ) ) ;
#4058 = DIRECTION ( 'NONE',  ( -0.000000000000000000, -1.000000000000000000, -0.000000000000000000 ) ) ;
#4059 = ADVANCED_FACE ( 'NONE', ( #2778 ), #1818, .F. ) ;
#4060 = DIRECTION ( 'NONE',  ( 0.000000000000000000, 0.000000000000000000, 1.000000000000000000 ) ) ;
#4061 = VECTOR ( 'NONE', #5708, 39.37007874015748143 ) ;
#4062 = CARTESIAN_POINT ( 'NONE',  ( 0.3482209295211037281, 0.1165035144694433755, -1.639582949449010396 ) ) ;
#4063 = CYLINDRICAL_SURFACE ( 'NONE', #6062, 0.4474999999999997868 ) ;
#4064 = VERTEX_POINT ( 'NONE', #3250 ) ;
#4065 = CARTESIAN_POINT ( 'NONE',  ( -0.1176198933350601633, 0.2885368506020156154, -1.499818382976315423 ) ) ;
#4066 = VECTOR ( 'NONE', #1756, 39.37007874015748143 ) ;
#4067 = ORIENTED_EDGE ( 'NONE', *, *, #5191, .T. ) ;
#4068 = CARTESIAN_POINT ( 'NONE',  ( -0.1199999999999999956, 0.3203476871629308831, -0.2643186507442512601 ) ) ;
#4069 = CARTESIAN_POINT ( 'NONE',  ( 0.6542892966777715813, 0.1345856307245505423, -1.502157900612727692 ) ) ;
#4070 = VECTOR ( 'NONE', #2775, 39.37007874015748143 ) ;
#4071 = VECTOR ( 'NONE', #4842, 39.37007874015748854 ) ;
#4072 = CARTESIAN_POINT ( 'NONE',  ( 0.2565440128281856191, 0.4999999999999999445, -0.1175494932700432704 ) ) ;
#4073 = CARTESIAN_POINT ( 'NONE',  ( 0.000000000000000000, 0.3125000000000000555, -0.1250000000000000000 ) ) ;
#4074 = CARTESIAN_POINT ( 'NONE',  ( -0.1195767464141378605, -0.3019338532166706557, -1.484774363530894536 ) ) ;
#4075 = EDGE_CURVE ( 'NONE', #341, #3078, #4680, .T. ) ;
#4076 = CARTESIAN_POINT ( 'NONE',  ( 0.1199740461159883864, -0.3100043482714894272, -1.461720253636136890 ) ) ;
#4077 = TOROIDAL_SURFACE ( 'NONE', #4905, 0.4000000000000001887, 0.09999999999999997780 ) ;
#4078 = ORIENTED_EDGE ( 'NONE', *, *, #2052, .T. ) ;
#4079 = CARTESIAN_POINT ( 'NONE',  ( -0.4346509247467604253, 0.1056936134644159003, -0.4930073687400780558 ) ) ;
#4080 = CARTESIAN_POINT ( 'NONE',  ( 0.08087939067094648826, -0.2237241411421226900, -1.399594341167486267 ) ) ;
#4081 = VERTEX_POINT ( 'NONE', #868 ) ;
#4082 = CARTESIAN_POINT ( 'NONE',  ( -0.2910533905932736753, -0.2499999999999998890, -1.328655855443755307 ) ) ;
#4083 = ORIENTED_EDGE ( 'NONE', *, *, #1813, .T. ) ;
#4084 = ORIENTED_EDGE ( 'NONE', *, *, #2792, .F. ) ;
#4085 = CARTESIAN_POINT ( 'NONE',  ( -0.3671391464042290109, -0.5098216852435184521, -0.1270945599737136611 ) ) ;
#4086 = CARTESIAN_POINT ( 'NONE',  ( 0.5258500058050679105, -0.3276721441071506202, -0.1462322854797467875 ) ) ;
#4087 = EDGE_CURVE ( 'NONE', #2346, #1430, #5677, .T. ) ;
#4088 = ORIENTED_EDGE ( 'NONE', *, *, #5981, .T. ) ;
#4089 = CARTESIAN_POINT ( 'NONE',  ( 0.3775000000000000022, 6.829619984160658046E-17, -1.641155855443755307 ) ) ;
#4090 = AXIS2_PLACEMENT_3D ( 'NONE', #4408, #120, #4894 ) ;
#4091 = CARTESIAN_POINT ( 'NONE',  ( 0.5000000000000000000, 0.5000000000000000000, -0.1250000000000000000 ) ) ;
#4092 = VECTOR ( 'NONE', #6357, 39.37007874015748143 ) ;
#4093 = EDGE_CURVE ( 'NONE', #5818, #4493, #1787, .T. ) ;
#4094 = EDGE_CURVE ( 'NONE', #5083, #660, #5663, .T. ) ;
#4095 = FACE_OUTER_BOUND ( 'NONE', #533, .T. ) ;
#4096 = CARTESIAN_POINT ( 'NONE',  ( -0.1199999999999999956, -0.3281911558516371064, -0.2643186507442512601 ) ) ;
#4097 = CARTESIAN_POINT ( 'NONE',  ( -0.4211906233625982154, -0.4361263494476735336, -0.1250000000000000000 ) ) ;
#4098 = ORIENTED_EDGE ( 'NONE', *, *, #2187, .T. ) ;
#4099 = CARTESIAN_POINT ( 'NONE',  ( -0.1198719058749283528, 0.3067259751178993965, -1.433685341641621758 ) ) ;
#4100 = VERTEX_POINT ( 'NONE', #5726 ) ;
#4101 = DIRECTION ( 'NONE',  ( -1.287805494327239785E-16, -0.7071067811865493491, -0.7071067811865454633 ) ) ;
#4102 = FACE_OUTER_BOUND ( 'NONE', #1996, .T. ) ;
#4103 = FACE_BOUND ( 'NONE', #1638, .T. ) ;
#4104 = CARTESIAN_POINT ( 'NONE',  ( -0.5057979074458757163, 0.2413939435193376282, -0.1295947951644886853 ) ) ;
#4105 = LINE ( 'NONE', #2074, #2521 ) ;
#4106 = CARTESIAN_POINT ( 'NONE',  ( 0.5753718445023743300, 0.3095456717571368754, -1.563852626079660357 ) ) ;
#4107 = VERTEX_POINT ( 'NONE', #2811 ) ;
#4108 = CARTESIAN_POINT ( 'NONE',  ( -0.2799029789429078319, 0.07000140466677458317, -0.3336571174315212107 ) ) ;
#4109 = DIRECTION ( 'NONE',  ( 0.000000000000000000, 0.000000000000000000, 1.000000000000000000 ) ) ;
#4110 = VERTEX_POINT ( 'NONE', #6246 ) ;
#4111 = CARTESIAN_POINT ( 'NONE',  ( 0.4837900195676730908, 0.2971983319813371049, -0.1204170941220626817 ) ) ;
#4112 = ORIENTED_EDGE ( 'NONE', *, *, #1687, .F. ) ;
#4113 = ORIENTED_EDGE ( 'NONE', *, *, #5038, .T. ) ;
#4114 = LINE ( 'NONE', #3584, #2556 ) ;
#4115 = CARTESIAN_POINT ( 'NONE',  ( 0.1186366393561988086, 0.2942214132190563713, -1.494406304617070580 ) ) ;
#4116 = ORIENTED_EDGE ( 'NONE', *, *, #3530, .T. ) ;
#4117 = FACE_OUTER_BOUND ( 'NONE', #1709, .T. ) ;
#4118 = CARTESIAN_POINT ( 'NONE',  ( -0.4673192245751305873, -0.3697097856031600349, -0.1250000000000099920 ) ) ;
#4119 = CIRCLE ( 'NONE', #1367, 0.09999999999999996392 ) ;
#4120 = DIRECTION ( 'NONE',  ( -1.000000000000000000, -0.000000000000000000, 1.821231995776175725E-16 ) ) ;
#4121 = ADVANCED_FACE ( 'NONE', ( #4203 ), #324, .F. ) ;
#4122 = DIRECTION ( 'NONE',  ( 0.000000000000000000, 0.000000000000000000, -1.000000000000000000 ) ) ;
#4123 = CARTESIAN_POINT ( 'NONE',  ( 0.07319038467115900060, -0.4079201681572236504, -0.2552360216819471450 ) ) ;
#4124 = CARTESIAN_POINT ( 'NONE',  ( 0.4640639265841244865, -0.3803218006416841379, -0.1250000000000096589 ) ) ;
#4125 = CARTESIAN_POINT ( 'NONE',  ( 0.4988569551867488849, 0.2194451571911229248, -0.1240999647139755108 ) ) ;
#4126 = EDGE_CURVE ( 'NONE', #246, #1696, #4133, .T. ) ;
#4127 = EDGE_CURVE ( 'NONE', #4219, #2604, #5140, .T. ) ;
#4128 = DIRECTION ( 'NONE',  ( -0.000000000000000000, -0.000000000000000000, 1.000000000000000000 ) ) ;
#4129 = ORIENTED_EDGE ( 'NONE', *, *, #4075, .F. ) ;
#4130 = FACE_OUTER_BOUND ( 'NONE', #877, .T. ) ;
#4131 = CARTESIAN_POINT ( 'NONE',  ( 0.5000000000000001110, -0.2922727901466576905, -0.1250000000000000278 ) ) ;
#4132 = AXIS2_PLACEMENT_3D ( 'NONE', #6290, #3369, #434 ) ;
#4133 =( BOUNDED_CURVE ( )  B_SPLINE_CURVE ( 3, ( #2263, #4260, #4646, #1216 ),
 .UNSPECIFIED., .F., .T. ) 
 B_SPLINE_CURVE_WITH_KNOTS ( ( 4, 4 ),
 ( 4.838587395745888919, 6.283185307179586232 ),
 .UNSPECIFIED. ) 
 CURVE ( )  GEOMETRIC_REPRESENTATION_ITEM ( )  RATIONAL_B_SPLINE_CURVE ( ( 1.000000000000000000, 0.8335252317300014813, 0.8335252317300014813, 1.000000000000000000 ) ) 
 REPRESENTATION_ITEM ( '' )  );
#4134 = CARTESIAN_POINT ( 'NONE',  ( -0.4242640687119292320, 0.4242640687119277332, -0.1250000000000000000 ) ) ;
#4135 = ADVANCED_FACE ( 'NONE', ( #3769 ), #5758, .F. ) ;
#4136 = DIRECTION ( 'NONE',  ( 1.550150280899230635E-16, -0.8660254037844390407, 0.4999999999999993894 ) ) ;
#4137 = TOROIDAL_SURFACE ( 'NONE', #1382, 0.4000000000000002442, 0.09999999999999997780 ) ;
#4138 = B_SPLINE_CURVE_WITH_KNOTS ( 'NONE', 3,
 ( #3304, #3339, #5318, #4342, #2863, #4836 ),
 .UNSPECIFIED., .F., .F.,
 ( 4, 2, 4 ),
 ( 0.000000000000000000, 0.0006740853117301393634, 0.001348170623460278727 ),
 .UNSPECIFIED. ) ;
#4139 = CLOSED_SHELL ( 'NONE', ( #3962, #3729, #3448, #3557, #213, #4881, #809, #4795, #2760, #451, #1145, #6217, #2112, #5339, #4059, #5345, #2309, #3802, #791, #1548, #4639, #2826, #2745, #2090, #3066, #4416, #4669, #67, #3091, #6063, #5206, #5465, #998, #3876, #4121, #6264, #1470, #5902, #4839, #3934, #2715, #201, #5841, #4286, #4569, #3252, #6361, #889, #4674, #2753, #991, #4367, #2940, #6300, #2038, #2834, #5602, #3450, #3942, #882, #5320, #933, #4716, #3511, #4433, #542, #5081, #602, #1619, #6295, #497, #2931, #4451, #1008, #2901, #3441, #5265, #1358, #2125, #1058, #3639, #1805, #1429, #2364, #1931, #178, #1190, #3098, #1321, #4548, #1143, #5559, #4999, #405, #5111, #1547, #5259, #1068, #2011, #4013, #6068, #2680, #3162, #2488, #3057, #4393, #5228, #4442, #415, #4488, #810, #458, #1121, #836, #1153, #5745, #5312, #1765, #4279, #6235, #2854, #2861, #5007, #2012, #344, #4135, #2275, #3914, #2233, #3765, #94, #1778, #2869, #4583, #1845, #185, #681, #5067, #2349, #1395, #3708, #10, #4969, #1569, #27, #3326, #1663, #646, #4005, #1999, #4321, #537, #5783, #3675, #5840, #5914, #1512, #4528, #2598, #2674, #535, #5558 ) ) ;
#4140 = DIRECTION ( 'NONE',  ( 0.000000000000000000, 0.000000000000000000, -1.000000000000000000 ) ) ;
#4141 = ORIENTED_EDGE ( 'NONE', *, *, #2485, .T. ) ;
#4142 = CARTESIAN_POINT ( 'NONE',  ( -0.1092686639433559925, 0.3623662616365781464, -1.258160877466152350 ) ) ;
#4143 = DIRECTION ( 'NONE',  ( 0.000000000000000000, 0.000000000000000000, -1.000000000000000000 ) ) ;
#4144 = CARTESIAN_POINT ( 'NONE',  ( 0.07001997138815754806, -0.2149372367665535188, -1.404851363688315757 ) ) ;
#4145 = ORIENTED_EDGE ( 'NONE', *, *, #1930, .F. ) ;
#4146 = CIRCLE ( 'NONE', #5072, 0.05999999999999990757 ) ;
#4147 = CARTESIAN_POINT ( 'NONE',  ( -0.4682200722196742659, -0.1754136937944213714, -0.04643260993721713692 ) ) ;
#4148 = ORIENTED_EDGE ( 'NONE', *, *, #4644, .T. ) ;
#4149 = ORIENTED_EDGE ( 'NONE', *, *, #3933, .F. ) ;
#4150 = CARTESIAN_POINT ( 'NONE',  ( 0.6206143385467961515, -0.1520781613162022206, -1.531654752045509049 ) ) ;
#4151 = CARTESIAN_POINT ( 'NONE',  ( -0.4298759271656223402, -0.5002929039837972214, -0.1446464672528422202 ) ) ;
#4152 = CARTESIAN_POINT ( 'NONE',  ( 0.4633988693071609544, -0.1882826091399258939, -0.09618021205288250497 ) ) ;
#4153 = CARTESIAN_POINT ( 'NONE',  ( 0.1151707892110823001, 0.2786231659858355303, -1.400775602525934360 ) ) ;
#4154 = AXIS2_PLACEMENT_3D ( 'NONE', #108, #2048, #1570 ) ;
#4155 = ORIENTED_EDGE ( 'NONE', *, *, #519, .T. ) ;
#4156 = CARTESIAN_POINT ( 'NONE',  ( -0.09955423317452266607, -0.2447305712526484101, -1.260214993620883295 ) ) ;
#4157 = CARTESIAN_POINT ( 'NONE',  ( 0.000000000000000000, 0.3125000000000000555, -1.641155855443755307 ) ) ;
#4158 = ORIENTED_EDGE ( 'NONE', *, *, #1274, .T. ) ;
#4159 = FACE_OUTER_BOUND ( 'NONE', #1671, .T. ) ;
#4160 = DIRECTION ( 'NONE',  ( 3.100300561798464228E-16, 0.000000000000000000, 1.000000000000000000 ) ) ;
#4161 = CARTESIAN_POINT ( 'NONE',  ( -0.3540966231554969479, -0.1179475284317619277, -0.3928039621640443957 ) ) ;
#4162 = EDGE_CURVE ( 'NONE', #4757, #2116, #2529, .T. ) ;
#4163 = B_SPLINE_CURVE_WITH_KNOTS ( 'NONE', 3,
 ( #1553, #1577, #532, #83 ),
 .UNSPECIFIED., .F., .F.,
 ( 4, 4 ),
 ( 0.000000000000000000, 0.002167978304660147463 ),
 .UNSPECIFIED. ) ;
#4164 = CARTESIAN_POINT ( 'NONE',  ( 0.5013914046089320564, -0.3803218006416861363, -0.1250000000000075495 ) ) ;
#4165 = DIRECTION ( 'NONE',  ( 1.422837496700139188E-16, 0.000000000000000000, 1.000000000000000000 ) ) ;
#4166 = EDGE_CURVE ( 'NONE', #1739, #3074, #2928, .T. ) ;
#4167 = ORIENTED_EDGE ( 'NONE', *, *, #2476, .T. ) ;
#4168 = CARTESIAN_POINT ( 'NONE',  ( -0.3768424737129585922, 0.4666649928256409452, -0.1250000000000000000 ) ) ;
#4169 = CARTESIAN_POINT ( 'NONE',  ( 0.4898040386200193663, 0.04279468091296709242, -0.6176123158069309893 ) ) ;
#4170 = CARTESIAN_POINT ( 'NONE',  ( 0.5199265109473555357, 0.3022088300667166716, -0.1412097098256072103 ) ) ;
#4171 = DIRECTION ( 'NONE',  ( 1.000000000000000000, 0.000000000000000000, 0.000000000000000000 ) ) ;
#4172 = AXIS2_PLACEMENT_3D ( 'NONE', #4230, #6212, #6109 ) ;
#4173 = CARTESIAN_POINT ( 'NONE',  ( -0.1169170516881491012, -0.2852531165143621927, -1.502367737289356242 ) ) ;
#4174 =( BOUNDED_CURVE ( )  B_SPLINE_CURVE ( 3, ( #3009, #4045, #2570, #111 ),
 .UNSPECIFIED., .F., .T. ) 
 B_SPLINE_CURVE_WITH_KNOTS ( ( 4, 4 ),
 ( 2.245927859731928322, 2.646658527248898274 ),
 .UNSPECIFIED. ) 
 CURVE ( )  GEOMETRIC_REPRESENTATION_ITEM ( )  RATIONAL_B_SPLINE_CURVE ( ( 1.000000000000000000, 0.9866626212169391508, 0.9866626212169391508, 1.000000000000000000 ) ) 
 REPRESENTATION_ITEM ( '' )  );
#4175 = AXIS2_PLACEMENT_3D ( 'NONE', #6316, #3006, #2408 ) ;
#4176 = EDGE_CURVE ( 'NONE', #246, #3878, #5223, .T. ) ;
#4177 = VERTEX_POINT ( 'NONE', #2200 ) ;
#4178 = CARTESIAN_POINT ( 'NONE',  ( -0.3073432240688360184, -0.09777287460185196677, -1.167107179756161628 ) ) ;
#4179 = VECTOR ( 'NONE', #4449, 39.37007874015748143 ) ;
#4180 = CARTESIAN_POINT ( 'NONE',  ( -0.4649256148286646795, -0.5068640092243279494, -0.1694416074901507474 ) ) ;
#4181 = CARTESIAN_POINT ( 'NONE',  ( 0.09087944307910550412, -0.2339819012353644145, -1.395700145289445748 ) ) ;
#4182 = VECTOR ( 'NONE', #2767, 39.37007874015748143 ) ;
#4183 = ORIENTED_EDGE ( 'NONE', *, *, #2316, .T. ) ;
#4184 = EDGE_LOOP ( 'NONE', ( #1295, #237, #5189, #2955 ) ) ;
#4185 = ORIENTED_EDGE ( 'NONE', *, *, #5353, .F. ) ;
#4186 = CARTESIAN_POINT ( 'NONE',  ( -0.06250000000000020817, -0.2100609937572606722, -1.641155855443755307 ) ) ;
#4187 = CARTESIAN_POINT ( 'NONE',  ( 0.5000000000000002220, -0.2104964325533059677, -0.1250000000000000278 ) ) ;
#4188 = CIRCLE ( 'NONE', #95, 0.1000000000000000194 ) ;
#4189 = CARTESIAN_POINT ( 'NONE',  ( -0.4974999999999999978, 8.300323726622584248E-17, -1.603945606445599470 ) ) ;
#4190 = ORIENTED_EDGE ( 'NONE', *, *, #3569, .T. ) ;
#4191 = CYLINDRICAL_SURFACE ( 'NONE', #3800, 0.1200000000000000233 ) ;
#4192 = VERTEX_POINT ( 'NONE', #2719 ) ;
#4193 = CARTESIAN_POINT ( 'NONE',  ( 0.8082233602167162578, 0.4085786437626901524, -1.141155855443755307 ) ) ;
#4194 = CARTESIAN_POINT ( 'NONE',  ( 0.3270189340712463810, 0.1763878406783225827, -1.326155855443755582 ) ) ;
#4195 = CARTESIAN_POINT ( 'NONE',  ( -0.4975000000000016076, -2.059131912684063539E-14, -0.6477781215626884359 ) ) ;
#4196 = CARTESIAN_POINT ( 'NONE',  ( 0.1199999999999999956, -0.3124999999999999445, -0.2643186507442511490 ) ) ;
#4197 = CARTESIAN_POINT ( 'NONE',  ( 0.4767124604079496786, -0.3273220895676157705, -0.1227225460355786668 ) ) ;
#4198 = CIRCLE ( 'NONE', #2452, 0.09999999999999999167 ) ;
#4199 = VECTOR ( 'NONE', #399, 39.37007874015748143 ) ;
#4200 = CARTESIAN_POINT ( 'NONE',  ( 0.07131014835106701255, -0.4095637659691572785, -1.265067980501640710 ) ) ;
#4201 = EDGE_CURVE ( 'NONE', #5480, #5791, #5103, .T. ) ;
#4202 = VERTEX_POINT ( 'NONE', #3184 ) ;
#4203 = FACE_OUTER_BOUND ( 'NONE', #4022, .T. ) ;
#4204 = CARTESIAN_POINT ( 'NONE',  ( 0.4199742470160845453, -0.2713990344794969811, -0.1197775052975086491 ) ) ;
#4205 = PLANE ( 'NONE',  #3416 ) ;
#4206 = DIRECTION ( 'NONE',  ( 1.000000000000000000, 0.000000000000000000, 0.000000000000000000 ) ) ;
#4207 = EDGE_CURVE ( 'NONE', #370, #1829, #5169, .T. ) ;
#4208 = CARTESIAN_POINT ( 'NONE',  ( -0.06250000000000020817, -0.5000000000000000000, -1.641155855443755307 ) ) ;
#4209 = ORIENTED_EDGE ( 'NONE', *, *, #5946, .T. ) ;
#4210 = CARTESIAN_POINT ( 'NONE',  ( -0.3912210070367906911, -0.1194262699820466817, -1.087358177859400143 ) ) ;
#4211 = DIRECTION ( 'NONE',  ( 0.000000000000000000, 0.000000000000000000, 1.000000000000000000 ) ) ;
#4212 = ORIENTED_EDGE ( 'NONE', *, *, #1742, .F. ) ;
#4213 = EDGE_LOOP ( 'NONE', ( #674, #3050 ) ) ;
#4214 = ORIENTED_EDGE ( 'NONE', *, *, #3262, .F. ) ;
#4215 = CARTESIAN_POINT ( 'NONE',  ( -0.5310958837331326565, -0.07158819986599178342, -0.1507224308805586166 ) ) ;
#4216 = EDGE_CURVE ( 'NONE', #3269, #1296, #4373, .T. ) ;
#4217 = EDGE_CURVE ( 'NONE', #632, #5359, #4747, .T. ) ;
#4218 = CARTESIAN_POINT ( 'NONE',  ( -0.4131690541584245313, 0.1150880513661338700, -1.630137412770435779 ) ) ;
#4219 = VERTEX_POINT ( 'NONE', #493 ) ;
#4220 = DIRECTION ( 'NONE',  ( 0.000000000000000000, 0.000000000000000000, -1.000000000000000000 ) ) ;
#4221 = ORIENTED_EDGE ( 'NONE', *, *, #5875, .T. ) ;
#4222 = CARTESIAN_POINT ( 'NONE',  ( 0.2574999999999999512, 1.928032088745468746E-16, -1.200220115396831710 ) ) ;
#4223 = DIRECTION ( 'NONE',  ( -1.000000000000000000, -0.000000000000000000, 3.100300561798464228E-16 ) ) ;
#4224 = CARTESIAN_POINT ( 'NONE',  ( -0.5295890070392447191, 0.5000000000000000000, -0.1494588600076266482 ) ) ;
#4225 = CARTESIAN_POINT ( 'NONE',  ( 0.09031879437554862777, -0.3918926787494786401, -0.2580301278790196884 ) ) ;
#4226 = DIRECTION ( 'NONE',  ( 1.000000000000000000, 0.000000000000000000, 0.000000000000000000 ) ) ;
#4227 = CARTESIAN_POINT ( 'NONE',  ( 0.09956043439184517063, -0.3802606373821298957, -1.260213760508465786 ) ) ;
#4228 = DIRECTION ( 'NONE',  ( -0.000000000000000000, -0.000000000000000000, 1.000000000000000000 ) ) ;
#4229 = ORIENTED_EDGE ( 'NONE', *, *, #4094, .F. ) ;
#4230 = CARTESIAN_POINT ( 'NONE',  ( 0.000000000000000000, -0.3124999999999999445, 0.000000000000000000 ) ) ;
#4231 = DIRECTION ( 'NONE',  ( -1.000000000000000000, -0.000000000000000000, 3.100300561798464228E-16 ) ) ;
#4232 = DIRECTION ( 'NONE',  ( 9.106159978880885283E-16, 0.000000000000000000, 1.000000000000000000 ) ) ;
#4233 = CARTESIAN_POINT ( 'NONE',  ( 0.7717357656601951943, 0.2597931346734149716, -1.328655855443755751 ) ) ;
#4234 = ORIENTED_EDGE ( 'NONE', *, *, #4723, .F. ) ;
#4235 = CARTESIAN_POINT ( 'NONE',  ( -0.07130829961142233497, 0.4095648939206285588, -1.265068208783556081 ) ) ;
#4236 = LINE ( 'NONE', #6221, #3519 ) ;
#4237 = EDGE_CURVE ( 'NONE', #963, #5738, #1924, .T. ) ;
#4238 = ORIENTED_EDGE ( 'NONE', *, *, #253, .T. ) ;
#4239 = EDGE_LOOP ( 'NONE', ( #2407, #334, #2766, #122, #4369, #867 ) ) ;
#4240 = ORIENTED_EDGE ( 'NONE', *, *, #481, .T. ) ;
#4241 = CARTESIAN_POINT ( 'NONE',  ( 0.5288947391744089899, 0.3537450982476793016, -0.1488540347296410382 ) ) ;
#4242 = CIRCLE ( 'NONE', #1356, 0.1200000000000000233 ) ;
#4243 = LINE ( 'NONE', #1856, #1731 ) ;
#4244 = CARTESIAN_POINT ( 'NONE',  ( 0.1169164989814763106, 0.2852486811987575144, -1.502372357278500603 ) ) ;
#4245 = ORIENTED_EDGE ( 'NONE', *, *, #3410, .F. ) ;
#4246 = AXIS2_PLACEMENT_3D ( 'NONE', #3662, #3760, #5717 ) ;
#4247 = EDGE_CURVE ( 'NONE', #2588, #5124, #3271, .T. ) ;
#4248 = VERTEX_POINT ( 'NONE', #5336 ) ;
#4249 = CIRCLE ( 'NONE', #6318, 0.1000000000000000333 ) ;
#4250 = CARTESIAN_POINT ( 'NONE',  ( 0.4844319249109332315, -0.05485567645788361202, -0.9197121128325418393 ) ) ;
#4251 = AXIS2_PLACEMENT_3D ( 'NONE', #2660, #5633, #228 ) ;
#4252 = PRODUCT_DEFINITION_FORMATION_WITH_SPECIFIED_SOURCE ( 'ANY', '', #3793, .NOT_KNOWN. ) ;
#4253 =( LENGTH_UNIT ( ) NAMED_UNIT ( * ) SI_UNIT ( $, .METRE. ) );
#4254 = CYLINDRICAL_SURFACE ( 'NONE', #3881, 0.1200000000000000233 ) ;
#4255 = EDGE_CURVE ( 'NONE', #5920, #475, #944, .T. ) ;
#4256 = DIRECTION ( 'NONE',  ( -1.000000000000000000, 0.000000000000000000, 0.000000000000000000 ) ) ;
#4257 = CARTESIAN_POINT ( 'NONE',  ( 0.3270189340712462700, -0.1763878406783228325, -1.581155855443755698 ) ) ;
#4258 = DIRECTION ( 'NONE',  ( -1.000000000000000000, -0.000000000000000000, 1.821231995776175725E-16 ) ) ;
#4259 = ORIENTED_EDGE ( 'NONE', *, *, #2394, .T. ) ;
#4260 = CARTESIAN_POINT ( 'NONE',  ( -0.2565440128281779586, 0.5000000000000000000, -0.1175494932700368589 ) ) ;
#4261 = DIRECTION ( 'NONE',  ( 0.000000000000000000, 0.000000000000000000, -1.000000000000000000 ) ) ;
#4262 = DIRECTION ( 'NONE',  ( 0.7071067811865459074, 0.7071067811865492381, 0.000000000000000000 ) ) ;
#4263 = CARTESIAN_POINT ( 'NONE',  ( 0.7455983788683538949, -0.3538954549786315629, -1.383575253905975133 ) ) ;
#4264 = ORIENTED_EDGE ( 'NONE', *, *, #3804, .F. ) ;
#4265 = CARTESIAN_POINT ( 'NONE',  ( 0.1875000000000000278, 0.000000000000000000, -0.1250000000000000000 ) ) ;
#4266 = CARTESIAN_POINT ( 'NONE',  ( 0.03121741820052619659, -0.1963623043060422901, -0.2508971592824642549 ) ) ;
#4267 = CARTESIAN_POINT ( 'NONE',  ( -0.4493627883659269129, 0.4815618668916607503, -0.1250000000000442979 ) ) ;
#4268 = ORIENTED_EDGE ( 'NONE', *, *, #3852, .F. ) ;
#4269 = ORIENTED_EDGE ( 'NONE', *, *, #4481, .T. ) ;
#4270 = AXIS2_PLACEMENT_3D ( 'NONE', #3248, #6273, #5233 ) ;
#4271 = DIRECTION ( 'NONE',  ( 0.000000000000000000, 0.000000000000000000, -1.000000000000000000 ) ) ;
#4272 = EDGE_CURVE ( 'NONE', #3870, #1826, #5620, .T. ) ;
#4273 = CARTESIAN_POINT ( 'NONE',  ( -0.5295890070392446081, 0.3803218006416977381, -0.1494588600076266482 ) ) ;
#4274 = AXIS2_PLACEMENT_3D ( 'NONE', #4859, #5408, #3889 ) ;
#4275 = ORIENTED_EDGE ( 'NONE', *, *, #4514, .T. ) ;
#4276 = ORIENTED_EDGE ( 'NONE', *, *, #5071, .T. ) ;
#4277 = DIRECTION ( 'NONE',  ( -0.000000000000000000, 1.000000000000000000, -0.000000000000000000 ) ) ;
#4278 = VECTOR ( 'NONE', #2001, 39.37007874015748854 ) ;
#4279 = ADVANCED_FACE ( 'NONE', ( #804 ), #5207, .T. ) ;
#4280 = DIRECTION ( 'NONE',  ( 0.000000000000000000, 0.7071067811865445751, -0.7071067811865503483 ) ) ;
#4281 = PLANE ( 'NONE',  #5387 ) ;
#4282 = VECTOR ( 'NONE', #5052, 39.37007874015748143 ) ;
#4283 = DIRECTION ( 'NONE',  ( -0.000000000000000000, 1.000000000000000000, -0.000000000000000000 ) ) ;
#4284 = FACE_OUTER_BOUND ( 'NONE', #3647, .T. ) ;
#4285 = LINE ( 'NONE', #4257, #2120 ) ;
#4286 = ADVANCED_FACE ( 'NONE', ( #2752 ), #4351, .F. ) ;
#4287 = EDGE_CURVE ( 'NONE', #4546, #1766, #3866, .T. ) ;
#4288 = CARTESIAN_POINT ( 'NONE',  ( 0.1077758986709038275, 0.2591569280280937027, -0.2615084411244573137 ) ) ;
#4289 = CARTESIAN_POINT ( 'NONE',  ( -0.7582233602167156583, 0.5000000000000000000, -0.7600000000000056710 ) ) ;
#4290 = CARTESIAN_POINT ( 'NONE',  ( 0.4649256148286782797, -0.5068640092243645867, -0.1694416074902064528 ) ) ;
#4291 = ORIENTED_EDGE ( 'NONE', *, *, #1000, .T. ) ;
#4292 = CARTESIAN_POINT ( 'NONE',  ( 0.08765286536608352108, 0.2304047969792143435, -1.510481082593595259 ) ) ;
#4293 = CARTESIAN_POINT ( 'NONE',  ( 0.3270189340712462700, 0.3236121593216770842, -1.581155855443755698 ) ) ;
#4294 = AXIS2_PLACEMENT_3D ( 'NONE', #6259, #3685, #2338 ) ;
#4295 = DIRECTION ( 'NONE',  ( 0.7071067811865463515, 0.7071067811865486830, 0.000000000000000000 ) ) ;
#4296 = AXIS2_PLACEMENT_3D ( 'NONE', #4580, #588, #1090 ) ;
#4297 = CARTESIAN_POINT ( 'NONE',  ( 0.7563928366284548011, -0.3364920922352270249, -1.362936471545413974 ) ) ;
#4298 = EDGE_LOOP ( 'NONE', ( #3829, #271, #3195, #4434 ) ) ;
#4299 = CARTESIAN_POINT ( 'NONE',  ( -0.07921360625618423246, 0.4032096254372626309, -1.263861541050531612 ) ) ;
#4300 = CARTESIAN_POINT ( 'NONE',  ( -0.3535533905932744525, 0.3535533905932731757, 0.000000000000000000 ) ) ;
#4301 = CARTESIAN_POINT ( 'NONE',  ( -0.8082233602167164799, -0.2499999999999998890, -1.453655855443755307 ) ) ;
#4302 = ORIENTED_EDGE ( 'NONE', *, *, #3569, .F. ) ;
#4303 = CARTESIAN_POINT ( 'NONE',  ( 0.7577868898437447598, -0.1670559429668314055, -1.360024166692231695 ) ) ;
#4304 = DIRECTION ( 'NONE',  ( -0.7071067811865463515, 0.7071067811865486830, 0.000000000000000000 ) ) ;
#4305 = CARTESIAN_POINT ( 'NONE',  ( 0.3993197982237519095, 0.4492083392001054998, -0.2249999999999999778 ) ) ;
#4306 = CARTESIAN_POINT ( 'NONE',  ( -0.5013580795679464241, -0.2755709832907222157, -0.1259175368880972867 ) ) ;
#4307 = ORIENTED_EDGE ( 'NONE', *, *, #3692, .F. ) ;
#4308 = ORIENTED_EDGE ( 'NONE', *, *, #5132, .T. ) ;
#4309 = PLANE ( 'NONE',  #2493 ) ;
#4310 = CARTESIAN_POINT ( 'NONE',  ( -0.4424381323395906729, -0.1010544976714904675, -1.622827219485038386 ) ) ;
#4311 = PERSON_AND_ORGANIZATION_ROLE ( 'creator' ) ;
#4312 = DIRECTION ( 'NONE',  ( -1.000000000000000000, 0.000000000000000000, 0.000000000000000000 ) ) ;
#4313 = CARTESIAN_POINT ( 'NONE',  ( -0.3775624397921718001, 0.5307495682089226063, -0.1445268182694200987 ) ) ;
#4314 = EDGE_CURVE ( 'NONE', #5444, #2669, #6039, .T. ) ;
#4315 = DIRECTION ( 'NONE',  ( -0.000000000000000000, -0.000000000000000000, 1.000000000000000000 ) ) ;
#4316 = CARTESIAN_POINT ( 'NONE',  ( 0.5000000000000000000, -0.2104964325533063563, -0.1250000000000000000 ) ) ;
#4317 = LINE ( 'NONE', #2751, #3865 ) ;
#4318 = CARTESIAN_POINT ( 'NONE',  ( 0.06249999999999980571, -0.4149390062427394943, -1.641155855443755307 ) ) ;
#4319 = EDGE_LOOP ( 'NONE', ( #3461, #2777 ) ) ;
#4320 = CARTESIAN_POINT ( 'NONE',  ( -0.4748359556380638558, 0.07044568869920610210, -0.9463362625328284317 ) ) ;
#4321 = ADVANCED_FACE ( 'NONE', ( #4718 ), #4337, .T. ) ;
#4322 = DIRECTION ( 'NONE',  ( 0.000000000000000000, 0.7071067811865455743, -0.7071067811865494601 ) ) ;
#4323 = CARTESIAN_POINT ( 'NONE',  ( -0.4166666666666667407, 0.2763853991962832435, -0.02500000000000005690 ) ) ;
#4324 = CARTESIAN_POINT ( 'NONE',  ( -0.2910533905932736753, 0.2499999999999998890, -1.578655855443755085 ) ) ;
#4325 = VERTEX_POINT ( 'NONE', #3349 ) ;
#4326 = CARTESIAN_POINT ( 'NONE',  ( 0.4367719253124640599, 0.2435606584525403795, -0.02777597428623288997 ) ) ;
#4327 = DIRECTION ( 'NONE',  ( -0.000000000000000000, -1.000000000000000000, -0.000000000000000000 ) ) ;
#4328 = EDGE_CURVE ( 'NONE', #3054, #4880, #663, .T. ) ;
#4329 = CARTESIAN_POINT ( 'NONE',  ( -0.5103971553117284676, 0.4792893218813439882, -0.1715843476528302325 ) ) ;
#4330 = CARTESIAN_POINT ( 'NONE',  ( 0.4952492949213916362, -0.2440955631340268606, -0.1219323088585000658 ) ) ;
#4331 = DIRECTION ( 'NONE',  ( -0.000000000000000000, -0.000000000000000000, -1.000000000000000000 ) ) ;
#4332 = VERTEX_POINT ( 'NONE', #4779 ) ;
#4333 = CARTESIAN_POINT ( 'NONE',  ( -0.2910533905932736753, 0.2499999999999998890, -1.453655855443755307 ) ) ;
#4334 = DIRECTION ( 'NONE',  ( 1.000000000000000000, 0.000000000000000000, -3.100300561798464228E-16 ) ) ;
#4335 = ORIENTED_EDGE ( 'NONE', *, *, #219, .T. ) ;
#4336 = CARTESIAN_POINT ( 'NONE',  ( -0.4367719253124488499, -0.2435606584525665252, -0.02777597428623787210 ) ) ;
#4337 =( BOUNDED_SURFACE ( )  B_SPLINE_SURFACE ( 3, 2, ( 
 ( #5784, #1381, #1283 ),
 ( #352, #2393, #3736 ),
 ( #3315, #322, #4290 ),
 ( #2261, #1816, #421 ) ),
 .UNSPECIFIED., .F., .F., .F. ) 
 B_SPLINE_SURFACE_WITH_KNOTS ( ( 4, 4 ),
 ( 3, 3 ),
 ( 0.000000000000000000, 0.001932519716716450675 ),
 ( 0.000000000000000000, 1.000000000000000000 ),
 .UNSPECIFIED. ) 
 GEOMETRIC_REPRESENTATION_ITEM ( )  RATIONAL_B_SPLINE_SURFACE ( (
 ( 1.000000000000000000, 0.8758300415810408301, 1.000000000000000000),
 ( 1.000000000000000000, 0.8788422869741198129, 1.000000000000000000),
 ( 1.000000000000000000, 0.8819302843720550067, 1.000000000000000000),
 ( 1.000000000000000000, 0.8850608017200337629, 1.000000000000000000) ) ) 
 REPRESENTATION_ITEM ( '' )  SURFACE ( )  );
#4338 = FACE_OUTER_BOUND ( 'NONE', #5470, .T. ) ;
#4339 = CARTESIAN_POINT ( 'NONE',  ( 0.3073295078666697933, -0.09776257572104572746, -1.167117370381524966 ) ) ;
#4340 = VECTOR ( 'NONE', #248, 39.37007874015748143 ) ;
#4341 = FACE_OUTER_BOUND ( 'NONE', #3517, .T. ) ;
#4342 = CARTESIAN_POINT ( 'NONE',  ( -0.4461738156272688771, 0.4999999999999998335, -0.1511564855310607303 ) ) ;
#4343 = EDGE_LOOP ( 'NONE', ( #4047, #6126, #1197, #2186 ) ) ;
#4344 = PERSON_AND_ORGANIZATION ( #2345, #4764 ) ;
#4345 = CARTESIAN_POINT ( 'NONE',  ( -0.1875000000000000278, 2.296212748401287726E-17, 0.000000000000000000 ) ) ;
#4346 = CIRCLE ( 'NONE', #255, 0.1249999999999999029 ) ;
#4347 = AXIS2_PLACEMENT_3D ( 'NONE', #1820, #3772, #5788 ) ;
#4348 = CARTESIAN_POINT ( 'NONE',  ( 0.4751029480714777375, 0.1593263563739982236, -0.1043758499266459749 ) ) ;
#4349 = CARTESIAN_POINT ( 'NONE',  ( -0.8082233602167164799, 0.2499999999999998890, -1.393655855443755476 ) ) ;
#4350 = EDGE_CURVE ( 'NONE', #5950, #195, #2218, .T. ) ;
#4351 = PLANE ( 'NONE',  #2313 ) ;
#4352 = ORIENTED_EDGE ( 'NONE', *, *, #327, .T. ) ;
#4353 = CARTESIAN_POINT ( 'NONE',  ( -0.5199265109473555357, -0.3022088300667165606, -0.1412097098256071825 ) ) ;
#4354 = CARTESIAN_POINT ( 'NONE',  ( -0.6985357351166163742, -0.1027756813566453598, -1.453655855443755307 ) ) ;
#4355 = CARTESIAN_POINT ( 'NONE',  ( 0.000000000000000000, 0.000000000000000000, -0.02500000000000002220 ) ) ;
#4356 = EDGE_CURVE ( 'NONE', #6087, #2372, #1308, .T. ) ;
#4357 = CARTESIAN_POINT ( 'NONE',  ( 0.7680433981955164802, 0.2973712152200840286, -1.337591464649971140 ) ) ;
#4358 = ORIENTED_EDGE ( 'NONE', *, *, #5768, .F. ) ;
#4359 = CARTESIAN_POINT ( 'NONE',  ( 0.03881185446497151248, 0.4263186312499255282, -0.2514273620013995347 ) ) ;
#4360 = CARTESIAN_POINT ( 'NONE',  ( -0.03870267146112764400, -0.1986392590260531443, -0.2514180753372833310 ) ) ;
#4361 = DIRECTION ( 'NONE',  ( 0.000000000000000000, 0.000000000000000000, -1.000000000000000000 ) ) ;
#4362 = AXIS2_PLACEMENT_3D ( 'NONE', #109, #1603, #3123 ) ;
#4363 = ORIENTED_EDGE ( 'NONE', *, *, #4388, .F. ) ;
#4364 = CARTESIAN_POINT ( 'NONE',  ( 0.5156697234535043695, -0.2873194629958327195, -0.1376330268933351197 ) ) ;
#4365 = CARTESIAN_POINT ( 'NONE',  ( 0.5003520558933330920, -0.2265853791917141202, -0.1252772093055244118 ) ) ;
#4366 = CARTESIAN_POINT ( 'NONE',  ( 0.1199999999999999956, -0.3124999999999999445, -1.641155855443755307 ) ) ;
#4367 = ADVANCED_FACE ( 'NONE', ( #838 ), #448, .T. ) ;
#4368 = CARTESIAN_POINT ( 'NONE',  ( -0.5057853806003357322, -0.2413300080305382511, -0.1295847634264107040 ) ) ;
#4369 = ORIENTED_EDGE ( 'NONE', *, *, #2949, .T. ) ;
#4370 = LINE ( 'NONE', #3368, #4092 ) ;
#4371 = ORIENTED_EDGE ( 'NONE', *, *, #1273, .F. ) ;
#4372 = DIRECTION ( 'NONE',  ( -1.000000000000000000, -0.000000000000000000, 3.100300561798464228E-16 ) ) ;
#4373 = CIRCLE ( 'NONE', #2736, 0.09999999999999996392 ) ;
#4374 = CARTESIAN_POINT ( 'NONE',  ( 0.2861462518881501826, -0.07797412916490806256, -0.3378219326804268174 ) ) ;
#4375 = CARTESIAN_POINT ( 'NONE',  ( -0.4899520835616186787, -0.04329901774275589366, -1.606972390791632677 ) ) ;
#4376 = ORIENTED_EDGE ( 'NONE', *, *, #1730, .F. ) ;
#4377 =( BOUNDED_SURFACE ( )  B_SPLINE_SURFACE ( 3, 2, ( 
 ( #1450, #5889, #968 ),
 ( #5956, #3388, #6310 ),
 ( #490, #41, #3322 ),
 ( #3424, #1984, #4326 ),
 ( #5825, #1031, #2847 ),
 ( #3907, #1884, #3874 ),
 ( #2943, #1418, #4822 ),
 ( #5857, #910, #428 ) ),
 .UNSPECIFIED., .F., .F., .F. ) 
 B_SPLINE_SURFACE_WITH_KNOTS ( ( 4, 2, 2, 4 ),
 ( 3, 3 ),
 ( 0.005148066606161007426, 0.006031799781879948821, 0.006915532957598889349, 0.008682999309036772140 ),
 ( 0.000000000000000000, 1.000000000000000000 ),
 .UNSPECIFIED. ) 
 GEOMETRIC_REPRESENTATION_ITEM ( )  RATIONAL_B_SPLINE_SURFACE ( (
 ( 1.000000000000000000, 0.7071067811865471286, 1.000000000000000000),
 ( 1.000000000000000000, 0.7260528326951167788, 1.000000000000000000),
 ( 1.000000000000000000, 0.7440915874129758745, 1.000000000000000000),
 ( 1.000000000000000000, 0.7780661725399284911, 1.000000000000000000),
 ( 1.000000000000000000, 0.7940571904123064906, 1.000000000000000000),
 ( 1.000000000000000000, 0.8392428365668320733, 1.000000000000000000),
 ( 1.000000000000000000, 0.8656621213124439107, 1.000000000000000000),
 ( 1.000000000000000000, 0.8886281962971868120, 1.000000000000000000) ) ) 
 REPRESENTATION_ITEM ( '' )  SURFACE ( )  );
#4378 = VECTOR ( 'NONE', #4614, 39.37007874015748143 ) ;
#4379 = VECTOR ( 'NONE', #1543, 39.37007874015748143 ) ;
#4380 = CARTESIAN_POINT ( 'NONE',  ( -0.7727392372327768211, 0.3236121593216773062, -1.326155855443755138 ) ) ;
#4381 = CARTESIAN_POINT ( 'NONE',  ( 0.4999965499480289455, 0.01636190524426782769, -0.1233901644481114612 ) ) ;
#4382 = CARTESIAN_POINT ( 'NONE',  ( 0.07319038467115909774, 0.2170798318427763218, -0.2552360216819472560 ) ) ;
#4383 = CIRCLE ( 'NONE', #5741, 0.1000000000000000194 ) ;
#4384 = VERTEX_POINT ( 'NONE', #3277 ) ;
#4385 = CARTESIAN_POINT ( 'NONE',  ( -0.4897988191434456406, 0.04280500535233425913, -0.9024036662215298987 ) ) ;
#4386 = DIRECTION ( 'NONE',  ( -0.7071067811865459074, -0.7071067811865491270, 0.000000000000000000 ) ) ;
#4387 = ORIENTED_EDGE ( 'NONE', *, *, #3374, .F. ) ;
#4388 = EDGE_CURVE ( 'NONE', #3201, #3263, #2809, .T. ) ;
#4389 = DIRECTION ( 'NONE',  ( 0.7071067811865467956, -0.7071067811865482389, 0.000000000000000000 ) ) ;
#4390 = ORIENTED_EDGE ( 'NONE', *, *, #6015, .F. ) ;
#4391 = CARTESIAN_POINT ( 'NONE',  ( 0.4738191431453775970, -0.07177605580611073899, -1.612951470677402854 ) ) ;
#4392 = CARTESIAN_POINT ( 'NONE',  ( -0.4719849656469638499, 0.4682990286967279592, -0.1249999999999503869 ) ) ;
#4393 = ADVANCED_FACE ( 'NONE', ( #5294 ), #901, .T. ) ;
#4394 = ORIENTED_EDGE ( 'NONE', *, *, #2975, .F. ) ;
#4395 = CARTESIAN_POINT ( 'NONE',  ( 0.5000000000000000000, -0.2104964325533063563, -0.1250000000000000000 ) ) ;
#4396 = CARTESIAN_POINT ( 'NONE',  ( 0.4290450679386225707, 0.1085528883758480195, -1.035919985228390905 ) ) ;
#4397 = CIRCLE ( 'NONE', #1024, 0.09999999999999997780 ) ;
#4398 = CARTESIAN_POINT ( 'NONE',  ( -0.4297007272410581780, -0.5000000000000000000, -0.1443947498903835336 ) ) ;
#4399 = AXIS2_PLACEMENT_3D ( 'NONE', #6104, #4642, #4226 ) ;
#4400 = FACE_OUTER_BOUND ( 'NONE', #2010, .T. ) ;
#4401 = ORIENTED_EDGE ( 'NONE', *, *, #3683, .T. ) ;
#4402 = DIRECTION ( 'NONE',  ( 3.100300561798464228E-16, -0.000000000000000000, 1.000000000000000000 ) ) ;
#4403 = DIRECTION ( 'NONE',  ( 0.000000000000000000, -1.000000000000000000, 0.000000000000000000 ) ) ;
#4404 = ORIENTED_EDGE ( 'NONE', *, *, #1837, .F. ) ;
#4405 = ORIENTED_EDGE ( 'NONE', *, *, #1646, .T. ) ;
#4406 = EDGE_CURVE ( 'NONE', #214, #4576, #239, .T. ) ;
#4407 = EDGE_CURVE ( 'NONE', #4177, #1582, #1117, .T. ) ;
#4408 = CARTESIAN_POINT ( 'NONE',  ( -0.4640639265841039474, -0.4085786437626903189, -0.2249999999999999778 ) ) ;
#4409 = CARTESIAN_POINT ( 'NONE',  ( 0.000000000000000000, -0.3124999999999999445, -1.641155855443755307 ) ) ;
#4410 = CARTESIAN_POINT ( 'NONE',  ( 0.4290450679386225707, -0.1085528883758479224, -0.4840800147716096680 ) ) ;
#4411 = CARTESIAN_POINT ( 'NONE',  ( -0.3173517216637065652, -0.1044373753013162626, -1.641155855443755307 ) ) ;
#4412 = DIRECTION ( 'NONE',  ( -1.000000000000000000, -0.000000000000000000, 1.821231995776175725E-16 ) ) ;
#4413 = ORIENTED_EDGE ( 'NONE', *, *, #219, .F. ) ;
#4414 = SECURITY_CLASSIFICATION_LEVEL ( 'unclassified' ) ;
#4415 = CARTESIAN_POINT ( 'NONE',  ( 0.3270189340712463810, -0.3972243186433544460, -1.453655855443755529 ) ) ;
#4416 = ADVANCED_FACE ( 'NONE', ( #3062 ), #2129, .F. ) ;
#4417 = LINE ( 'NONE', #5420, #460 ) ;
#4418 = CARTESIAN_POINT ( 'NONE',  ( 0.5000000000000001110, 0.2104964325533063285, -0.1250000000000000555 ) ) ;
#4419 = DIRECTION ( 'NONE',  ( -7.873584827894955990E-16, -1.000000000000000000, -6.829619984160665935E-16 ) ) ;
#4420 = VERTEX_POINT ( 'NONE', #3623 ) ;
#4421 = CARTESIAN_POINT ( 'NONE',  ( -0.3540966231554971699, 0.1179475284317621497, -1.127196037835956011 ) ) ;
#4422 = CARTESIAN_POINT ( 'NONE',  ( -0.3125000000000002776, -0.1027756813566452626, -1.453655855443755529 ) ) ;
#4423 = VERTEX_POINT ( 'NONE', #1244 ) ;
#4424 = CARTESIAN_POINT ( 'NONE',  ( -0.4238510346673247109, 0.2654139267921892809, -0.1152754446691331702 ) ) ;
#4425 = DIRECTION ( 'NONE',  ( -0.000000000000000000, -0.000000000000000000, -1.000000000000000000 ) ) ;
#4426 = VERTEX_POINT ( 'NONE', #6100 ) ;
#4427 = CARTESIAN_POINT ( 'NONE',  ( 0.3173488095885005911, -0.1044353163935854145, -1.641155855443755085 ) ) ;
#4428 = AXIS2_PLACEMENT_3D ( 'NONE', #468, #2414, #4334 ) ;
#4429 = CARTESIAN_POINT ( 'NONE',  ( 0.000000000000000000, -0.3124999999999999445, 0.000000000000000000 ) ) ;
#4430 = CARTESIAN_POINT ( 'NONE',  ( 0.3073798342235607439, 0.09779893237124538674, -1.167079549424520524 ) ) ;
#4431 = LINE ( 'NONE', #1036, #5522 ) ;
#4432 = CARTESIAN_POINT ( 'NONE',  ( 0.000000000000000000, -0.3124999999999999445, -0.1250000000000000000 ) ) ;
#4433 = ADVANCED_FACE ( 'NONE', ( #154 ), #1681, .F. ) ;
#4434 = ORIENTED_EDGE ( 'NONE', *, *, #98, .F. ) ;
#4435 = CARTESIAN_POINT ( 'NONE',  ( -0.3125000000000002776, -0.1763878406783225827, -1.326155855443755360 ) ) ;
#4436 = EDGE_LOOP ( 'NONE', ( #3235, #4615, #4995, #2726 ) ) ;
#4437 = ORIENTED_EDGE ( 'NONE', *, *, #2663, .T. ) ;
#4438 = CARTESIAN_POINT ( 'NONE',  ( 0.09958752377334885442, -0.2447818192982143815, -1.260208253423478419 ) ) ;
#4439 = FACE_OUTER_BOUND ( 'NONE', #2761, .T. ) ;
#4440 = CYLINDRICAL_SURFACE ( 'NONE', #5506, 0.1199999999999999956 ) ;
#4441 = CARTESIAN_POINT ( 'NONE',  ( 0.4762073702705120759, -0.5000000000000000000, -0.1699752509611386353 ) ) ;
#4442 = ADVANCED_FACE ( 'NONE', ( #5618 ), #6041, .T. ) ;
#4443 = ORIENTED_EDGE ( 'NONE', *, *, #3245, .F. ) ;
#4444 = PERSON_AND_ORGANIZATION ( #2345, #4764 ) ;
#4445 = CIRCLE ( 'NONE', #1062, 0.7789340383353712260 ) ;
#4446 = PLANE ( 'NONE',  #2018 ) ;
#4447 = CARTESIAN_POINT ( 'NONE',  ( 0.2997322628915862208, 0.09190629121562675363, -0.3472876954918305281 ) ) ;
#4448 = DIRECTION ( 'NONE',  ( 0.000000000000000000, -1.000000000000000000, 0.000000000000000000 ) ) ;
#4449 = DIRECTION ( 'NONE',  ( -0.7071067811865459074, -0.7071067811865491270, 0.000000000000000000 ) ) ;
#4450 = CIRCLE ( 'NONE', #5282, 0.09999999999999996392 ) ;
#4451 = ADVANCED_FACE ( 'NONE', ( #4095, #6069 ), #5584, .T. ) ;
#4452 = CARTESIAN_POINT ( 'NONE',  ( -0.09042561937399708205, -0.3917742104833554784, -0.2580491627021528900 ) ) ;
#4453 = VECTOR ( 'NONE', #5730, 39.37007874015748143 ) ;
#4454 = DIRECTION ( 'NONE',  ( -0.000000000000000000, 1.000000000000000000, -0.000000000000000000 ) ) ;
#4456 = ORIENTED_EDGE ( 'NONE', *, *, #570, .F. ) ;
#4455 = CIRCLE ( 'NONE', #470, 0.09999999999999997780 ) ;
#4457 = CARTESIAN_POINT ( 'NONE',  ( -0.3775000000000000022, 6.829619984160658046E-17, -0.1250000000000000000 ) ) ;
#4458 = AXIS2_PLACEMENT_3D ( 'NONE', #1419, #5271, #524 ) ;
#4459 = CARTESIAN_POINT ( 'NONE',  ( 0.6610298306205096841, -0.3679711456649130130, -1.495579909029651544 ) ) ;
#4460 = ORIENTED_EDGE ( 'NONE', *, *, #5080, .F. ) ;
#4461 = CARTESIAN_POINT ( 'NONE',  ( 0.07931876364373714738, 0.4028844022963434801, -0.2561748159661280111 ) ) ;
#4462 = CARTESIAN_POINT ( 'NONE',  ( 0.7582233602167159914, 0.5000000000000000000, -1.141155855443755307 ) ) ;
#4463 = DIMENSIONAL_EXPONENTS ( 1.000000000000000000, 0.000000000000000000, 0.000000000000000000, 0.000000000000000000, 0.000000000000000000, 0.000000000000000000, 0.000000000000000000 ) ;
#4464 = LINE ( 'NONE', #1602, #5382 ) ;
#4465 = CARTESIAN_POINT ( 'NONE',  ( 0.2693172963951381838, 0.05219675110730835621, -1.193098370967297983 ) ) ;
#4466 = CARTESIAN_POINT ( 'NONE',  ( -0.4220250183486644047, -0.2683073800944851262, -0.02500000011722688931 ) ) ;
#4467 = CARTESIAN_POINT ( 'NONE',  ( -0.3546668071700110336, 0.1263489773778736225, -1.494486001854384183 ) ) ;
#4468 = CARTESIAN_POINT ( 'NONE',  ( 0.1199671751068900755, -0.3095763664011127458, -1.445469978659729815 ) ) ;
#4469 = ORIENTED_EDGE ( 'NONE', *, *, #5302, .T. ) ;
#4470 = TOROIDAL_SURFACE ( 'NONE', #5293, 0.5999999999999999778, 0.09999999999999997780 ) ;
#4471 = ORIENTED_EDGE ( 'NONE', *, *, #5881, .F. ) ;
#4472 = ORIENTED_EDGE ( 'NONE', *, *, #5146, .T. ) ;
#4473 = EDGE_LOOP ( 'NONE', ( #5281, #1648, #1745, #4471 ) ) ;
#4474 = CARTESIAN_POINT ( 'NONE',  ( 0.09725413654030910793, 0.2415018736029594659, -1.393655855443755920 ) ) ;
#4475 = EDGE_CURVE ( 'NONE', #4885, #5224, #5718, .T. ) ;
#4476 = B_SPLINE_CURVE_WITH_KNOTS ( 'NONE', 3,
 ( #2306, #4732, #5183, #4215, #3781, #3292, #4700, #2822, #5275, #884, #3266, #4792 ),
 .UNSPECIFIED., .F., .F.,
 ( 4, 2, 2, 2, 2, 4 ),
 ( 1.788112030672749005E-18, 0.002754859226724690364, 0.005509718453449378994, 0.006887148066811723743, 0.008264577680174068491, 0.01101943690689875452 ),
 .UNSPECIFIED. ) ;
#4477 = DIRECTION ( 'NONE',  ( 1.000000000000000000, -0.000000000000000000, 0.000000000000000000 ) ) ;
#4478 = EDGE_LOOP ( 'NONE', ( #5245, #5704, #4992, #2298 ) ) ;
#4479 = DIRECTION ( 'NONE',  ( -1.000000000000000000, 0.000000000000000000, 0.000000000000000000 ) ) ;
#4480 = DIRECTION ( 'NONE',  ( 0.000000000000000000, -1.000000000000000000, 0.000000000000000000 ) ) ;
#4481 = EDGE_CURVE ( 'NONE', #3951, #1296, #2969, .T. ) ;
#4482 = VECTOR ( 'NONE', #6175, 39.37007874015748143 ) ;
#4483 = CARTESIAN_POINT ( 'NONE',  ( -0.4973079325017064622, -0.05996164475914665670, -0.07530386839322840420 ) ) ;
#4484 = CIRCLE ( 'NONE', #3038, 0.09999999999999997780 ) ;
#4485 = AXIS2_PLACEMENT_3D ( 'NONE', #2864, #4744, #420 ) ;
#4486 = DIRECTION ( 'NONE',  ( 7.886165872636010483E-17, -0.4999999999999993894, 0.8660254037844389297 ) ) ;
#4487 = ORIENTED_EDGE ( 'NONE', *, *, #4684, .F. ) ;
#4488 = ADVANCED_FACE ( 'NONE', ( #5227 ), #3788, .T. ) ;
#4489 = EDGE_CURVE ( 'NONE', #4100, #5674, #6034, .T. ) ;
#4490 = CARTESIAN_POINT ( 'NONE',  ( -0.6985357351166163742, -0.3972243186433544460, -1.453655855443755307 ) ) ;
#4491 = CIRCLE ( 'NONE', #3043, 0.7582233602167161024 ) ;
#4492 = CARTESIAN_POINT ( 'NONE',  ( 0.7165761512888025875, -0.3729755823412674864, -1.429837826693269198 ) ) ;
#4493 = VERTEX_POINT ( 'NONE', #5579 ) ;
#4494 = FACE_OUTER_BOUND ( 'NONE', #5528, .T. ) ;
#4495 = CARTESIAN_POINT ( 'NONE',  ( 0.5939341860352326252, 0.1719313602366971117, -1.551553864909448910 ) ) ;
#4496 = DIRECTION ( 'NONE',  ( 0.000000000000000000, 0.000000000000000000, 1.000000000000000000 ) ) ;
#4497 = CARTESIAN_POINT ( 'NONE',  ( -0.2071067811865481001, 0.5000000000000000000, -0.02500000000000000486 ) ) ;
#4498 = CARTESIAN_POINT ( 'NONE',  ( -0.4762073702705120759, -0.5000000000000000000, -0.1699752509611387741 ) ) ;
#4499 = CARTESIAN_POINT ( 'NONE',  ( 0.3775000000000000022, 6.829619984160658046E-17, -0.1250000000000000000 ) ) ;
#4500 = ORIENTED_EDGE ( 'NONE', *, *, #3804, .T. ) ;
#4501 = CARTESIAN_POINT ( 'NONE',  ( -0.1186775603642944155, 0.2919940968607061538, -1.256006793407223432 ) ) ;
#4502 = DIRECTION ( 'NONE',  ( 1.000000000000000000, 0.000000000000000000, 0.000000000000000000 ) ) ;
#4503 = ORIENTED_EDGE ( 'NONE', *, *, #730, .F. ) ;
#4504 = CARTESIAN_POINT ( 'NONE',  ( -0.08088181486183329549, 0.2237264291418879503, -1.399593303011588796 ) ) ;
#4505 = VERTEX_POINT ( 'NONE', #1169 ) ;
#4506 = FACE_OUTER_BOUND ( 'NONE', #4829, .T. ) ;
#4507 = AXIS2_PLACEMENT_3D ( 'NONE', #2852, #5306, #1332 ) ;
#4508 = CARTESIAN_POINT ( 'NONE',  ( 0.2574999999999999512, 1.928032088745468746E-16, -1.200220115396831710 ) ) ;
#4509 = AXIS2_PLACEMENT_3D ( 'NONE', #5104, #4711, #4675 ) ;
#4510 = CARTESIAN_POINT ( 'NONE',  ( 0.4297007272410580669, 0.5000000000000000000, -0.1443947498903832560 ) ) ;
#4511 = VERTEX_POINT ( 'NONE', #5095 ) ;
#4512 = FACE_BOUND ( 'NONE', #4319, .T. ) ;
#4513 = CARTESIAN_POINT ( 'NONE',  ( -0.4968477533717404193, -0.06486900276743533256, -0.1208713335442792025 ) ) ;
#4514 = EDGE_CURVE ( 'NONE', #2634, #3078, #1531, .T. ) ;
#4515 = B_SPLINE_CURVE_WITH_KNOTS ( 'NONE', 3,
 ( #5732, #3679, #5698, #1850, #4755, #3190, #266, #2208, #1292, #2694, #4178, #1792, #1258, #1389, #779, #878, #6281, #4210, #6219, #395, #6189, #5148, #4787, #2270, #5176, #3805, #1325, #2727, #5669, #362, #744, #6156, #1735, #4691, #3226, #2762 ),
 .UNSPECIFIED., .F., .F.,
 ( 4, 2, 2, 2, 2, 2, 2, 2, 2, 2, 2, 2, 2, 2, 2, 2, 2, 4 ),
 ( 0.000000000000000000, 0.0008264571136732144557, 0.001652914227346429345, 0.002066142784183038362, 0.002479371341019647162, 0.003305828454692860859, 0.004132285568366074989, 0.004958742682039288252, 0.005785199795712502382, 0.006611656909385715646, 0.007438114023058928909, 0.008264571136732143039, 0.009917485364078571300, 0.01074394247775178717, 0.01157039959142500476, 0.01239685670509822236, 0.01281008526193482856, 0.01322331381877143476 ),
 .UNSPECIFIED. ) ;
#4516 = DIRECTION ( 'NONE',  ( 0.000000000000000000, 0.000000000000000000, -1.000000000000000000 ) ) ;
#4517 = EDGE_LOOP ( 'NONE', ( #515, #3893, #530, #2787, #821, #466 ) ) ;
#4518 = CARTESIAN_POINT ( 'NONE',  ( -0.1199698066889876152, 0.3083329075330634161, -1.469853299591434848 ) ) ;
#4519 = CARTESIAN_POINT ( 'NONE',  ( -0.3125000000000002220, 0.2499999999999998890, -1.453655855443755307 ) ) ;
#4520 = EDGE_CURVE ( 'NONE', #2116, #1141, #2830, .T. ) ;
#4521 = ORIENTED_EDGE ( 'NONE', *, *, #5276, .F. ) ;
#4522 = DIRECTION ( 'NONE',  ( -0.000000000000000000, -1.000000000000000000, -0.000000000000000000 ) ) ;
#4523 = CARTESIAN_POINT ( 'NONE',  ( 0.1200000000000000233, 0.3228655678768636017, -1.255681349255749035 ) ) ;
#4524 = CARTESIAN_POINT ( 'NONE',  ( 0.7717357656601951943, 0.2402255482628224970, -1.328655855443755307 ) ) ;
#4525 = LINE ( 'NONE', #134, #5912 ) ;
#4526 = CARTESIAN_POINT ( 'NONE',  ( 0.4958687324600608570, 0.02028915480945197788, -0.8792540481630901628 ) ) ;
#4527 = FACE_OUTER_BOUND ( 'NONE', #3449, .T. ) ;
#4528 = ADVANCED_FACE ( 'NONE', ( #4693 ), #247, .T. ) ;
#4529 = DIRECTION ( 'NONE',  ( 1.550150280899231621E-16, 0.8660254037844388186, 0.4999999999999998335 ) ) ;
#4530 = ORIENTED_EDGE ( 'NONE', *, *, #3592, .T. ) ;
#4531 = DIRECTION ( 'NONE',  ( 0.5527707983925669311, 0.8333333333333333703, 1.132564347408695280E-15 ) ) ;
#4532 = DIRECTION ( 'NONE',  ( 0.000000000000000000, 0.000000000000000000, 1.000000000000000000 ) ) ;
#4533 = ORIENTED_EDGE ( 'NONE', *, *, #487, .T. ) ;
#4534 = FACE_OUTER_BOUND ( 'NONE', #2983, .T. ) ;
#4535 = EDGE_LOOP ( 'NONE', ( #5561, #4707, #6262, #329 ) ) ;
#4536 = CARTESIAN_POINT ( 'NONE',  ( 0.1134813993750502653, -0.2721665668306221808, -1.257221359483839729 ) ) ;
#4537 = LINE ( 'NONE', #240, #3665 ) ;
#4538 = PLANE ( 'NONE',  #1009 ) ;
#4539 = ORIENTED_EDGE ( 'NONE', *, *, #48, .T. ) ;
#4540 = CARTESIAN_POINT ( 'NONE',  ( -0.1199977412155263795, -0.3021065259075082499, -1.255681896087157190 ) ) ;
#4541 = FACE_OUTER_BOUND ( 'NONE', #1899, .T. ) ;
#4542 = FACE_OUTER_BOUND ( 'NONE', #87, .T. ) ;
#4543 = CARTESIAN_POINT ( 'NONE',  ( -0.4864221124096188564, 0.1195117099028938090, -0.06413473609140080134 ) ) ;
#4544 = DIRECTION ( 'NONE',  ( -0.000000000000000000, -0.000000000000000000, -1.000000000000000000 ) ) ;
#4545 = CARTESIAN_POINT ( 'NONE',  ( 0.3764464581011108812, -0.4669725520451253331, -0.1249999999999999861 ) ) ;
#4546 = VERTEX_POINT ( 'NONE', #1326 ) ;
#4547 = CARTESIAN_POINT ( 'NONE',  ( 0.3775624397921541475, 0.5307495682087701727, -0.1445268182693770498 ) ) ;
#4548 = ADVANCED_FACE ( 'NONE', ( #5699 ), #1259, .T. ) ;
#4549 = CARTESIAN_POINT ( 'NONE',  ( 0.4990714649972387007, 0.4863104624029839784, -0.1710547988942723863 ) ) ;
#4550 = ORIENTED_EDGE ( 'NONE', *, *, #872, .T. ) ;
#4551 = CARTESIAN_POINT ( 'NONE',  ( -0.06250000000000016653, -0.2100609937572606445, -1.498431694691528593 ) ) ;
#4552 = CIRCLE ( 'NONE', #1272, 0.1249999999999999029 ) ;
#4553 = CIRCLE ( 'NONE', #3509, 0.06249999999999995837 ) ;
#4554 = CARTESIAN_POINT ( 'NONE',  ( 0.4692152606226255296, -0.5000000000000000000, -0.1643319382806330553 ) ) ;
#4555 = CARTESIAN_POINT ( 'NONE',  ( -0.4166666666666669072, -0.2763853991962829659, -0.02500000000000005690 ) ) ;
#4556 = AXIS2_PLACEMENT_3D ( 'NONE', #5910, #5877, #1940 ) ;
#4557 = VECTOR ( 'NONE', #4223, 39.37007874015748143 ) ;
#4558 = EDGE_CURVE ( 'NONE', #3064, #1774, #6140, .T. ) ;
#4559 = DIRECTION ( 'NONE',  ( -1.000000000000000000, 0.000000000000000000, 0.000000000000000000 ) ) ;
#4560 = CARTESIAN_POINT ( 'NONE',  ( 0.3775000000000000022, 6.829619984160658046E-17, -0.1250000000000000000 ) ) ;
#4561 = ORIENTED_EDGE ( 'NONE', *, *, #4759, .F. ) ;
#4562 = CARTESIAN_POINT ( 'NONE',  ( -0.2769668430292618888, 0.06572689112796054056, -0.3317486158831435827 ) ) ;
#4563 = CARTESIAN_POINT ( 'NONE',  ( 0.06249999999999981959, -0.2100609937572604502, -1.408880016195982021 ) ) ;
#4564 = ORIENTED_EDGE ( 'NONE', *, *, #2799, .F. ) ;
#4565 = DIRECTION ( 'NONE',  ( 1.000000000000000000, -0.000000000000000000, -0.000000000000000000 ) ) ;
#4566 = ORIENTED_EDGE ( 'NONE', *, *, #5761, .T. ) ;
#4567 = ORIENTED_EDGE ( 'NONE', *, *, #2130, .T. ) ;
#4568 = DIRECTION ( 'NONE',  ( 9.561467977824918306E-16, 0.000000000000000000, 1.000000000000000000 ) ) ;
#4569 = ADVANCED_FACE ( 'NONE', ( #6220 ), #1793, .F. ) ;
#4570 = CARTESIAN_POINT ( 'NONE',  ( -0.7582233602167159914, -0.5000000000000000000, -0.7600000000000056710 ) ) ;
#4571 = ORIENTED_EDGE ( 'NONE', *, *, #3365, .T. ) ;
#4572 = CARTESIAN_POINT ( 'NONE',  ( -0.8082233602167164799, 0.2499999999999998890, -1.513655855443755138 ) ) ;
#4573 = CARTESIAN_POINT ( 'NONE',  ( -0.3150000000000000577, 6.829619984160658046E-17, -0.1250000000000000000 ) ) ;
#4574 = CARTESIAN_POINT ( 'NONE',  ( 0.4512247674116547924, 0.09483475734923819955, -1.620292063148466521 ) ) ;
#4575 = CARTESIAN_POINT ( 'NONE',  ( -0.4640639265841039474, -0.4085786437626903189, -0.1250000000000000000 ) ) ;
#4576 = VERTEX_POINT ( 'NONE', #1293 ) ;
#4577 = CYLINDRICAL_SURFACE ( 'NONE', #6040, 0.1249999999999999029 ) ;
#4578 = AXIS2_PLACEMENT_3D ( 'NONE', #509, #1465, #408 ) ;
#4579 = ORIENTED_EDGE ( 'NONE', *, *, #320, .T. ) ;
#4580 = CARTESIAN_POINT ( 'NONE',  ( -0.4555969534834459211, -0.3022088300667171157, -0.2177715021015036723 ) ) ;
#4581 = CARTESIAN_POINT ( 'NONE',  ( -0.06250000000000020817, -0.4085786437626901524, -1.541155855443755440 ) ) ;
#4582 =( BOUNDED_SURFACE ( )  B_SPLINE_SURFACE ( 3, 2, ( 
 ( #1042, #2989, #2514 ),
 ( #89, #2031, #3993 ),
 ( #1557, #3493, #1165 ),
 ( #1645, #6030, #6091 ) ),
 .UNSPECIFIED., .F., .F., .F. ) 
 B_SPLINE_SURFACE_WITH_KNOTS ( ( 4, 4 ),
 ( 3, 3 ),
 ( -3.469446951953614189E-18, 0.001932519716716426823 ),
 ( 0.000000000000000000, 1.000000000000000000 ),
 .UNSPECIFIED. ) 
 GEOMETRIC_REPRESENTATION_ITEM ( )  RATIONAL_B_SPLINE_SURFACE ( (
 ( 1.000000000000000000, 0.8758300415810410522, 1.000000000000000000),
 ( 1.000000000000000000, 0.8788422869741199239, 1.000000000000000000),
 ( 1.000000000000000000, 0.8819302843720552287, 1.000000000000000000),
 ( 1.000000000000000000, 0.8850608017200340960, 1.000000000000000000) ) ) 
 REPRESENTATION_ITEM ( '' )  SURFACE ( )  );
#4583 = ADVANCED_FACE ( 'NONE', ( #5270 ), #817, .F. ) ;
#4584 = CARTESIAN_POINT ( 'NONE',  ( -0.1199999999999999956, 0.3125000000000000555, -0.2643186507442511490 ) ) ;
#4585 = VECTOR ( 'NONE', #5939, 39.37007874015748143 ) ;
#4586 = CARTESIAN_POINT ( 'NONE',  ( -0.3775000000000000022, 6.829619984160658046E-17, -1.641155855443755307 ) ) ;
#4587 = CARTESIAN_POINT ( 'NONE',  ( 0.4971067195565698205, 0.01081846865315785715, -0.8739834953251455207 ) ) ;
#4588 = CARTESIAN_POINT ( 'NONE',  ( 0.5578016384851740561, 0.2825939553771457668, -1.574416669648698752 ) ) ;
#4589 = CIRCLE ( 'NONE', #3763, 0.1200000000000000233 ) ;
#4590 = ORIENTED_EDGE ( 'NONE', *, *, #4162, .F. ) ;
#4591 = CARTESIAN_POINT ( 'NONE',  ( -0.2647812381246489322, 0.04256140479483429967, -0.3241074743336163633 ) ) ;
#4592 = B_SPLINE_CURVE_WITH_KNOTS ( 'NONE', 3,
 ( #3331, #500, #2824, #2342, #3813, #3844 ),
 .UNSPECIFIED., .F., .F.,
 ( 4, 2, 4 ),
 ( 0.000000000000000000, 0.0007511992046656013359, 0.001502398409331202672 ),
 .UNSPECIFIED. ) ;
#4593 = CARTESIAN_POINT ( 'NONE',  ( 0.07730477032314027330, -0.2206018952957653489, -1.401243765036384925 ) ) ;
#4594 = EDGE_CURVE ( 'NONE', #3976, #5444, #6311, .T. ) ;
#4595 = ORIENTED_EDGE ( 'NONE', *, *, #2468, .F. ) ;
#4596 = DIRECTION ( 'NONE',  ( -0.000000000000000000, -0.000000000000000000, -1.000000000000000000 ) ) ;
#4597 = ORIENTED_EDGE ( 'NONE', *, *, #2528, .F. ) ;
#4598 = ORIENTED_EDGE ( 'NONE', *, *, #558, .F. ) ;
#4599 = CARTESIAN_POINT ( 'NONE',  ( 0.7512041801893883930, -0.1543431675705261297, -1.373068632839063774 ) ) ;
#4600 = CARTESIAN_POINT ( 'NONE',  ( 0.3775000000000000022, 6.829619984160658046E-17, -0.1250000000000000000 ) ) ;
#4601 = LINE ( 'NONE', #212, #912 ) ;
#4602 = ORIENTED_EDGE ( 'NONE', *, *, #5687, .F. ) ;
#4603 = CYLINDRICAL_SURFACE ( 'NONE', #854, 0.5000000000000000000 ) ;
#4604 = EDGE_CURVE ( 'NONE', #2699, #5974, #1415, .T. ) ;
#4605 = CARTESIAN_POINT ( 'NONE',  ( -0.4978649295784989826, 0.2272400960492942379, -0.1233188421877945834 ) ) ;
#4607 = EDGE_CURVE ( 'NONE', #4960, #6147, #2214, .T. ) ;
#4606 = CIRCLE ( 'NONE', #3253, 0.1000000000000000194 ) ;
#4608 = CARTESIAN_POINT ( 'NONE',  ( -0.4394448086741521431, -0.1027756813566453598, -1.453655855443755307 ) ) ;
#4609 = VECTOR ( 'NONE', #2492, 39.37007874015748143 ) ;
#4610 = CARTESIAN_POINT ( 'NONE',  ( 0.3919722514985229944, 0.1196161841221499156, -1.634210234470963252 ) ) ;
#4611 = CARTESIAN_POINT ( 'NONE',  ( 0.007873227762291899745, -0.4325028668407996935, -0.2499993254492660355 ) ) ;
#4612 = EDGE_CURVE ( 'NONE', #5060, #1041, #5010, .T. ) ;
#4613 = CARTESIAN_POINT ( 'NONE',  ( 0.3775000000000000022, 6.829619984160658046E-17, 0.000000000000000000 ) ) ;
#4614 = DIRECTION ( 'NONE',  ( -0.000000000000000000, -0.000000000000000000, 1.000000000000000000 ) ) ;
#4615 = ORIENTED_EDGE ( 'NONE', *, *, #3276, .F. ) ;
#4616 = CARTESIAN_POINT ( 'NONE',  ( -0.1024390062427397163, -0.2499999999999991118, -1.393655855443754366 ) ) ;
#4617 = DIRECTION ( 'NONE',  ( 0.000000000000000000, 0.000000000000000000, -1.000000000000000000 ) ) ;
#4618 = CARTESIAN_POINT ( 'NONE',  ( 0.4748490257427990247, 0.3378888418270257765, -0.1235941235222186019 ) ) ;
#4619 = CARTESIAN_POINT ( 'NONE',  ( 0.06249999999999980571, 0.2100609937572605612, -1.408880016195982021 ) ) ;
#4620 = CARTESIAN_POINT ( 'NONE',  ( 0.4844907733586979459, 0.05474092867866622164, -0.9195329111263372823 ) ) ;
#4621 = CARTESIAN_POINT ( 'NONE',  ( -0.1176059418487634955, -0.2884681396398688369, -1.499875436930422801 ) ) ;
#4622 =( BOUNDED_CURVE ( )  B_SPLINE_CURVE ( 3, ( #1264, #336, #3328, #2732 ),
 .UNSPECIFIED., .F., .T. ) 
 B_SPLINE_CURVE_WITH_KNOTS ( ( 4, 4 ),
 ( 5.091398001080640334, 5.387520513321721438 ),
 .UNSPECIFIED. ) 
 CURVE ( )  GEOMETRIC_REPRESENTATION_ITEM ( )  RATIONAL_B_SPLINE_CURVE ( ( 1.000000000000000000, 0.9927059611727555577, 0.9927059611727555577, 1.000000000000000000 ) ) 
 REPRESENTATION_ITEM ( '' )  );
#4623 = ORIENTED_EDGE ( 'NONE', *, *, #4237, .T. ) ;
#4624 = CARTESIAN_POINT ( 'NONE',  ( -0.1134873849512627736, 0.2721828962535410290, -1.257219987427155905 ) ) ;
#4625 = DIRECTION ( 'NONE',  ( 0.000000000000000000, 0.000000000000000000, -1.000000000000000000 ) ) ;
#4626 = ORIENTED_EDGE ( 'NONE', *, *, #5146, .F. ) ;
#4627 = CARTESIAN_POINT ( 'NONE',  ( 0.5000000000000001110, 0.2104964325533064118, -0.1250000000000000555 ) ) ;
#4628 = ORIENTED_EDGE ( 'NONE', *, *, #6269, .T. ) ;
#4629 = ORIENTED_EDGE ( 'NONE', *, *, #1682, .T. ) ;
#4630 = CARTESIAN_POINT ( 'NONE',  ( -0.2574999999999999512, 6.829619984160658046E-17, -1.641155855443755307 ) ) ;
#4631 = EDGE_CURVE ( 'NONE', #2054, #366, #4800, .T. ) ;
#4632 = DIRECTION ( 'NONE',  ( 0.000000000000000000, -0.7071067811865474617, 0.7071067811865474617 ) ) ;
#4633 = EDGE_LOOP ( 'NONE', ( #5643, #5261, #4214, #3076, #1992 ) ) ;
#4634 = CARTESIAN_POINT ( 'NONE',  ( -0.1070525665926261860, -0.2580419134576071860, -1.258644431717088397 ) ) ;
#4635 = CARTESIAN_POINT ( 'NONE',  ( 0.06249999999999986816, -0.5000000000000000000, -1.203113980822090312 ) ) ;
#4636 = CARTESIAN_POINT ( 'NONE',  ( -0.5258707588105108188, -0.3278020613712104847, -0.1462500919927554044 ) ) ;
#4637 = EDGE_LOOP ( 'NONE', ( #2114, #6090, #6256, #4503 ) ) ;
#4638 = DIRECTION ( 'NONE',  ( -1.707404996040164265E-16, 0.000000000000000000, -1.000000000000000000 ) ) ;
#4639 = ADVANCED_FACE ( 'NONE', ( #1213, #4832, #437, #2347, #3147, #5659, #4338 ), #5137, .F. ) ;
#4640 = CARTESIAN_POINT ( 'NONE',  ( -0.4501155474015059998, -0.09631098609654958898, -0.5193342529554875187 ) ) ;
#4641 = CARTESIAN_POINT ( 'NONE',  ( 0.2071067811865481001, 0.5000000000000001110, 0.3826834323650908365 ) ) ;
#4642 = DIRECTION ( 'NONE',  ( -0.000000000000000000, -0.000000000000000000, 1.000000000000000000 ) ) ;
#4643 = CARTESIAN_POINT ( 'NONE',  ( -0.07741510327841182038, -0.2203096844758543060, -1.401008962554878501 ) ) ;
#4644 = EDGE_CURVE ( 'NONE', #3370, #4960, #3810, .T. ) ;
#4645 = ORIENTED_EDGE ( 'NONE', *, *, #380, .T. ) ;
#4646 = CARTESIAN_POINT ( 'NONE',  ( -0.2071067811865481001, 0.5000000000000000000, -0.07787672733213867049 ) ) ;
#4647 = FACE_OUTER_BOUND ( 'NONE', #1796, .T. ) ;
#4648 = CARTESIAN_POINT ( 'NONE',  ( 0.5618640866636079867, -0.2104964325533083547, -0.04643260993721638058 ) ) ;
#4649 = DIRECTION ( 'NONE',  ( 0.000000000000000000, -0.4999999999999993894, -0.8660254037844390407 ) ) ;
#4650 = CIRCLE ( 'NONE', #5795, 0.7582233602167159914 ) ;
#4651 = AXIS2_PLACEMENT_3D ( 'NONE', #4429, #5020, #1059 ) ;
#4652 = CARTESIAN_POINT ( 'NONE',  ( -0.4766721863916474899, 0.3277072657452859139, -0.1227721205567334772 ) ) ;
#4653 = ORIENTED_EDGE ( 'NONE', *, *, #4733, .T. ) ;
#4654 = DIRECTION ( 'NONE',  ( -0.000000000000000000, -0.000000000000000000, 1.000000000000000000 ) ) ;
#4655 = CARTESIAN_POINT ( 'NONE',  ( 0.1875000000000000278, 0.000000000000000000, -0.06250000000000001388 ) ) ;
#4656 = ORIENTED_EDGE ( 'NONE', *, *, #2316, .F. ) ;
#4657 = VECTOR ( 'NONE', #4425, 39.37007874015748143 ) ;
#4658 = ORIENTED_EDGE ( 'NONE', *, *, #3520, .F. ) ;
#4659 = VERTEX_POINT ( 'NONE', #565 ) ;
#4660 = CARTESIAN_POINT ( 'NONE',  ( -0.3534671909050885463, -0.4841634781051582515, -0.1248284621942403749 ) ) ;
#4661 = AXIS2_PLACEMENT_3D ( 'NONE', #6339, #389, #452 ) ;
#4662 = CARTESIAN_POINT ( 'NONE',  ( -0.5000059237092843167, -0.03001645788205519264, -0.07819273842638017891 ) ) ;
#4663 = CARTESIAN_POINT ( 'NONE',  ( 0.1199161164836839155, 0.3079398213246218874, -1.469759292084275915 ) ) ;
#4664 = AXIS2_PLACEMENT_3D ( 'NONE', #3096, #5172, #1729 ) ;
#4665 = ORIENTED_EDGE ( 'NONE', *, *, #614, .T. ) ;
#4666 = DIRECTION ( 'NONE',  ( 0.000000000000000000, 0.000000000000000000, -1.000000000000000000 ) ) ;
#4667 = CARTESIAN_POINT ( 'NONE',  ( -0.5035991566204425229, -0.3568500837366418432, -0.1269688897907883529 ) ) ;
#4668 = ORIENTED_EDGE ( 'NONE', *, *, #2515, .T. ) ;
#4669 = ADVANCED_FACE ( 'NONE', ( #2887 ), #2513, .F. ) ;
#4670 = DIRECTION ( 'NONE',  ( -3.100300561798464228E-16, 0.000000000000000000, -1.000000000000000000 ) ) ;
#4671 = FACE_OUTER_BOUND ( 'NONE', #1019, .T. ) ;
#4672 = DIRECTION ( 'NONE',  ( -0.7071067811865485719, -0.7071067811865464625, 0.000000000000000000 ) ) ;
#4673 = VECTOR ( 'NONE', #3481, 39.37007874015748143 ) ;
#4674 = ADVANCED_FACE ( 'NONE', ( #4506 ), #5900, .F. ) ;
#4675 = DIRECTION ( 'NONE',  ( 0.000000000000000000, 0.000000000000000000, -1.000000000000000000 ) ) ;
#4676 = CARTESIAN_POINT ( 'NONE',  ( 0.5199265109473528712, 0.3022088300667059579, -0.1412097098256048233 ) ) ;
#4677 = B_SPLINE_CURVE_WITH_KNOTS ( 'NONE', 3,
 ( #1109, #1618, #5577, #4441 ),
 .UNSPECIFIED., .F., .F.,
 ( 4, 4 ),
 ( 2.453269466693398698E-18, 0.001016146922491144560 ),
 .UNSPECIFIED. ) ;
#4678 = CARTESIAN_POINT ( 'NONE',  ( -0.09983980822759783158, -0.2457398518128126319, -1.393655855443755698 ) ) ;
#4679 = ORIENTED_EDGE ( 'NONE', *, *, #4406, .F. ) ;
#4680 = LINE ( 'NONE', #2755, #3032 ) ;
#4681 = CARTESIAN_POINT ( 'NONE',  ( 0.5000000000000001110, -0.2520006735878980719, -0.1250000000000000278 ) ) ;
#4682 = CARTESIAN_POINT ( 'NONE',  ( -0.4682200722196722120, -0.1754136937944269226, -0.04643260993721511770 ) ) ;
#4683 = EDGE_CURVE ( 'NONE', #4576, #1449, #88, .T. ) ;
#4684 = EDGE_CURVE ( 'NONE', #2473, #716, #536, .T. ) ;
#4685 = CARTESIAN_POINT ( 'NONE',  ( -0.3307283210670859397, 0.5000000000000000000, -0.1242047542652700010 ) ) ;
#4686 = CARTESIAN_POINT ( 'NONE',  ( -0.5156697234535041474, 0.2873194629958326085, -0.1376330268933350642 ) ) ;
#4687 = VECTOR ( 'NONE', #4228, 39.37007874015748143 ) ;
#4688 = CARTESIAN_POINT ( 'NONE',  ( -0.1190118879231779891, -0.2969581810170788261, -1.416089509001921432 ) ) ;
#4689 = CIRCLE ( 'NONE', #1911, 0.5000000000000000000 ) ;
#4690 = ORIENTED_EDGE ( 'NONE', *, *, #1852, .F. ) ;
#4691 = CARTESIAN_POINT ( 'NONE',  ( -0.4971098132484084720, -0.01079096713322616995, -0.8739701602324559948 ) ) ;
#4692 = CIRCLE ( 'NONE', #801, 0.09999999999999997780 ) ;
#4693 = FACE_OUTER_BOUND ( 'NONE', #3582, .T. ) ;
#4694 = CARTESIAN_POINT ( 'NONE',  ( 0.06249999999999980571, 0.4792893218813446543, -1.611866533562410275 ) ) ;
#4695 = AXIS2_PLACEMENT_3D ( 'NONE', #1246, #5343, #5622 ) ;
#4696 = VERTEX_POINT ( 'NONE', #5935 ) ;
#4697 = ORIENTED_EDGE ( 'NONE', *, *, #5964, .T. ) ;
#4698 = EDGE_LOOP ( 'NONE', ( #5737, #2061 ) ) ;
#4699 = CARTESIAN_POINT ( 'NONE',  ( 0.5295890070392446081, 0.3669585729229241089, -0.1494588600076266482 ) ) ;
#4700 = CARTESIAN_POINT ( 'NONE',  ( -0.5332153359170342943, 0.03607242834918734931, -0.1526202650089130974 ) ) ;
#4701 = CARTESIAN_POINT ( 'NONE',  ( -0.4751029480713765962, 0.1593263563740803246, -0.1043758499270005802 ) ) ;
#4702 = B_SPLINE_CURVE_WITH_KNOTS ( 'NONE', 3,
 ( #4563, #3101, #4144, #4593, #4080, #3645, #4181, #6190, #5085, #1194 ),
 .UNSPECIFIED., .F., .F.,
 ( 4, 2, 2, 2, 4 ),
 ( 0.01007616118860990735, 0.01045296141896729855, 0.01082976164932468802, 0.01120656187968207922, 0.01158336211003947042 ),
 .UNSPECIFIED. ) ;
#4703 = CARTESIAN_POINT ( 'NONE',  ( 0.1140999582373236343, 0.2751383449251907365, -1.399039331762160110 ) ) ;
#4704 = B_SPLINE_CURVE_WITH_KNOTS ( 'NONE', 3,
 ( #3037, #4554, #3480, #5985, #621, #166 ),
 .UNSPECIFIED., .F., .F.,
 ( 4, 2, 4 ),
 ( 0.000000000000000000, 0.0006740853117301795873, 0.001348170623460359175 ),
 .UNSPECIFIED. ) ;
#4705 = ORIENTED_EDGE ( 'NONE', *, *, #4684, .T. ) ;
#4706 = CARTESIAN_POINT ( 'NONE',  ( -0.5103971553117278015, -0.4792893218813452094, -0.1715843476528306488 ) ) ;
#4707 = ORIENTED_EDGE ( 'NONE', *, *, #3334, .T. ) ;
#4708 = CARTESIAN_POINT ( 'NONE',  ( -0.4297007272410588441, 0.5000000000000000000, -0.1443947498903837834 ) ) ;
#4709 = CARTESIAN_POINT ( 'NONE',  ( 0.8082233602167163689, -0.4499999999999997335, -0.7600000000000056710 ) ) ;
#4710 = LINE ( 'NONE', #987, #6268 ) ;
#4711 = DIRECTION ( 'NONE',  ( 0.000000000000000000, -1.000000000000000000, 0.000000000000000000 ) ) ;
#4712 = CIRCLE ( 'NONE', #2654, 0.4707106781186550237 ) ;
#4713 = AXIS2_PLACEMENT_3D ( 'NONE', #2684, #3179, #191 ) ;
#4714 = CARTESIAN_POINT ( 'NONE',  ( 0.06249999999999981265, -0.2499999999999998890, -1.453655855443755307 ) ) ;
#4715 = CARTESIAN_POINT ( 'NONE',  ( -0.4777984767417231549, 0.3169356545511292089, -0.1213857510507521109 ) ) ;
#4716 = ADVANCED_FACE ( 'NONE', ( #1072 ), #3492, .F. ) ;
#4717 = CARTESIAN_POINT ( 'NONE',  ( -0.3535533905932743970, 0.3535533905932732313, -0.02500000000000000486 ) ) ;
#4718 = FACE_OUTER_BOUND ( 'NONE', #5898, .T. ) ;
#4719 = VERTEX_POINT ( 'NONE', #5870 ) ;
#4720 = CARTESIAN_POINT ( 'NONE',  ( 0.5295890070392447191, 0.5000000000000000000, -0.1494588600076266482 ) ) ;
#4721 = CARTESIAN_POINT ( 'NONE',  ( 0.3768424737129617563, 0.4666649928256387247, -0.1249999999999999861 ) ) ;
#4722 = FACE_OUTER_BOUND ( 'NONE', #999, .T. ) ;
#4723 = EDGE_CURVE ( 'NONE', #1766, #3867, #3498, .T. ) ;
#4724 = CARTESIAN_POINT ( 'NONE',  ( -0.5295890070392446081, -0.3803218006416974606, -0.1494588600076266482 ) ) ;
#4725 = ORIENTED_EDGE ( 'NONE', *, *, #125, .F. ) ;
#4726 = CARTESIAN_POINT ( 'NONE',  ( 0.4640639265841039474, 0.4085786437626901524, -0.1250000000000000000 ) ) ;
#4727 = CARTESIAN_POINT ( 'NONE',  ( -0.4719849656469222721, -0.4682990286966747240, -0.1250000000000441314 ) ) ;
#4728 = CARTESIAN_POINT ( 'NONE',  ( 0.1161500840693589637, -0.2813453676514316437, -0.2633999191949421559 ) ) ;
#4729 = ORIENTED_EDGE ( 'NONE', *, *, #1534, .T. ) ;
#4730 = VERTEX_POINT ( 'NONE', #272 ) ;
#4731 = ORIENTED_EDGE ( 'NONE', *, *, #853, .F. ) ;
#4732 = CARTESIAN_POINT ( 'NONE',  ( -0.5111461757439765830, -0.1770635602558126298, -0.1337765163338396623 ) ) ;
#4733 = EDGE_CURVE ( 'NONE', #688, #5181, #2361, .T. ) ;
#4734 = CARTESIAN_POINT ( 'NONE',  ( -0.3173488095885010907, 0.1044353163935858031, -1.641155855443755307 ) ) ;
#4735 = ORIENTED_EDGE ( 'NONE', *, *, #253, .F. ) ;
#4736 = DIRECTION ( 'NONE',  ( 0.000000000000000000, 0.000000000000000000, 1.000000000000000000 ) ) ;
#4737 = ORIENTED_EDGE ( 'NONE', *, *, #1656, .T. ) ;
#4738 = CARTESIAN_POINT ( 'NONE',  ( 0.06249999999999986816, 0.5000000000000000000, -1.266155855443755529 ) ) ;
#4739 = CARTESIAN_POINT ( 'NONE',  ( -0.8082233602167164799, -0.2499999999999998890, -1.513655855443755138 ) ) ;
#4740 = CARTESIAN_POINT ( 'NONE',  ( -0.4593641799344763688, -0.08854358998451357377, -0.5375741371421304260 ) ) ;
#4741 = CARTESIAN_POINT ( 'NONE',  ( -0.4766721863916483781, -0.3277072657452774207, -0.1227721205567324364 ) ) ;
#4742 = CARTESIAN_POINT ( 'NONE',  ( -0.6048807434363822066, 0.1579490772738638693, -1.549218980398490819 ) ) ;
#4743 = CARTESIAN_POINT ( 'NONE',  ( -0.07016839564828919462, -0.2147396288358006944, -1.404706782622954009 ) ) ;
#4744 = DIRECTION ( 'NONE',  ( 0.000000000000000000, 0.000000000000000000, 1.000000000000000000 ) ) ;
#4745 = DIRECTION ( 'NONE',  ( 1.000000000000000000, 0.000000000000000000, 0.000000000000000000 ) ) ;
#4746 = ORIENTED_EDGE ( 'NONE', *, *, #6024, .F. ) ;
#4747 = B_SPLINE_CURVE_WITH_KNOTS ( 'NONE', 3,
 ( #6348, #3360, #5368, #970, #3840, #2916, #1423, #5860 ),
 .UNSPECIFIED., .F., .F.,
 ( 4, 2, 2, 4 ),
 ( 0.004981505939174102858, 0.006458929661864266925, 0.007197641523209348524, 0.007936353384554430124 ),
 .UNSPECIFIED. ) ;
#4748 = CARTESIAN_POINT ( 'NONE',  ( 0.4640639265841039474, 0.4085786437626901524, -0.2249999999999999778 ) ) ;
#4749 = CARTESIAN_POINT ( 'NONE',  ( 0.4297007272410571233, -0.5000000000000000000, -0.1443947498903830340 ) ) ;
#4750 = CARTESIAN_POINT ( 'NONE',  ( -0.7727392372327768211, -0.3236121593216773062, -1.326155855443755138 ) ) ;
#4751 = EDGE_CURVE ( 'NONE', #5359, #2796, #3343, .T. ) ;
#4752 = VECTOR ( 'NONE', #4666, 39.37007874015748143 ) ;
#4753 = FACE_OUTER_BOUND ( 'NONE', #3681, .T. ) ;
#4754 = ORIENTED_EDGE ( 'NONE', *, *, #249, .F. ) ;
#4755 = CARTESIAN_POINT ( 'NONE',  ( -0.2690172942525752009, -0.05233795969577930557, -1.193323454171847153 ) ) ;
#4756 = CARTESIAN_POINT ( 'NONE',  ( -0.1161242275146216196, -0.2812400149054115062, -0.2633938339364981229 ) ) ;
#4757 = VERTEX_POINT ( 'NONE', #4825 ) ;
#4758 = ORIENTED_EDGE ( 'NONE', *, *, #5565, .F. ) ;
#4759 = EDGE_CURVE ( 'NONE', #5332, #5744, #1298, .T. ) ;
#4760 = VERTEX_POINT ( 'NONE', #6285 ) ;
#4761 = FACE_OUTER_BOUND ( 'NONE', #3159, .T. ) ;
#4762 = CARTESIAN_POINT ( 'NONE',  ( -0.5028362887285778848, -0.2259269237935289665, -0.1272332982114786348 ) ) ;
#4763 = ORIENTED_EDGE ( 'NONE', *, *, #4805, .F. ) ;
#4764 = ORGANIZATION ( 'UNSPECIFIED', 'UNSPECIFIED', '' ) ;
#4765 = CARTESIAN_POINT ( 'NONE',  ( 0.2071067811865481001, -0.5000000000000001110, -0.02500000000000000486 ) ) ;
#4766 = ORIENTED_EDGE ( 'NONE', *, *, #416, .F. ) ;
#4767 = AXIS2_PLACEMENT_3D ( 'NONE', #1320, #3121, #2168 ) ;
#4768 = EDGE_CURVE ( 'NONE', #5641, #612, #4622, .T. ) ;
#4769 = EDGE_CURVE ( 'NONE', #660, #3370, #2890, .T. ) ;
#4770 = FACE_OUTER_BOUND ( 'NONE', #2101, .T. ) ;
#4771 = LOCAL_TIME ( 17, 50, 1.000000000000000000, #4807 ) ;
#4772 = CARTESIAN_POINT ( 'NONE',  ( 0.06249999999999980571, -0.4499999999999997335, -1.641155855443755307 ) ) ;
#4773 = CARTESIAN_POINT ( 'NONE',  ( -0.2996962431193866960, -0.09187757358342661662, -0.3472613449628283444 ) ) ;
#4774 = FACE_OUTER_BOUND ( 'NONE', #2165, .T. ) ;
#4775 = CARTESIAN_POINT ( 'NONE',  ( -0.3125000000000002776, 0.3236121593216769732, -1.581155855443755698 ) ) ;
#4776 = DIRECTION ( 'NONE',  ( 9.106159978880878627E-17, 0.000000000000000000, 1.000000000000000000 ) ) ;
#4777 = CARTESIAN_POINT ( 'NONE',  ( 0.03108261143949326774, 0.1963297934148020840, -0.2508896962162596722 ) ) ;
#4778 = B_SPLINE_CURVE_WITH_KNOTS ( 'NONE', 3,
 ( #6345, #2848, #1327, #4728, #332, #457, #2301, #364, #879, #5734, #3228, #5244, #2880, #2405, #4266, #6282, #4851, #6253, #2334, #5793, #4360, #3261, #5301, #847, #1851, #2786, #4823, #1920, #2272, #5213, #4756, #5767, #2818, #3778 ),
 .UNSPECIFIED., .F., .F.,
 ( 4, 2, 2, 2, 2, 2, 2, 2, 2, 2, 2, 2, 2, 2, 2, 2, 4 ),
 ( 0.000000000000000000, 0.0005976874298009709216, 0.001195374859601941843, 0.001793062289402912873, 0.002390749719203883687, 0.002988437149004854500, 0.003586124578805825747, 0.004183812008606796126, 0.004781499438407767373, 0.005379186868208738620, 0.005976874298009709000, 0.006574561727810680246, 0.007172249157611651493, 0.007769936587412621873, 0.008367624017213592252, 0.008965311447014564367, 0.009562998876815534746 ),
 .UNSPECIFIED. ) ;
#4779 = CARTESIAN_POINT ( 'NONE',  ( 0.8082233602167162578, 0.4085786437626901524, -0.7600000000000056710 ) ) ;
#4780 = VERTEX_POINT ( 'NONE', #2305 ) ;
#4781 = CARTESIAN_POINT ( 'NONE',  ( -0.7082233602167162800, 0.4085786437626895418, -0.7600000000000050049 ) ) ;
#4782 = CARTESIAN_POINT ( 'NONE',  ( 0.2589740218560542262, 0.02168168925215631371, -0.3206322472160906822 ) ) ;
#4783 = DIRECTION ( 'NONE',  ( 1.000000000000000000, 0.000000000000000000, 0.000000000000000000 ) ) ;
#4784 = DIRECTION ( 'NONE',  ( 1.000000000000000000, 0.000000000000000000, 0.000000000000000000 ) ) ;
#4785 = DIRECTION ( 'NONE',  ( -1.000000000000000000, -5.329070518200750605E-15, 0.000000000000000000 ) ) ;
#4786 = ORIENTED_EDGE ( 'NONE', *, *, #2440, .T. ) ;
#4787 = CARTESIAN_POINT ( 'NONE',  ( -0.4346509247467603698, -0.1056936134644157615, -1.026992631259922018 ) ) ;
#4788 = DIRECTION ( 'NONE',  ( -0.7071067811865467956, 0.7071067811865482389, 0.000000000000000000 ) ) ;
#4789 = CARTESIAN_POINT ( 'NONE',  ( -0.5103971553117282456, 0.4792893218813439327, -0.1715843476528301770 ) ) ;
#4790 = CARTESIAN_POINT ( 'NONE',  ( 0.1199999999999999956, 0.3021300800324803748, -1.255681349255748813 ) ) ;
#4791 = VERTEX_POINT ( 'NONE', #1331 ) ;
#4792 = CARTESIAN_POINT ( 'NONE',  ( -0.5000000000000001110, 0.2104964325533063285, -0.1250000000000000278 ) ) ;
#4793 = VECTOR ( 'NONE', #4128, 39.37007874015748143 ) ;
#4794 = DIRECTION ( 'NONE',  ( 3.100300561798464228E-16, 0.000000000000000000, 1.000000000000000000 ) ) ;
#4795 = ADVANCED_FACE ( 'NONE', ( #5248 ), #4841, .F. ) ;
#4796 = AXIS2_PLACEMENT_3D ( 'NONE', #3735, #2289, #1175 ) ;
#4797 = ORIENTED_EDGE ( 'NONE', *, *, #2913, .F. ) ;
#4798 = CARTESIAN_POINT ( 'NONE',  ( 0.3307283210671009832, -0.5000000000000000000, -0.1242047542652713471 ) ) ;
#4799 = ORIENTED_EDGE ( 'NONE', *, *, #5923, .T. ) ;
#4800 = LINE ( 'NONE', #765, #91 ) ;
#4801 = CARTESIAN_POINT ( 'NONE',  ( 0.4898040386200194773, -0.04279468091296697446, -0.9023876841930690285 ) ) ;
#4802 = CIRCLE ( 'NONE', #6254, 0.1000000000000000333 ) ;
#4803 = CARTESIAN_POINT ( 'NONE',  ( 0.3912654317005974658, -0.1194221050736025275, -0.4326940939068788516 ) ) ;
#4804 = CARTESIAN_POINT ( 'NONE',  ( 0.06249999999999980571, 0.5000000000000000000, -1.641155855443755307 ) ) ;
#4805 = EDGE_CURVE ( 'NONE', #4994, #815, #2224, .T. ) ;
#4806 = EDGE_CURVE ( 'NONE', #5224, #1563, #1003, .T. ) ;
#4807 = COORDINATED_UNIVERSAL_TIME_OFFSET ( 8, 0, .BEHIND. ) ;
#4808 = CARTESIAN_POINT ( 'NONE',  ( -0.3671391464042934039, 0.5098216852436979751, -0.1270945599736899301 ) ) ;
#4809 = DIRECTION ( 'NONE',  ( 1.000000000000000000, -0.000000000000000000, -0.000000000000000000 ) ) ;
#4810 = CARTESIAN_POINT ( 'NONE',  ( 0.5339337773533550102, 0.01818719758314295623, -0.1532548134356670477 ) ) ;
#4811 = CARTESIAN_POINT ( 'NONE',  ( 0.09031879437554850287, 0.2331073212505213321, -0.2580301278790196884 ) ) ;
#4812 = EDGE_CURVE ( 'NONE', #3614, #2058, #6355, .T. ) ;
#4813 = ORIENTED_EDGE ( 'NONE', *, *, #4207, .F. ) ;
#4814 = CARTESIAN_POINT ( 'NONE',  ( -0.2893449219494810265, 0.08156231048704917774, -1.179996755960674770 ) ) ;
#4815 = AXIS2_PLACEMENT_3D ( 'NONE', #4023, #4055, #5513 ) ;
#4816 = CYLINDRICAL_SURFACE ( 'NONE', #5490, 0.09999999999999999167 ) ;
#4817 = CIRCLE ( 'NONE', #928, 0.06250000000000001388 ) ;
#4818 = CARTESIAN_POINT ( 'NONE',  ( -0.5103971553117278015, -0.4792893218813452094, -0.1715843476528306488 ) ) ;
#4819 = CIRCLE ( 'NONE', #5830, 0.4474999999999997868 ) ;
#4820 = DIRECTION ( 'NONE',  ( -1.000000000000000000, 0.000000000000000000, 9.106159978880878627E-17 ) ) ;
#4821 = ORIENTED_EDGE ( 'NONE', *, *, #6200, .T. ) ;
#4822 = CARTESIAN_POINT ( 'NONE',  ( 0.4616792322724406761, 0.1928727215716951604, -0.04025228862323829149 ) ) ;
#4823 = CARTESIAN_POINT ( 'NONE',  ( -0.09538003136863784648, -0.2392634760925632098, -0.2589787887680924383 ) ) ;
#4824 = CARTESIAN_POINT ( 'NONE',  ( -0.5016053291289901406, 0.3100390486111986865, -0.1258156929987267747 ) ) ;
#4825 = CARTESIAN_POINT ( 'NONE',  ( -0.8082233602167162578, 0.4085786437626895418, -0.7600000000000056710 ) ) ;
#4826 = PLANE ( 'NONE',  #4507 ) ;
#4827 = FACE_OUTER_BOUND ( 'NONE', #5736, .T. ) ;
#4828 = PLANE ( 'NONE',  #4039 ) ;
#4829 = EDGE_LOOP ( 'NONE', ( #2056, #3959, #3296, #783 ) ) ;
#4830 = FACE_OUTER_BOUND ( 'NONE', #5069, .T. ) ;
#4831 = ORIENTED_EDGE ( 'NONE', *, *, #3294, .T. ) ;
#4832 = FACE_BOUND ( 'NONE', #1399, .T. ) ;
#4833 = DIRECTION ( 'NONE',  ( -0.000000000000000000, 1.000000000000000000, -0.000000000000000000 ) ) ;
#4834 = EDGE_CURVE ( 'NONE', #960, #2575, #3924, .T. ) ;
#4835 = CARTESIAN_POINT ( 'NONE',  ( -0.8082233602167164799, -0.2499999999999998890, -1.393655855443755476 ) ) ;
#4836 = CARTESIAN_POINT ( 'NONE',  ( -0.4297007272410588441, 0.5000000000000000000, -0.1443947498903837834 ) ) ;
#4837 = VERTEX_POINT ( 'NONE', #893 ) ;
#4838 = DIRECTION ( 'NONE',  ( 1.000000000000000000, 0.000000000000000000, 0.000000000000000000 ) ) ;
#4839 = ADVANCED_FACE ( 'NONE', ( #2352 ), #3340, .F. ) ;
#4840 = CARTESIAN_POINT ( 'NONE',  ( 0.4633988693071608989, 0.1882826091399262547, -0.09618021205288253273 ) ) ;
#4841 = CYLINDRICAL_SURFACE ( 'NONE', #3131, 0.1199999999999999956 ) ;
#4842 = DIRECTION ( 'NONE',  ( 0.7071067811865454633, -0.7071067811865493491, 0.000000000000000000 ) ) ;
#4843 = VERTEX_POINT ( 'NONE', #4289 ) ;
#4844 = CARTESIAN_POINT ( 'NONE',  ( 0.1024390062427392722, 0.2499999999999998890, -1.513655855443755138 ) ) ;
#4845 = CARTESIAN_POINT ( 'NONE',  ( -0.2575000000000000067, 6.829619984160658046E-17, -1.200220115396831710 ) ) ;
#4846 = EDGE_CURVE ( 'NONE', #1100, #778, #5459, .T. ) ;
#4847 = CARTESIAN_POINT ( 'NONE',  ( -0.5000000000000001110, 0.2104964325533059954, -0.1250000000000000278 ) ) ;
#4848 = CARTESIAN_POINT ( 'NONE',  ( 0.7414889102319726089, 0.3584344118635811594, -1.390879662899108249 ) ) ;
#4849 = ORIENTED_EDGE ( 'NONE', *, *, #3138, .F. ) ;
#4850 = CARTESIAN_POINT ( 'NONE',  ( 0.09034904409847673012, 0.3918590365045456214, -0.2580355265925410868 ) ) ;
#4851 = CARTESIAN_POINT ( 'NONE',  ( 0.007906513472630891451, -0.1925031713520283239, -0.2500007462004206760 ) ) ;
#4852 = CARTESIAN_POINT ( 'NONE',  ( 0.3270189340712463810, 0.1763878406783225827, -1.326155855443755582 ) ) ;
#4853 = ORIENTED_EDGE ( 'NONE', *, *, #1539, .F. ) ;
#4854 = DIRECTION ( 'NONE',  ( -0.000000000000000000, 1.000000000000000000, -0.000000000000000000 ) ) ;
#4855 = CARTESIAN_POINT ( 'NONE',  ( 0.4346600139537394880, 0.1056895032510800636, -1.026978747552996785 ) ) ;
#4856 = CARTESIAN_POINT ( 'NONE',  ( -0.4831675899355221127, -0.2994933406537460541, -0.1204668213732293935 ) ) ;
#4857 = ORIENTED_EDGE ( 'NONE', *, *, #796, .F. ) ;
#4858 = ORIENTED_EDGE ( 'NONE', *, *, #3214, .T. ) ;
#4859 = CARTESIAN_POINT ( 'NONE',  ( -0.8082233602167164799, 0.2499999999999998890, -1.453655855443755307 ) ) ;
#4860 = DIRECTION ( 'NONE',  ( 0.000000000000000000, 0.000000000000000000, -1.000000000000000000 ) ) ;
#4861 = CARTESIAN_POINT ( 'NONE',  ( 0.000000000000000000, -0.4499999999999998446, -0.7600000000000001199 ) ) ;
#4862 = CARTESIAN_POINT ( 'NONE',  ( -0.4399999999999999467, 7.595024233627752722E-17, -0.1250000000000000000 ) ) ;
#4863 = ORIENTED_EDGE ( 'NONE', *, *, #5549, .F. ) ;
#4864 = DATE_AND_TIME ( #3436, #4771 ) ;
#4865 = AXIS2_PLACEMENT_3D ( 'NONE', #491, #4875, #2330 ) ;
#4866 = EDGE_CURVE ( 'NONE', #1738, #1791, #3667, .T. ) ;
#4867 = DIRECTION ( 'NONE',  ( 1.000000000000000000, 0.000000000000000000, 0.000000000000000000 ) ) ;
#4868 = AXIS2_PLACEMENT_3D ( 'NONE', #2845, #6342, #2877 ) ;
#4869 = CIRCLE ( 'NONE', #4347, 0.1199999999999999956 ) ;
#4870 = CARTESIAN_POINT ( 'NONE',  ( 0.4965495933270811513, 0.06058231651201918810, -0.07456147662160095280 ) ) ;
#4871 = CARTESIAN_POINT ( 'NONE',  ( -0.06249999999999995837, 0.3125000000000000555, -0.1250000000000000000 ) ) ;
#4872 = EDGE_CURVE ( 'NONE', #1791, #4926, #3216, .T. ) ;
#4873 = ORIENTED_EDGE ( 'NONE', *, *, #3118, .T. ) ;
#4874 = CARTESIAN_POINT ( 'NONE',  ( -0.2859995674928334508, 0.07780170914045644870, -1.182277341224983180 ) ) ;
#4875 = DIRECTION ( 'NONE',  ( 0.000000000000000000, 0.000000000000000000, 1.000000000000000000 ) ) ;
#4876 = ORIENTED_EDGE ( 'NONE', *, *, #5502, .T. ) ;
#4877 = CARTESIAN_POINT ( 'NONE',  ( -0.4166666666666667407, 0.2763853991962832435, -0.1250000000000000278 ) ) ;
#4878 = CARTESIAN_POINT ( 'NONE',  ( 0.7620242025675509900, -0.3221679253688782274, -1.351173275548079422 ) ) ;
#4879 = EDGE_CURVE ( 'NONE', #1696, #5047, #803, .T. ) ;
#4880 = VERTEX_POINT ( 'NONE', #6208 ) ;
#4881 = ADVANCED_FACE ( 'NONE', ( #351 ), #1782, .F. ) ;
#4882 = CARTESIAN_POINT ( 'NONE',  ( 0.4233861701869130467, -0.1114097445956911681, -1.627814019149128377 ) ) ;
#4883 = CARTESIAN_POINT ( 'NONE',  ( 0.07922805985789183048, 0.4032014456843227013, -1.263859618719866074 ) ) ;
#4884 = VECTOR ( 'NONE', #4565, 39.37007874015748143 ) ;
#4885 = VERTEX_POINT ( 'NONE', #5100 ) ;
#4886 = CARTESIAN_POINT ( 'NONE',  ( 0.4640639265841039474, -0.4085786437626903189, -0.2249999999999999778 ) ) ;
#4887 = CARTESIAN_POINT ( 'NONE',  ( 0.3769867190653533040, 0.1202117416594425253, -1.103655071046004466 ) ) ;
#4888 = CARTESIAN_POINT ( 'NONE',  ( 0.2574999999999999512, -2.681928579973956200E-17, -0.3197798846031684183 ) ) ;
#4889 = CARTESIAN_POINT ( 'NONE',  ( -0.5158908204012947474, -0.2871689407400370708, -0.1378367817105471127 ) ) ;
#4890 = EDGE_LOOP ( 'NONE', ( #984, #290, #5201, #655, #5159 ) ) ;
#4891 = CARTESIAN_POINT ( 'NONE',  ( 0.000000000000000000, -0.4792893218813452094, -0.7600000000000001199 ) ) ;
#4892 = AXIS2_PLACEMENT_3D ( 'NONE', #6148, #1725, #3669 ) ;
#4893 = VERTEX_POINT ( 'NONE', #701 ) ;
#4894 = DIRECTION ( 'NONE',  ( 0.5480721325930206778, 0.8364310715623484160, 0.000000000000000000 ) ) ;
#4895 = AXIS2_PLACEMENT_3D ( 'NONE', #6243, #5756, #1348 ) ;
#4896 = CARTESIAN_POINT ( 'NONE',  ( 0.2894414442658790332, -0.08166637967403068965, -0.3400697198289725498 ) ) ;
#4897 = CARTESIAN_POINT ( 'NONE',  ( -0.4554594413086235360, -0.09138670396986040001, -1.619003847738737623 ) ) ;
#4898 = VERTEX_POINT ( 'NONE', #2648 ) ;
#4899 = COORDINATED_UNIVERSAL_TIME_OFFSET ( 8, 0, .BEHIND. ) ;
#4900 = CIRCLE ( 'NONE', #1413, 0.09999999999999997780 ) ;
#4901 = AXIS2_PLACEMENT_3D ( 'NONE', #1866, #4412, #3305 ) ;
#4902 = DIRECTION ( 'NONE',  ( -0.000000000000000000, -0.000000000000000000, 1.000000000000000000 ) ) ;
#4903 = DIRECTION ( 'NONE',  ( 1.000000000000000000, 4.930380657631323784E-32, -3.663353113774463059E-16 ) ) ;
#4904 = CARTESIAN_POINT ( 'NONE',  ( 0.05322180821498558728, 0.2046626868108630815, -0.2527325224251236735 ) ) ;
#4905 = AXIS2_PLACEMENT_3D ( 'NONE', #2991, #6031, #4931 ) ;
#4906 = ORIENTED_EDGE ( 'NONE', *, *, #3272, .F. ) ;
#4907 = CARTESIAN_POINT ( 'NONE',  ( -0.4950133575512051798, 0.02462679791038738936, -0.8827856875268569325 ) ) ;
#4908 = CYLINDRICAL_SURFACE ( 'NONE', #5804, 0.1199999999999999956 ) ;
#4909 = EDGE_LOOP ( 'NONE', ( #5147, #3755 ) ) ;
#4910 = CARTESIAN_POINT ( 'NONE',  ( 0.1199999999999999956, 0.3125000000000000555, -1.641155855443755307 ) ) ;
#4911 = EDGE_CURVE ( 'NONE', #784, #4730, #5835, .T. ) ;
#4912 = DIRECTION ( 'NONE',  ( -1.000000000000000000, 0.000000000000000000, 0.000000000000000000 ) ) ;
#4913 = ORIENTED_EDGE ( 'NONE', *, *, #1890, .T. ) ;
#4914 = VECTOR ( 'NONE', #5125, 39.37007874015748143 ) ;
#4915 = CARTESIAN_POINT ( 'NONE',  ( 0.4669806395067010452, -0.08013984450205442756, -1.615296332675866031 ) ) ;
#4916 = CARTESIAN_POINT ( 'NONE',  ( 0.06249999999999981265, -0.5000000000000000000, -1.591155855443755041 ) ) ;
#4917 = CARTESIAN_POINT ( 'NONE',  ( -0.5013914046089062992, 0.3803218006416977937, -0.1250000000000000278 ) ) ;
#4918 = CARTESIAN_POINT ( 'NONE',  ( 0.2861462518881502382, 0.07797412916490815971, -1.182178067319573644 ) ) ;
#4919 = CIRCLE ( 'NONE', #2135, 0.1000000000000000056 ) ;
#4920 = EDGE_CURVE ( 'NONE', #4760, #2527, #318, .T. ) ;
#4921 = CARTESIAN_POINT ( 'NONE',  ( 0.5281309683165512636, 0.09003614513890155491, -0.1481856561309372600 ) ) ;
#4922 = DIRECTION ( 'NONE',  ( 5.463695987328526437E-15, 2.263136978634948859E-15, -1.000000000000000000 ) ) ;
#4923 = ORIENTED_EDGE ( 'NONE', *, *, #6112, .F. ) ;
#4924 = FACE_OUTER_BOUND ( 'NONE', #1103, .T. ) ;
#4925 = DIRECTION ( 'NONE',  ( -0.000000000000000000, -0.000000000000000000, 1.000000000000000000 ) ) ;
#4926 = VERTEX_POINT ( 'NONE', #1749 ) ;
#4927 = ORIENTED_EDGE ( 'NONE', *, *, #374, .F. ) ;
#4928 = DIRECTION ( 'NONE',  ( 1.000000000000000000, 0.000000000000000000, 0.000000000000000000 ) ) ;
#4929 = LINE ( 'NONE', #538, #5327 ) ;
#4930 = EDGE_CURVE ( 'NONE', #5332, #2857, #1276, .T. ) ;
#4931 = DIRECTION ( 'NONE',  ( 0.000000000000000000, 0.000000000000000000, 1.000000000000000000 ) ) ;
#4932 = DIRECTION ( 'NONE',  ( 0.000000000000000000, 0.000000000000000000, 1.000000000000000000 ) ) ;
#4933 = DIRECTION ( 'NONE',  ( 1.000000000000000000, 0.000000000000000000, 0.000000000000000000 ) ) ;
#4934 = ORIENTED_EDGE ( 'NONE', *, *, #3207, .T. ) ;
#4935 = COORDINATED_UNIVERSAL_TIME_OFFSET ( 8, 0, .BEHIND. ) ;
#4936 = LINE ( 'NONE', #5942, #1207 ) ;
#4937 = CARTESIAN_POINT ( 'NONE',  ( 0.4748176439893885825, 0.07047070309809601307, -0.5736172651740254480 ) ) ;
#4938 = DIRECTION ( 'NONE',  ( 0.000000000000000000, 0.4999999999999998335, -0.8660254037844385966 ) ) ;
#4939 = DIRECTION ( 'NONE',  ( 0.000000000000000000, 0.000000000000000000, 1.000000000000000000 ) ) ;
#4940 = CARTESIAN_POINT ( 'NONE',  ( 0.5110137031957188158, 0.1774609107567552690, -0.1336722072407234285 ) ) ;
#4941 = CARTESIAN_POINT ( 'NONE',  ( -0.4712146810614968317, 0.07518634433502148495, -0.9553302406716558393 ) ) ;
#4942 = PRODUCT_RELATED_PRODUCT_CATEGORY ( 'detail', '', ( #3793 ) ) ;
#4943 = CARTESIAN_POINT ( 'NONE',  ( 0.3303141063894683982, -0.5002886145048560662, -0.1241934459584975725 ) ) ;
#4944 = ORIENTED_EDGE ( 'NONE', *, *, #579, .T. ) ;
#4945 = CARTESIAN_POINT ( 'NONE',  ( -0.8082233602167164799, -0.2499999999999998890, -1.453655855443755307 ) ) ;
#4946 = CARTESIAN_POINT ( 'NONE',  ( 0.6805402808481525456, -0.3733749205415096140, -1.475029707930966216 ) ) ;
#4947 = ORIENTED_EDGE ( 'NONE', *, *, #2994, .T. ) ;
#4948 = CARTESIAN_POINT ( 'NONE',  ( 0.1192160996751501778, 0.3282789329277452928, -0.2641270285010950403 ) ) ;
#4949 = CARTESIAN_POINT ( 'NONE',  ( -0.4944317909923508503, 0.07589277001449805382, -0.07235079027321031364 ) ) ;
#4950 = EDGE_CURVE ( 'NONE', #5094, #5983, #5194, .T. ) ;
#4951 = AXIS2_PLACEMENT_3D ( 'NONE', #1521, #2026, #5445 ) ;
#4952 = CARTESIAN_POINT ( 'NONE',  ( 0.5599018960231026965, 0.2132406481429316158, -1.573203653827836446 ) ) ;
#4953 = CARTESIAN_POINT ( 'NONE',  ( 0.3227982538391436229, 0.1071876288963609924, -1.154965073601924797 ) ) ;
#4954 = CARTESIAN_POINT ( 'NONE',  ( 0.2593544250865711387, -0.02170150057294577273, -0.3208690241581598768 ) ) ;
#4955 = CARTESIAN_POINT ( 'NONE',  ( 0.4297007272410580669, 0.5000000000000000000, -0.1443947498903832560 ) ) ;
#4956 = CARTESIAN_POINT ( 'NONE',  ( 0.1176180769277987703, -0.2885279339306855984, -1.499825754857112781 ) ) ;
#4957 = ORIENTED_EDGE ( 'NONE', *, *, #1304, .T. ) ;
#4958 = EDGE_CURVE ( 'NONE', #455, #5035, #5226, .T. ) ;
#4959 = ORIENTED_EDGE ( 'NONE', *, *, #6165, .T. ) ;
#4960 = VERTEX_POINT ( 'NONE', #3670 ) ;
#4961 = CARTESIAN_POINT ( 'NONE',  ( -0.3125000000000002776, 0.3236121593216773062, -1.326155855443755360 ) ) ;
#4962 = CARTESIAN_POINT ( 'NONE',  ( 0.5057978580990837303, 0.2413936974032805383, -0.1295947554827710790 ) ) ;
#4963 = LINE ( 'NONE', #505, #6210 ) ;
#4964 = CARTESIAN_POINT ( 'NONE',  ( 0.5288947391744091009, -0.3537450982476827988, -0.1488540347296410660 ) ) ;
#4965 = ORIENTED_EDGE ( 'NONE', *, *, #4216, .F. ) ;
#4966 = VECTOR ( 'NONE', #1764, 39.37007874015748143 ) ;
#4967 = PLANE ( 'NONE',  #3967 ) ;
#4968 = EDGE_CURVE ( 'NONE', #4696, #857, #5214, .T. ) ;
#4969 = ADVANCED_FACE ( 'NONE', ( #4647 ), #2201, .T. ) ;
#4970 = CARTESIAN_POINT ( 'NONE',  ( 0.3082233602167161468, 0.5000000000000000000, -1.641155855443755307 ) ) ;
#4971 = CARTESIAN_POINT ( 'NONE',  ( 0.4785408919751162338, -0.1478650180512227075, -0.05618456567194320822 ) ) ;
#4972 = VECTOR ( 'NONE', #1854, 39.37007874015748143 ) ;
#4973 = CARTESIAN_POINT ( 'NONE',  ( -0.03149588066842998885, -0.4293654761663600050, -0.2507628314036233208 ) ) ;
#4974 = VECTOR ( 'NONE', #280, 39.37007874015748143 ) ;
#4975 = DIRECTION ( 'NONE',  ( -1.000000000000000000, 0.000000000000000000, 0.000000000000000000 ) ) ;
#4976 = ORIENTED_EDGE ( 'NONE', *, *, #4255, .F. ) ;
#4977 = CARTESIAN_POINT ( 'NONE',  ( -0.1169319426250672034, 0.2853182125291491844, -1.502320087756530809 ) ) ;
#4978 = AXIS2_PLACEMENT_3D ( 'NONE', #1700, #1260, #4109 ) ;
#4979 = CARTESIAN_POINT ( 'NONE',  ( 0.6542892966777719144, -0.3654143692754491801, -1.502157900612728580 ) ) ;
#4980 = EDGE_LOOP ( 'NONE', ( #1937, #5107, #2269, #731, #3034, #5029 ) ) ;
#4981 = CARTESIAN_POINT ( 'NONE',  ( 0.3993197982237513544, -0.4492083392001057218, -0.1250000000000000000 ) ) ;
#4982 = CARTESIAN_POINT ( 'NONE',  ( 0.09958752377334890993, 0.3802181807017856463, -1.260208253423478197 ) ) ;
#4983 = CARTESIAN_POINT ( 'NONE',  ( 0.07573593128806993535, 0.9242640687119286769, -0.02500000000000002220 ) ) ;
#4984 = CARTESIAN_POINT ( 'NONE',  ( 0.2071067811865481001, 0.5000000000000001110, -0.02500000000000000486 ) ) ;
#4985 = DIRECTION ( 'NONE',  ( -0.7554113999237332955, -0.000000000000000000, -0.6552508045514064960 ) ) ;
#4986 = DIRECTION ( 'NONE',  ( 1.000000000000000000, 0.000000000000000000, 0.000000000000000000 ) ) ;
#4987 = CARTESIAN_POINT ( 'NONE',  ( 0.1175909378482843243, -0.2883931974915964758, -1.407372939296638314 ) ) ;
#4988 = ORIENTED_EDGE ( 'NONE', *, *, #5760, .F. ) ;
#4989 = CARTESIAN_POINT ( 'NONE',  ( -0.5123017378428936786, 0.2719646697471349572, -0.1348781413438165655 ) ) ;
#4990 = VECTOR ( 'NONE', #6328, 39.37007874015748143 ) ;
#4991 = FACE_OUTER_BOUND ( 'NONE', #6089, .T. ) ;
#4992 = ORIENTED_EDGE ( 'NONE', *, *, #759, .T. ) ;
#4993 = CARTESIAN_POINT ( 'NONE',  ( 0.5123017378428733615, 0.2719646697471442276, -0.1348781413437997179 ) ) ;
#4994 = VERTEX_POINT ( 'NONE', #2658 ) ;
#4995 = ORIENTED_EDGE ( 'NONE', *, *, #5671, .F. ) ;
#4996 = CARTESIAN_POINT ( 'NONE',  ( 0.000000000000000000, -0.3124999999999999445, -1.641155855443755307 ) ) ;
#4997 = B_SPLINE_CURVE_WITH_KNOTS ( 'NONE', 3,
 ( #1943, #2323, #3935, #3379, #480, #2391, #2898, #5917, #5816, #1502, #1840, #2422, #2807, #5291, #932, #4777, #3347, #4904, #383, #4382, #3897, #4811, #2871, #899, #4288, #6272, #1472, #1905, #1441, #6370 ),
 .UNSPECIFIED., .F., .F.,
 ( 4, 2, 2, 2, 2, 2, 2, 2, 2, 2, 2, 2, 2, 2, 4 ),
 ( 0.009562998876815534746, 0.01075805245334840107, 0.01135557924161483337, 0.01195310602988126740, 0.01255063281814769970, 0.01314815960641413199, 0.01434321318294699658, 0.01494073997121343061, 0.01553826675947986291, 0.01613579354774629521, 0.01673332033601272750, 0.01733084712427915980, 0.01792837391254559209, 0.01852590070081202439, 0.01912342748907845669 ),
 .UNSPECIFIED. ) ;
#4998 = DIRECTION ( 'NONE',  ( 1.000000000000000000, -0.000000000000000000, -9.106159978880878627E-17 ) ) ;
#4999 = ADVANCED_FACE ( 'NONE', ( #4102 ), #5626, .T. ) ;
#5000 = DIRECTION ( 'NONE',  ( 0.8364310715623437531, 0.5480721325930277832, 5.712506361715096685E-16 ) ) ;
#5001 = VERTEX_POINT ( 'NONE', #1217 ) ;
#5002 = CARTESIAN_POINT ( 'NONE',  ( -0.06250000000000026368, -0.4149390062427391612, -1.266155855443755529 ) ) ;
#5003 = CARTESIAN_POINT ( 'NONE',  ( -0.4682200722196740994, -0.1754136937944219821, -0.04643260993721696345 ) ) ;
#5004 = CARTESIAN_POINT ( 'NONE',  ( 0.06249999999999980571, 0.5000000000000000000, -1.641155855443755307 ) ) ;
#5005 = VECTOR ( 'NONE', #2294, 39.37007874015748143 ) ;
#5006 = CARTESIAN_POINT ( 'NONE',  ( -0.4751113105653717028, -0.1593056673253291922, -0.1043817056592448306 ) ) ;
#5007 = ADVANCED_FACE ( 'NONE', ( #6078 ), #5013, .F. ) ;
#5008 = VECTOR ( 'NONE', #5509, 39.37007874015748143 ) ;
#5009 = CIRCLE ( 'NONE', #90, 0.1200000000000000233 ) ;
#5010 = CIRCLE ( 'NONE', #4695, 0.5000000000000001110 ) ;
#5011 = DIRECTION ( 'NONE',  ( 1.000000000000000000, -0.000000000000000000, -0.000000000000000000 ) ) ;
#5012 = ORIENTED_EDGE ( 'NONE', *, *, #3720, .T. ) ;
#5013 =( BOUNDED_SURFACE ( )  B_SPLINE_SURFACE ( 3, 2, ( 
 ( #1286, #5563, #5664 ),
 ( #2720, #4204, #3633 ),
 ( #710, #5203, #1757 ),
 ( #1152, #2167, #4131 ),
 ( #5629, #3094, #5692 ),
 ( #2625, #807, #4681 ),
 ( #2756, #1726, #1251 ),
 ( #291, #5594, #6213 ) ),
 .UNSPECIFIED., .F., .F., .F. ) 
 B_SPLINE_SURFACE_WITH_KNOTS ( ( 4, 2, 2, 4 ),
 ( 3, 3 ),
 ( 0.005148066606161458454, 0.006031799781880399849, 0.006915532957599342112, 0.008682999309037224903 ),
 ( 0.000000000000000000, 1.000000000000000000 ),
 .UNSPECIFIED. ) 
 GEOMETRIC_REPRESENTATION_ITEM ( )  RATIONAL_B_SPLINE_SURFACE ( (
 ( 1.000000000000000000, 0.7071067811865471286, 1.000000000000000000),
 ( 1.000000000000000000, 0.7260528326951412037, 1.000000000000000000),
 ( 1.000000000000000000, 0.7440915874129426788, 1.000000000000000000),
 ( 1.000000000000000000, 0.7780661725399603545, 1.000000000000000000),
 ( 1.000000000000000000, 0.7940571904122890601, 1.000000000000000000),
 ( 1.000000000000000000, 0.8392428365668633816, 1.000000000000000000),
 ( 1.000000000000000000, 0.8656621213124204850, 1.000000000000000000),
 ( 1.000000000000000000, 0.8886281962971869230, 1.000000000000000000) ) ) 
 REPRESENTATION_ITEM ( '' )  SURFACE ( )  );
#5014 = CARTESIAN_POINT ( 'NONE',  ( 0.4162621494360832508, 0.4775330212873193925, -0.1249999999999999722 ) ) ;
#5015 = EDGE_CURVE ( 'NONE', #370, #4893, #479, .T. ) ;
#5016 = AXIS2_PLACEMENT_3D ( 'NONE', #4804, #2959, #3785 ) ;
#5017 = CARTESIAN_POINT ( 'NONE',  ( 0.7271916466731207507, -0.3688855796870236792, -1.414203209294059072 ) ) ;
#5018 = ORIENTED_EDGE ( 'NONE', *, *, #957, .F. ) ;
#5019 = DIRECTION ( 'NONE',  ( -0.000000000000000000, -0.000000000000000000, 1.000000000000000000 ) ) ;
#5020 = DIRECTION ( 'NONE',  ( 0.000000000000000000, 0.000000000000000000, 1.000000000000000000 ) ) ;
#5021 = DIRECTION ( 'NONE',  ( 1.000000000000000000, 0.000000000000000000, 0.000000000000000000 ) ) ;
#5022 = CARTESIAN_POINT ( 'NONE',  ( -0.3155551913258478613, 0.1027756813566453598, -1.453655855443755307 ) ) ;
#5023 = CARTESIAN_POINT ( 'NONE',  ( 0.07013380148113630697, -0.2147185222717451214, -1.502586101700772891 ) ) ;
#5024 = ORIENTED_EDGE ( 'NONE', *, *, #3459, .T. ) ;
#5025 = CARTESIAN_POINT ( 'NONE',  ( -0.4503178351535815360, 0.09616150679896151576, -0.5197088984921930388 ) ) ;
#5026 = LINE ( 'NONE', #5472, #5778 ) ;
#5027 = ORIENTED_EDGE ( 'NONE', *, *, #5440, .T. ) ;
#5028 = CARTESIAN_POINT ( 'NONE',  ( 0.4882553789457751980, 0.2789792777488164788, -0.1204537496168056887 ) ) ;
#5029 = ORIENTED_EDGE ( 'NONE', *, *, #691, .F. ) ;
#5030 = ORIENTED_EDGE ( 'NONE', *, *, #1930, .T. ) ;
#5031 = CARTESIAN_POINT ( 'NONE',  ( 0.1095634331970495728, -0.2625071905676160111, -1.258118284938778420 ) ) ;
#5032 = DIRECTION ( 'NONE',  ( 0.000000000000000000, -1.000000000000000000, 0.000000000000000000 ) ) ;
#5033 = AXIS2_PLACEMENT_3D ( 'NONE', #6141, #1720, #3566 ) ;
#5034 = DIRECTION ( 'NONE',  ( 0.000000000000000000, 0.000000000000000000, 1.000000000000000000 ) ) ;
#5035 = VERTEX_POINT ( 'NONE', #325 ) ;
#5036 = CARTESIAN_POINT ( 'NONE',  ( -0.06250000000000006939, -0.2100609937572605612, -1.266155855443755529 ) ) ;
#5037 = LINE ( 'NONE', #4572, #5625 ) ;
#5038 = EDGE_CURVE ( 'NONE', #1100, #1430, #2264, .T. ) ;
#5039 = CARTESIAN_POINT ( 'NONE',  ( -0.06250000000000006939, -0.4375000000000000000, -1.266155855443755529 ) ) ;
#5040 = CARTESIAN_POINT ( 'NONE',  ( 0.5000000000000000000, 0.3316624790355399144, -0.02500000000000002220 ) ) ;
#5041 = CARTESIAN_POINT ( 'NONE',  ( -0.3775000000000000022, 6.829619984160658046E-17, -1.641155855443755307 ) ) ;
#5042 = EDGE_CURVE ( 'NONE', #1963, #6194, #1239, .T. ) ;
#5043 = FACE_OUTER_BOUND ( 'NONE', #2184, .T. ) ;
#5044 = EDGE_LOOP ( 'NONE', ( #3460, #909, #4690 ) ) ;
#5045 = CARTESIAN_POINT ( 'NONE',  ( -0.1101755064027897107, 0.2643308219851029928, -1.512429852169334676 ) ) ;
#5046 = DIRECTION ( 'NONE',  ( -0.000000000000000000, -0.000000000000000000, 1.000000000000000000 ) ) ;
#5047 = VERTEX_POINT ( 'NONE', #2005 ) ;
#5048 = CARTESIAN_POINT ( 'NONE',  ( 0.000000000000000000, 0.000000000000000000, -0.1250000000000000000 ) ) ;
#5049 = EDGE_CURVE ( 'NONE', #297, #5991, #1714, .T. ) ;
#5050 = CARTESIAN_POINT ( 'NONE',  ( 0.7563928366284548011, 0.1635079077647726975, -1.362936471545413974 ) ) ;
#5051 = CARTESIAN_POINT ( 'NONE',  ( -0.1875000000000000278, 2.296212748401287726E-17, -0.06250000000000001388 ) ) ;
#5052 = DIRECTION ( 'NONE',  ( -0.000000000000000000, -0.000000000000000000, 1.000000000000000000 ) ) ;
#5053 = CARTESIAN_POINT ( 'NONE',  ( 0.1199160947303803959, -0.3079391929264443939, -1.437549895822697321 ) ) ;
#5054 = ORIENTED_EDGE ( 'NONE', *, *, #2559, .F. ) ;
#5055 = DIRECTION ( 'NONE',  ( 0.000000000000000000, 0.000000000000000000, -1.000000000000000000 ) ) ;
#5056 = CARTESIAN_POINT ( 'NONE',  ( -0.4242640687119291210, -0.4242640687119278997, -0.02500000000000002220 ) ) ;
#5057 = ORIENTED_EDGE ( 'NONE', *, *, #733, .F. ) ;
#5058 = CARTESIAN_POINT ( 'NONE',  ( 0.5000000000000001110, 0.2104964325533064118, -0.1250000000000000555 ) ) ;
#5059 = EDGE_LOOP ( 'NONE', ( #3018, #2698 ) ) ;
#5060 = VERTEX_POINT ( 'NONE', #3739 ) ;
#5061 = CARTESIAN_POINT ( 'NONE',  ( 0.5502848193546797662, -0.2499999999999998890, -1.578655855443755085 ) ) ;
#5062 = FACE_BOUND ( 'NONE', #4213, .T. ) ;
#5063 = B_SPLINE_CURVE_WITH_KNOTS ( 'NONE', 3,
 ( #1549, #3484, #2472, #5468 ),
 .UNSPECIFIED., .F., .F.,
 ( 4, 4 ),
 ( 0.000000000000000000, 0.0002882219031560814609 ),
 .UNSPECIFIED. ) ;
#5064 = FACE_BOUND ( 'NONE', #3194, .T. ) ;
#5065 = ORIENTED_EDGE ( 'NONE', *, *, #1695, .T. ) ;
#5066 = CARTESIAN_POINT ( 'NONE',  ( 0.1024390062427393416, -0.2499999999999998890, -1.393655855443755476 ) ) ;
#5067 = ADVANCED_FACE ( 'NONE', ( #6247 ), #841, .T. ) ;
#5068 = FACE_OUTER_BOUND ( 'NONE', #1995, .T. ) ;
#5069 = EDGE_LOOP ( 'NONE', ( #6013, #4579, #5251, #461 ) ) ;
#5070 = CARTESIAN_POINT ( 'NONE',  ( -0.5457102019574745499, -0.1763878406783228325, -1.581155855443755476 ) ) ;
#5071 = EDGE_CURVE ( 'NONE', #4037, #2213, #5735, .T. ) ;
#5072 = AXIS2_PLACEMENT_3D ( 'NONE', #4519, #2530, #130 ) ;
#5073 = VERTEX_POINT ( 'NONE', #5759 ) ;
#5074 = CARTESIAN_POINT ( 'NONE',  ( 0.3775000000000000022, 6.829619984160658046E-17, -1.641155855443755307 ) ) ;
#5075 = CARTESIAN_POINT ( 'NONE',  ( 0.3082233602167161468, 0.5000000000000000000, -1.141155855443755307 ) ) ;
#5076 = FACE_OUTER_BOUND ( 'NONE', #6000, .T. ) ;
#5077 = CARTESIAN_POINT ( 'NONE',  ( -0.7789340383353708930, -0.4792893218813452094, -1.141155855443755085 ) ) ;
#5078 = AXIS2_PLACEMENT_3D ( 'NONE', #2973, #5435, #2435 ) ;
#5079 = LOCAL_TIME ( 17, 50, 1.000000000000000000, #4899 ) ;
#5080 = EDGE_CURVE ( 'NONE', #202, #1491, #2742, .T. ) ;
#5081 = ADVANCED_FACE ( 'NONE', ( #2329 ), #6276, .F. ) ;
#5082 = CARTESIAN_POINT ( 'NONE',  ( 0.5599463986606418864, 0.2868435768220889415, -1.573177763535946294 ) ) ;
#5083 = VERTEX_POINT ( 'NONE', #5383 ) ;
#5084 = CARTESIAN_POINT ( 'NONE',  ( -0.3227620332396771152, 0.1071693202922871790, -0.3650053378980522845 ) ) ;
#5085 = CARTESIAN_POINT ( 'NONE',  ( 0.09986236853956724502, -0.2457768287078314906, -1.393655855443755476 ) ) ;
#5086 = ORIENTED_EDGE ( 'NONE', *, *, #6145, .F. ) ;
#5087 = CARTESIAN_POINT ( 'NONE',  ( 0.4978649295786445328, 0.2272400960492983180, -0.1233188421879090890 ) ) ;
#5088 = ORIENTED_EDGE ( 'NONE', *, *, #3028, .T. ) ;
#5089 = ORIENTED_EDGE ( 'NONE', *, *, #4356, .F. ) ;
#5090 = CARTESIAN_POINT ( 'NONE',  ( 0.7167002632363022041, -0.1270607568441859681, -1.429660885673773807 ) ) ;
#5091 = DIRECTION ( 'NONE',  ( -0.000000000000000000, -0.000000000000000000, -1.000000000000000000 ) ) ;
#5092 = EDGE_CURVE ( 'NONE', #342, #5983, #5309, .T. ) ;
#5093 = CARTESIAN_POINT ( 'NONE',  ( -0.3082233602167164799, 0.09798340257583017243, -1.641155855443755307 ) ) ;
#5094 = VERTEX_POINT ( 'NONE', #32 ) ;
#5095 = CARTESIAN_POINT ( 'NONE',  ( -0.06250000000000020817, 0.2100609937572608110, -1.641155855443755307 ) ) ;
#5096 = DIRECTION ( 'NONE',  ( 0.000000000000000000, -1.000000000000000000, 0.000000000000000000 ) ) ;
#5097 = CARTESIAN_POINT ( 'NONE',  ( -0.5000000000000000000, 0.2104964325533064118, -0.1250000000000001110 ) ) ;
#5098 = FACE_OUTER_BOUND ( 'NONE', #225, .T. ) ;
#5099 = B_SPLINE_CURVE_WITH_KNOTS ( 'NONE', 3,
 ( #5962, #3913, #2538, #1061, #4011, #6352 ),
 .UNSPECIFIED., .F., .F.,
 ( 4, 2, 4 ),
 ( 0.000000000000000000, 0.0006740853117301637580, 0.001348170623460328166 ),
 .UNSPECIFIED. ) ;
#5100 = CARTESIAN_POINT ( 'NONE',  ( -0.5295890070392446081, 0.3803218006416977381, -0.1494588600076266482 ) ) ;
#5101 = DIRECTION ( 'NONE',  ( -0.000000000000000000, -0.000000000000000000, 1.000000000000000000 ) ) ;
#5102 = FACE_OUTER_BOUND ( 'NONE', #2607, .T. ) ;
#5103 = CIRCLE ( 'NONE', #4892, 0.5000000000000000000 ) ;
#5104 = CARTESIAN_POINT ( 'NONE',  ( 0.000000000000000000, -0.4375000000000000000, -0.7600000000000001199 ) ) ;
#5105 = CARTESIAN_POINT ( 'NONE',  ( -0.1195805398366424077, 0.3019826966860209572, -1.484686236418330640 ) ) ;
#5106 = AXIS2_PLACEMENT_3D ( 'NONE', #5705, #2851, #2337 ) ;
#5107 = ORIENTED_EDGE ( 'NONE', *, *, #5875, .F. ) ;
#5108 = DIRECTION ( 'NONE',  ( 0.000000000000000000, 0.000000000000000000, -1.000000000000000000 ) ) ;
#5109 = CARTESIAN_POINT ( 'NONE',  ( 0.3540739776788597304, 0.4837259163330031586, -0.1248391628715039697 ) ) ;
#5110 = CARTESIAN_POINT ( 'NONE',  ( 0.5295890070392446081, 0.3803218006416977937, -0.1494588600076266205 ) ) ;
#5111 = ADVANCED_FACE ( 'NONE', ( #959 ), #2431, .T. ) ;
#5112 = CIRCLE ( 'NONE', #703, 0.4474999999999997868 ) ;
#5113 = CARTESIAN_POINT ( 'NONE',  ( -0.3993197982237520760, -0.4492083392001049447, -0.2249999999999999778 ) ) ;
#5114 = LINE ( 'NONE', #2049, #3223 ) ;
#5115 = CARTESIAN_POINT ( 'NONE',  ( -0.4700671852836365017, 0.3594474359592117474, -0.1247499324974568335 ) ) ;
#5116 = AXIS2_PLACEMENT_3D ( 'NONE', #2443, #4794, #6260 ) ;
#5117 = ORIENTED_EDGE ( 'NONE', *, *, #1311, .T. ) ;
#5118 = CARTESIAN_POINT ( 'NONE',  ( -0.3465015724802473218, 0.1162246157195450103, -0.3856375673449407016 ) ) ;
#5119 = CARTESIAN_POINT ( 'NONE',  ( 0.000000000000000000, 0.000000000000000000, 0.000000000000000000 ) ) ;
#5120 = EDGE_LOOP ( 'NONE', ( #127, #3937, #5027, #3502, #2499 ) ) ;
#5121 = CARTESIAN_POINT ( 'NONE',  ( 0.5199265109473555357, 0.3022088300667173377, -0.1412097098256074046 ) ) ;
#5122 = EDGE_LOOP ( 'NONE', ( #113, #1953, #6132, #3941, #5971, #5574, #2070, #5511, #333 ) ) ;
#5123 = EDGE_CURVE ( 'NONE', #6087, #2636, #447, .T. ) ;
#5124 = VERTEX_POINT ( 'NONE', #3440 ) ;
#5125 = DIRECTION ( 'NONE',  ( 0.000000000000000000, -0.000000000000000000, -1.000000000000000000 ) ) ;
#5126 = CARTESIAN_POINT ( 'NONE',  ( 0.1151414363947840108, 0.2785213046831045980, -1.506592631473656407 ) ) ;
#5127 = ORIENTED_EDGE ( 'NONE', *, *, #3124, .T. ) ;
#5128 = CARTESIAN_POINT ( 'NONE',  ( -0.1186775603642944016, -0.3330059031392937907, -1.256006793407223210 ) ) ;
#5129 = FACE_OUTER_BOUND ( 'NONE', #3030, .T. ) ;
#5130 = ORIENTED_EDGE ( 'NONE', *, *, #2007, .T. ) ;
#5131 = VECTOR ( 'NONE', #2986, 39.37007874015748143 ) ;
#5132 = EDGE_CURVE ( 'NONE', #270, #2703, #4997, .T. ) ;
#5133 = EDGE_CURVE ( 'NONE', #5035, #5609, #5880, .T. ) ;
#5134 = DIRECTION ( 'NONE',  ( -0.000000000000000000, -0.000000000000000000, -1.000000000000000000 ) ) ;
#5135 = AXIS2_PLACEMENT_3D ( 'NONE', #5597, #3122, #740 ) ;
#5136 = CARTESIAN_POINT ( 'NONE',  ( 0.4748490257428326644, -0.3378888418270146188, -0.1235941235222208640 ) ) ;
#5137 = CYLINDRICAL_SURFACE ( 'NONE', #187, 0.5099999999999997868 ) ;
#5138 = CARTESIAN_POINT ( 'NONE',  ( -0.3476013752016728353, -0.5000000000000000000, -0.1257184784168876024 ) ) ;
#5139 = ORIENTED_EDGE ( 'NONE', *, *, #3933, .T. ) ;
#5140 = LINE ( 'NONE', #3152, #5005 ) ;
#5141 = CARTESIAN_POINT ( 'NONE',  ( 0.3270189340712463810, -0.1027756813566453598, -1.453655855443755529 ) ) ;
#5142 = CARTESIAN_POINT ( 'NONE',  ( -0.4993085526582541900, 0.03042282947346118191, -0.07745356395733929422 ) ) ;
#5143 = CARTESIAN_POINT ( 'NONE',  ( 0.5502848193546797662, 0.2451845430964979811, -1.578655855443755085 ) ) ;
#5144 = DIRECTION ( 'NONE',  ( -0.000000000000000000, -0.000000000000000000, 1.000000000000000000 ) ) ;
#5145 = CARTESIAN_POINT ( 'NONE',  ( -0.1186450381994597209, -0.2942780897080126690, -1.412968077196637529 ) ) ;
#5146 = EDGE_CURVE ( 'NONE', #2213, #5073, #5389, .T. ) ;
#5147 = ORIENTED_EDGE ( 'NONE', *, *, #3852, .T. ) ;
#5148 = CARTESIAN_POINT ( 'NONE',  ( -0.4290520619355514542, -0.1085506451441901610, -1.035910267480021574 ) ) ;
#5149 = DIRECTION ( 'NONE',  ( 0.000000000000000000, 0.000000000000000000, 1.000000000000000000 ) ) ;
#5150 = ORIENTED_EDGE ( 'NONE', *, *, #5953, .T. ) ;
#5151 = ORIENTED_EDGE ( 'NONE', *, *, #641, .F. ) ;
#5152 = ORIENTED_EDGE ( 'NONE', *, *, #2707, .T. ) ;
#5153 = CARTESIAN_POINT ( 'NONE',  ( -0.3919520591349824334, -0.4939650176103882462, -0.1261467606890305793 ) ) ;
#5154 = CARTESIAN_POINT ( 'NONE',  ( -0.5280535665903968168, 0.09060967841790218413, -0.1481187145407357186 ) ) ;
#5155 = CARTESIAN_POINT ( 'NONE',  ( 0.1195799636697297136, 0.3019755122074571640, -1.422613118487765949 ) ) ;
#5156 = EDGE_CURVE ( 'NONE', #2517, #205, #4491, .T. ) ;
#5157 = ORIENTED_EDGE ( 'NONE', *, *, #1881, .T. ) ;
#5158 = CARTESIAN_POINT ( 'NONE',  ( -0.3993197982237521315, 0.4492083392001050002, -0.1250000000000000000 ) ) ;
#5159 = ORIENTED_EDGE ( 'NONE', *, *, #2401, .F. ) ;
#5160 = DIRECTION ( 'NONE',  ( -1.000000000000000000, 0.000000000000000000, 0.000000000000000000 ) ) ;
#5161 = EDGE_CURVE ( 'NONE', #3870, #5083, #190, .T. ) ;
#5162 = EDGE_CURVE ( 'NONE', #2445, #5608, #5355, .T. ) ;
#5163 = CARTESIAN_POINT ( 'NONE',  ( -0.2590148785302567314, -0.02182552414186082410, -0.3206567191552717744 ) ) ;
#5164 = CARTESIAN_POINT ( 'NONE',  ( 0.4242640687119292875, 0.4242640687119279552, -0.02500000000000002220 ) ) ;
#5165 = DIRECTION ( 'NONE',  ( 1.000000000000000000, 0.000000000000000000, 0.000000000000000000 ) ) ;
#5166 = DIRECTION ( 'NONE',  ( -0.000000000000000000, -1.000000000000000000, -0.000000000000000000 ) ) ;
#5167 = CARTESIAN_POINT ( 'NONE',  ( -0.06250000000000020817, -0.4792893218813452094, -1.611866533562409831 ) ) ;
#5168 = EDGE_LOOP ( 'NONE', ( #5372, #5970, #3506, #4190, #1883 ) ) ;
#5169 = LINE ( 'NONE', #771, #4066 ) ;
#5170 = DIRECTION ( 'NONE',  ( 1.000000000000000000, -0.000000000000000000, -9.106159978880878627E-17 ) ) ;
#5171 = CYLINDRICAL_SURFACE ( 'NONE', #4767, 0.5000000000000001110 ) ;
#5172 = DIRECTION ( 'NONE',  ( 0.8581933334987861262, 0.5133266039650014045, -3.505825632840696119E-16 ) ) ;
#5173 = CIRCLE ( 'NONE', #3204, 0.4499999999999995670 ) ;
#5174 = CARTESIAN_POINT ( 'NONE',  ( -0.1199168726120089373, -0.3079606357400833105, -1.469684546767528577 ) ) ;
#5175 = ORIENTED_EDGE ( 'NONE', *, *, #3789, .T. ) ;
#5176 = CARTESIAN_POINT ( 'NONE',  ( -0.4593856015821866090, -0.08851634229861368719, -0.9823735668357824746 ) ) ;
#5177 = CARTESIAN_POINT ( 'NONE',  ( -0.06250000000000020817, 0.5000000000000000000, -1.641155855443755307 ) ) ;
#5178 = DIRECTION ( 'NONE',  ( 0.000000000000000000, 0.000000000000000000, 1.000000000000000000 ) ) ;
#5179 = ORIENTED_EDGE ( 'NONE', *, *, #4751, .F. ) ;
#5180 = CIRCLE ( 'NONE', #1586, 0.1000000000000000194 ) ;
#5181 = VERTEX_POINT ( 'NONE', #6299 ) ;
#5182 = EDGE_LOOP ( 'NONE', ( #1876, #3845, #5701, #2885, #5839 ) ) ;
#5183 = CARTESIAN_POINT ( 'NONE',  ( -0.5196219572783835616, -0.1426484754019533285, -0.1409079103521394538 ) ) ;
#5184 = CIRCLE ( 'NONE', #773, 0.09999999999999999167 ) ;
#5185 = CARTESIAN_POINT ( 'NONE',  ( -0.5000068663081347342, -0.03240452804297174610, -0.1233982996327608606 ) ) ;
#5186 = CARTESIAN_POINT ( 'NONE',  ( 0.1199697580353877302, 0.3083299027014014815, -1.437446973995878841 ) ) ;
#5187 = ORIENTED_EDGE ( 'NONE', *, *, #261, .F. ) ;
#5188 = CARTESIAN_POINT ( 'NONE',  ( -0.3082233602167163133, -0.4792893218813450984, -1.141155855443755307 ) ) ;
#5189 = ORIENTED_EDGE ( 'NONE', *, *, #5133, .F. ) ;
#5190 = DIRECTION ( 'NONE',  ( 0.000000000000000000, 0.000000000000000000, 1.000000000000000000 ) ) ;
#5191 = EDGE_CURVE ( 'NONE', #4384, #16, #1408, .T. ) ;
#5192 = DIRECTION ( 'NONE',  ( 0.000000000000000000, -1.000000000000000000, 0.000000000000000000 ) ) ;
#5193 = CARTESIAN_POINT ( 'NONE',  ( -0.3082233602167164799, 0.4499999999999987343, -1.641155855443755307 ) ) ;
#5194 = LINE ( 'NONE', #4224, #1208 ) ;
#5195 = CARTESIAN_POINT ( 'NONE',  ( 0.5618640866636089859, 0.2104964325533059677, -0.04643260993721710223 ) ) ;
#5196 = CARTESIAN_POINT ( 'NONE',  ( 0.4777984767417232104, -0.3169356545511292644, -0.1213857510507520832 ) ) ;
#5197 = EDGE_CURVE ( 'NONE', #4420, #2857, #5112, .T. ) ;
#5198 = CARTESIAN_POINT ( 'NONE',  ( -0.1024390062427397163, -0.2499999999999991118, -1.393655855443754366 ) ) ;
#5199 = CARTESIAN_POINT ( 'NONE',  ( -0.3546668071700112002, -0.1263489773778734004, -1.494486001854383739 ) ) ;
#5200 = DIRECTION ( 'NONE',  ( 0.000000000000000000, 0.000000000000000000, -1.000000000000000000 ) ) ;
#5201 = ORIENTED_EDGE ( 'NONE', *, *, #2597, .T. ) ;
#5202 = CARTESIAN_POINT ( 'NONE',  ( -0.5457102019574745499, -0.1763878406783228325, -1.581155855443755476 ) ) ;
#5203 = CARTESIAN_POINT ( 'NONE',  ( 0.4238510346673349249, -0.2654139267921793999, -0.1152754446691460349 ) ) ;
#5204 = CARTESIAN_POINT ( 'NONE',  ( -0.4040272625350507241, 0.5158809336128565848, -0.1447270263949175240 ) ) ;
#5205 = CARTESIAN_POINT ( 'NONE',  ( -0.3082233602167163133, -0.5000000000000000000, -1.141155855443755307 ) ) ;
#5206 = ADVANCED_FACE ( 'NONE', ( #6106 ), #3629, .F. ) ;
#5207 = TOROIDAL_SURFACE ( 'NONE', #3537, 0.7082233602167162800, 0.09999999999999997780 ) ;
#5208 = CARTESIAN_POINT ( 'NONE',  ( -0.08086553347694018512, -0.2237120860699079450, -1.507710948136631979 ) ) ;
#5209 = ORIENTED_EDGE ( 'NONE', *, *, #106, .F. ) ;
#5210 = CARTESIAN_POINT ( 'NONE',  ( 0.000000000000000000, 0.000000000000000000, 0.000000000000000000 ) ) ;
#5211 = CIRCLE ( 'NONE', #6353, 0.06249999999999995143 ) ;
#5212 = CARTESIAN_POINT ( 'NONE',  ( -0.3993197982237520760, -0.4492083392001050002, -0.1250000000000000278 ) ) ;
#5213 = CARTESIAN_POINT ( 'NONE',  ( -0.1138447339846432732, -0.2737583725061566997, -0.2628593135561930194 ) ) ;
#5214 = CIRCLE ( 'NONE', #3039, 0.1000000000000000194 ) ;
#5215 = VERTEX_POINT ( 'NONE', #5755 ) ;
#5216 = ORIENTED_EDGE ( 'NONE', *, *, #609, .T. ) ;
#5217 = VERTEX_POINT ( 'NONE', #800 ) ;
#5218 = CARTESIAN_POINT ( 'NONE',  ( -0.3415972620303005525, -0.5244702343215742468, -0.1273978959403488653 ) ) ;
#5219 = CIRCLE ( 'NONE', #3654, 0.1000000000000000472 ) ;
#5220 = CARTESIAN_POINT ( 'NONE',  ( -0.4513714592164497774, 0.09518401426171974045, -1.620298381635219664 ) ) ;
#5221 = VERTEX_POINT ( 'NONE', #3346 ) ;
#5222 = APPROVAL ( #1900, 'UNSPECIFIED' ) ;
#5223 = B_SPLINE_CURVE_WITH_KNOTS ( 'NONE', 3,
 ( #2687, #257, #4168, #6182 ),
 .UNSPECIFIED., .F., .F.,
 ( 4, 4 ),
 ( 1.637729640115558366E-16, 0.002167978304660646196 ),
 .UNSPECIFIED. ) ;
#5224 = VERTEX_POINT ( 'NONE', #1346 ) ;
#5225 = CARTESIAN_POINT ( 'NONE',  ( -0.2071067811865479336, -0.5000000000000000000, -0.02500000000000000486 ) ) ;
#5226 = LINE ( 'NONE', #4462, #4379 ) ;
#5227 = FACE_OUTER_BOUND ( 'NONE', #1849, .T. ) ;
#5228 = ADVANCED_FACE ( 'NONE', ( #1281 ), #2436, .T. ) ;
#5229 = CARTESIAN_POINT ( 'NONE',  ( 0.1192163349516554838, -0.3283017554337326338, -0.2641270382423278051 ) ) ;
#5230 = CARTESIAN_POINT ( 'NONE',  ( 0.4640639265841042249, -0.3803218006416975716, -0.1250000000000000000 ) ) ;
#5231 = VECTOR ( 'NONE', #2543, 39.37007874015748143 ) ;
#5232 = CARTESIAN_POINT ( 'NONE',  ( 0.1199999999999999956, -0.3124999999999999445, -1.255681349255749035 ) ) ;
#5233 = DIRECTION ( 'NONE',  ( 1.000000000000000000, 0.000000000000000000, 0.000000000000000000 ) ) ;
#5234 = EDGE_CURVE ( 'NONE', #4837, #963, #4317, .T. ) ;
#5235 = ORIENTED_EDGE ( 'NONE', *, *, #2567, .F. ) ;
#5236 = CARTESIAN_POINT ( 'NONE',  ( -0.6565112028162556346, -0.1330800025639138906, -1.506144479463631614 ) ) ;
#5237 = CARTESIAN_POINT ( 'NONE',  ( 0.4449144676702399548, 0.09946188317333747031, -0.5104852602392119243 ) ) ;
#5238 = DIRECTION ( 'NONE',  ( -0.000000000000000000, -1.000000000000000000, -0.000000000000000000 ) ) ;
#5239 = DIRECTION ( 'NONE',  ( 0.000000000000000000, -1.000000000000000000, 0.000000000000000000 ) ) ;
#5240 = CARTESIAN_POINT ( 'NONE',  ( -0.06250000000000020817, 0.5000000000000000000, -1.641155855443755307 ) ) ;
#5241 = EDGE_CURVE ( 'NONE', #3417, #4248, #6237, .T. ) ;
#5242 = EDGE_LOOP ( 'NONE', ( #2677, #4959 ) ) ;
#5243 = CARTESIAN_POINT ( 'NONE',  ( -0.3993197982237521315, 0.4492083392001050002, -0.1250000000000000000 ) ) ;
#5244 = CARTESIAN_POINT ( 'NONE',  ( 0.06018375635154150222, -0.2083840293928209408, -0.2535203473145108410 ) ) ;
#5245 = ORIENTED_EDGE ( 'NONE', *, *, #1462, .F. ) ;
#5246 = ORIENTED_EDGE ( 'NONE', *, *, #570, .T. ) ;
#5247 = ORIENTED_EDGE ( 'NONE', *, *, #2870, .T. ) ;
#5248 = FACE_OUTER_BOUND ( 'NONE', #6052, .T. ) ;
#5249 = CARTESIAN_POINT ( 'NONE',  ( -0.3303141063894678986, -0.5002886145048562883, -0.1241934459584974892 ) ) ;
#5250 = CARTESIAN_POINT ( 'NONE',  ( -0.4978649295785456674, -0.2272400960493110300, -0.1233188421878312069 ) ) ;
#5251 = ORIENTED_EDGE ( 'NONE', *, *, #1256, .T. ) ;
#5252 = CARTESIAN_POINT ( 'NONE',  ( 0.2565440128281854526, -0.4999999999999999445, -0.1175494932700432149 ) ) ;
#5253 = ORIENTED_EDGE ( 'NONE', *, *, #2590, .T. ) ;
#5254 = CARTESIAN_POINT ( 'NONE',  ( 0.4974999999999999978, 6.829619984160658046E-17, -0.8722218784373162448 ) ) ;
#5255 = DIRECTION ( 'NONE',  ( 1.000000000000000000, 0.000000000000000000, 0.000000000000000000 ) ) ;
#5256 = VECTOR ( 'NONE', #6168, 39.37007874015748143 ) ;
#5257 = CARTESIAN_POINT ( 'NONE',  ( -0.8082233602167164799, -0.2499999999999998890, -1.453655855443755307 ) ) ;
#5258 = LINE ( 'NONE', #835, #4070 ) ;
#5259 = ADVANCED_FACE ( 'NONE', ( #1754 ), #3446, .T. ) ;
#5260 = CARTESIAN_POINT ( 'NONE',  ( -0.4807198563577171901, 0.3082575795376323313, -0.1207327353361944133 ) ) ;
#5261 = ORIENTED_EDGE ( 'NONE', *, *, #2202, .T. ) ;
#5262 = DIRECTION ( 'NONE',  ( 0.7071067811865463515, -0.7071067811865486830, 0.000000000000000000 ) ) ;
#5263 = CARTESIAN_POINT ( 'NONE',  ( 0.2893933598887900027, 0.08161413353891268374, -0.3400366656719712721 ) ) ;
#5264 = FACE_OUTER_BOUND ( 'NONE', #3586, .T. ) ;
#5265 = ADVANCED_FACE ( 'NONE', ( #5422 ), #2525, .F. ) ;
#5266 = AXIS2_PLACEMENT_3D ( 'NONE', #313, #1271, #829 ) ;
#5267 = CIRCLE ( 'NONE', #2990, 0.1000000000000000194 ) ;
#5268 = CARTESIAN_POINT ( 'NONE',  ( 0.7680655061132209971, -0.2972375054100655500, -1.337539105825900965 ) ) ;
#5269 = ORIENTED_EDGE ( 'NONE', *, *, #2476, .F. ) ;
#5270 = FACE_OUTER_BOUND ( 'NONE', #5182, .T. ) ;
#5271 = DIRECTION ( 'NONE',  ( -1.000000000000000000, 0.000000000000000000, 9.106159978880878627E-17 ) ) ;
#5272 = CARTESIAN_POINT ( 'NONE',  ( 0.1199999999999999956, 0.3125000000000000555, -1.255681349255749035 ) ) ;
#5273 = VECTOR ( 'NONE', #2188, 39.37007874015748143 ) ;
#5274 = ORIENTED_EDGE ( 'NONE', *, *, #4950, .T. ) ;
#5275 = CARTESIAN_POINT ( 'NONE',  ( -0.5281309683165510416, 0.09003614513890165205, -0.1481856561309373432 ) ) ;
#5276 = EDGE_CURVE ( 'NONE', #373, #2368, #905, .T. ) ;
#5277 = EDGE_CURVE ( 'NONE', #1739, #3049, #2265, .T. ) ;
#5278 = CARTESIAN_POINT ( 'NONE',  ( -0.5177893282158227972, -0.2947334022457039349, -0.1394139835860284671 ) ) ;
#5279 = ORIENTED_EDGE ( 'NONE', *, *, #19, .F. ) ;
#5280 = CIRCLE ( 'NONE', #3414, 0.5999999999999999778 ) ;
#5281 = ORIENTED_EDGE ( 'NONE', *, *, #3118, .F. ) ;
#5282 = AXIS2_PLACEMENT_3D ( 'NONE', #3318, #3900, #1847 ) ;
#5283 = CARTESIAN_POINT ( 'NONE',  ( 0.4766721863916483781, 0.3277072657452773652, -0.1227721205567324642 ) ) ;
#5284 = EDGE_CURVE ( 'NONE', #2274, #5974, #29, .T. ) ;
#5285 = VECTOR ( 'NONE', #2246, 39.37007874015748143 ) ;
#5286 = CARTESIAN_POINT ( 'NONE',  ( 0.3227982538391437894, -0.1071876288963608953, -0.3650349263980750547 ) ) ;
#5287 = CARTESIAN_POINT ( 'NONE',  ( -0.3271496997791841777, -0.1094875541856900891, -1.640907076401277420 ) ) ;
#5288 = CARTESIAN_POINT ( 'NONE',  ( -0.2797941166727439533, -0.06984980642360670566, -0.3335856970111723552 ) ) ;
#5289 = CARTESIAN_POINT ( 'NONE',  ( 0.000000000000000000, 0.000000000000000000, -0.1250000000000000000 ) ) ;
#5290 = CARTESIAN_POINT ( 'NONE',  ( 0.9242640687119282328, 0.07573593128807362684, -0.1250000000000000000 ) ) ;
#5291 = CARTESIAN_POINT ( 'NONE',  ( 0.007873227762291859846, 0.1924971331592004176, -0.2499993254492660355 ) ) ;
#5292 = CARTESIAN_POINT ( 'NONE',  ( -0.4003331928299890263, -0.1263489773778733449, -1.494486001854383517 ) ) ;
#5293 = AXIS2_PLACEMENT_3D ( 'NONE', #3372, #406, #2000 ) ;
#5294 = FACE_OUTER_BOUND ( 'NONE', #3474, .T. ) ;
#5295 = EDGE_LOOP ( 'NONE', ( #1519, #353, #5606, #4976 ) ) ;
#5296 = CARTESIAN_POINT ( 'NONE',  ( -0.3462116175015883535, 0.1161456935249142314, -1.134629583754434901 ) ) ;
#5297 = FACE_OUTER_BOUND ( 'NONE', #6010, .T. ) ;
#5298 = CARTESIAN_POINT ( 'NONE',  ( 0.7694427832459459493, 0.2881786975061059741, -1.334242331851007934 ) ) ;
#5299 = ORIENTED_EDGE ( 'NONE', *, *, #6193, .T. ) ;
#5300 = CARTESIAN_POINT ( 'NONE',  ( 0.4959389614040142780, -0.02219353550064520272, -1.604592184868137927 ) ) ;
#5301 = CARTESIAN_POINT ( 'NONE',  ( -0.06024917097849794706, -0.2084283354181265535, -0.2535290552942488507 ) ) ;
#5302 = EDGE_CURVE ( 'NONE', #5217, #1147, #3906, .T. ) ;
#5303 = FACE_OUTER_BOUND ( 'NONE', #86, .T. ) ;
#5304 = ORIENTED_EDGE ( 'NONE', *, *, #1974, .T. ) ;
#5305 = AXIS2_PLACEMENT_3D ( 'NONE', #6157, #6252, #5639 ) ;
#5306 = DIRECTION ( 'NONE',  ( 1.550150280899230635E-16, 0.8660254037844390407, 0.4999999999999993894 ) ) ;
#5307 = CIRCLE ( 'NONE', #3342, 0.05999999999999990757 ) ;
#5308 = CARTESIAN_POINT ( 'NONE',  ( -0.4682200722196740994, 0.1754136937944216490, -0.04643260993721694957 ) ) ;
#5309 = CIRCLE ( 'NONE', #2535, 0.09999999999999996392 ) ;
#5310 = VERTEX_POINT ( 'NONE', #2889 ) ;
#5311 = DIRECTION ( 'NONE',  ( -0.5527707983925662649, 0.8333333333333335924, -3.775214491362314313E-16 ) ) ;
#5312 = ADVANCED_FACE ( 'NONE', ( #1933 ), #4077, .T. ) ;
#5313 = ORIENTED_EDGE ( 'NONE', *, *, #2450, .F. ) ;
#5314 = LINE ( 'NONE', #376, #2075 ) ;
#5315 = VECTOR ( 'NONE', #1936, 39.37007874015748143 ) ;
#5316 = B_SPLINE_CURVE_WITH_KNOTS ( 'NONE', 3,
 ( #484, #3799, #2363, #1412 ),
 .UNSPECIFIED., .F., .F.,
 ( 4, 4 ),
 ( 0.000000000000000000, 0.0002882219031560495854 ),
 .UNSPECIFIED. ) ;
#5317 = DIRECTION ( 'NONE',  ( 1.000000000000000000, 0.000000000000000000, 0.000000000000000000 ) ) ;
#5318 = CARTESIAN_POINT ( 'NONE',  ( -0.4617468096771570885, 0.5000000000000001110, -0.1595546381393484203 ) ) ;
#5319 = CALENDAR_DATE ( 2026, 25, 3 ) ;
#5320 = ADVANCED_FACE ( 'NONE', ( #1106 ), #1526, .F. ) ;
#5321 = CARTESIAN_POINT ( 'NONE',  ( -0.6985357351166163742, 0.1027756813566453598, -1.453655855443755307 ) ) ;
#5322 = CARTESIAN_POINT ( 'NONE',  ( 0.06573112376813000646, -0.4129676357373520124, -1.641079020108921593 ) ) ;
#5323 = DIRECTION ( 'NONE',  ( 0.000000000000000000, 0.000000000000000000, 1.000000000000000000 ) ) ;
#5324 = DIRECTION ( 'NONE',  ( 0.7071067811865463515, 0.7071067811865486830, -0.000000000000000000 ) ) ;
#5325 = ORIENTED_EDGE ( 'NONE', *, *, #4879, .F. ) ;
#5326 = CARTESIAN_POINT ( 'NONE',  ( 0.09087896671363068779, 0.2339815574016080868, -1.511611286889472661 ) ) ;
#5327 = VECTOR ( 'NONE', #2478, 39.37007874015748143 ) ;
#5328 = DIRECTION ( 'NONE',  ( -0.000000000000000000, -0.000000000000000000, -1.000000000000000000 ) ) ;
#5329 = VECTOR ( 'NONE', #4028, 39.37007874015748143 ) ;
#5330 = CARTESIAN_POINT ( 'NONE',  ( -0.5000000000000016653, 0.2520006735879080639, -0.1250000000000006106 ) ) ;
#5331 = CARTESIAN_POINT ( 'NONE',  ( 0.7620255512853810753, 0.3221686073523628013, -1.351171070938172791 ) ) ;
#5332 = VERTEX_POINT ( 'NONE', #3020 ) ;
#5333 = CARTESIAN_POINT ( 'NONE',  ( 0.1199999999999999956, 0.3125000000000000555, -0.2643186507442511490 ) ) ;
#5334 = CARTESIAN_POINT ( 'NONE',  ( 0.000000000000000000, 0.5000000000000000000, -0.7600000000000001199 ) ) ;
#5335 = CARTESIAN_POINT ( 'NONE',  ( -0.5295890070392446081, 0.3803218006416976271, -0.1494588600076266482 ) ) ;
#5336 = CARTESIAN_POINT ( 'NONE',  ( -0.5000000000000001110, 0.2104964325533063285, -0.1250000000000000278 ) ) ;
#5337 = CARTESIAN_POINT ( 'NONE',  ( 0.4978649295786646833, -0.2272400960492576283, -0.1233188421879249513 ) ) ;
#5338 = CARTESIAN_POINT ( 'NONE',  ( -0.4199742470161014207, -0.2713990344796630150, -0.1197775052973755056 ) ) ;
#5339 = ADVANCED_FACE ( 'NONE', ( #1094 ), #2596, .F. ) ;
#5340 = CARTESIAN_POINT ( 'NONE',  ( -0.4988569551866205987, -0.2194451571910963905, -0.1240999647138745637 ) ) ;
#5341 = ORIENTED_EDGE ( 'NONE', *, *, #1478, .F. ) ;
#5342 = ORIENTED_EDGE ( 'NONE', *, *, #2187, .F. ) ;
#5343 = DIRECTION ( 'NONE',  ( 0.000000000000000000, -1.000000000000000000, 0.000000000000000000 ) ) ;
#5344 = DIRECTION ( 'NONE',  ( 0.7071067811865463515, -0.7071067811865486830, 0.000000000000000000 ) ) ;
#5345 = ADVANCED_FACE ( 'NONE', ( #2978 ), #2919, .F. ) ;
#5346 = CARTESIAN_POINT ( 'NONE',  ( -0.06250000000000020817, 0.5000000000000000000, -1.591155855443754596 ) ) ;
#5347 = CARTESIAN_POINT ( 'NONE',  ( -0.3644486594466654350, -0.1194138842132300704, -1.638015062076701112 ) ) ;
#5348 = ORIENTED_EDGE ( 'NONE', *, *, #4866, .F. ) ;
#5349 = DATE_AND_TIME ( #3376, #3111 ) ;
#5350 = CARTESIAN_POINT ( 'NONE',  ( -0.3082233602167164799, -0.5000000000000000000, -1.591155855443754819 ) ) ;
#5351 = CARTESIAN_POINT ( 'NONE',  ( -0.5295890070392446081, -0.3669585729229257187, -0.1494588600076266482 ) ) ;
#5352 = EDGE_CURVE ( 'NONE', #5849, #3269, #1921, .T. ) ;
#5353 = EDGE_CURVE ( 'NONE', #2372, #6087, #6151, .T. ) ;
#5354 = DIRECTION ( 'NONE',  ( 0.000000000000000000, 1.000000000000000000, 0.000000000000000000 ) ) ;
#5355 = LINE ( 'NONE', #4318, #2840 ) ;
#5356 = ORIENTED_EDGE ( 'NONE', *, *, #692, .T. ) ;
#5357 = DIRECTION ( 'NONE',  ( -1.821231995776175725E-16, 0.000000000000000000, -1.000000000000000000 ) ) ;
#5358 = CARTESIAN_POINT ( 'NONE',  ( 0.000000000000000000, 0.5000000000000000000, -1.591155855443755041 ) ) ;
#5359 = VERTEX_POINT ( 'NONE', #5904 ) ;
#5360 = DIRECTION ( 'NONE',  ( 0.000000000000000000, 0.000000000000000000, 1.000000000000000000 ) ) ;
#5361 = CARTESIAN_POINT ( 'NONE',  ( 0.6341683380263835046, 0.3559044444131422291, -1.520414847466181385 ) ) ;
#5362 = EDGE_LOOP ( 'NONE', ( #5139, #4308 ) ) ;
#5363 = CARTESIAN_POINT ( 'NONE',  ( 0.4974999999999999978, -0.01100777880439003653, -1.603945606445599248 ) ) ;
#5364 = DIRECTION ( 'NONE',  ( 0.000000000000000000, 0.000000000000000000, -1.000000000000000000 ) ) ;
#5365 = CARTESIAN_POINT ( 'NONE',  ( 0.5103971553117281346, -0.4792893218813452094, -0.1715843476528303158 ) ) ;
#5366 = CARTESIAN_POINT ( 'NONE',  ( -0.5258707588104998276, 0.3278020613712125386, -0.1462500919927456899 ) ) ;
#5367 = ORIENTED_EDGE ( 'NONE', *, *, #5789, .T. ) ;
#5368 = CARTESIAN_POINT ( 'NONE',  ( -0.4542579333252504958, -0.2097741746869226653, -0.03508455216554771938 ) ) ;
#5369 = CARTESIAN_POINT ( 'NONE',  ( 0.2578798538153374009, 0.01097053442190261754, -1.199998537215719807 ) ) ;
#5370 = CARTESIAN_POINT ( 'NONE',  ( -0.4461738156274086542, -0.5000000000000001110, -0.1511564855308070998 ) ) ;
#5371 = LINE ( 'NONE', #3843, #5425 ) ;
#5372 = ORIENTED_EDGE ( 'NONE', *, *, #2645, .F. ) ;
#5373 = CARTESIAN_POINT ( 'NONE',  ( -0.5016027549514819883, 0.2923936071407366999, -0.1259972845638617778 ) ) ;
#5374 = ORIENTED_EDGE ( 'NONE', *, *, #3773, .T. ) ;
#5375 = CARTESIAN_POINT ( 'NONE',  ( 0.07922805985789185823, -0.2217985543156773542, -1.263859618719866074 ) ) ;
#5376 = CARTESIAN_POINT ( 'NONE',  ( 0.3082233602167161468, -0.5000000000000000000, -1.591155855443755041 ) ) ;
#5377 = LINE ( 'NONE', #4835, #2724 ) ;
#5378 = CARTESIAN_POINT ( 'NONE',  ( 0.3270189340712462700, 0.1763878406783228325, -1.581155855443755698 ) ) ;
#5379 = DIRECTION ( 'NONE',  ( 0.000000000000000000, 0.000000000000000000, 1.000000000000000000 ) ) ;
#5380 = VERTEX_POINT ( 'NONE', #4862 ) ;
#5381 = DIRECTION ( 'NONE',  ( 1.000000000000000000, 0.000000000000000000, 0.000000000000000000 ) ) ;
#5382 = VECTOR ( 'NONE', #3005, 39.37007874015748143 ) ;
#5383 = CARTESIAN_POINT ( 'NONE',  ( 0.5295890070392446081, 0.4085786437626901524, -0.1494588600076266482 ) ) ;
#5384 = EDGE_CURVE ( 'NONE', #366, #469, #5530, .T. ) ;
#5385 = CARTESIAN_POINT ( 'NONE',  ( 0.4682200722196742104, -0.1754136937944215380, -0.04643260993721699814 ) ) ;
#5386 = CIRCLE ( 'NONE', #4154, 0.06249999999999995143 ) ;
#5387 = AXIS2_PLACEMENT_3D ( 'NONE', #4194, #3731, #378 ) ;
#5388 = CARTESIAN_POINT ( 'NONE',  ( -0.5258500058050675774, -0.3276721441071500651, -0.1462322854797467597 ) ) ;
#5389 = LINE ( 'NONE', #5782, #607 ) ;
#5390 = ORIENTED_EDGE ( 'NONE', *, *, #2782, .T. ) ;
#5391 = CARTESIAN_POINT ( 'NONE',  ( -0.4971025862760696801, 0.01087029854796133649, -0.8740019633211892902 ) ) ;
#5392 = EDGE_CURVE ( 'NONE', #202, #4110, #705, .T. ) ;
#5393 = CARTESIAN_POINT ( 'NONE',  ( 0.000000000000000000, 0.3125000000000000555, -1.641155855443755307 ) ) ;
#5394 = EDGE_LOOP ( 'NONE', ( #5926, #5637 ) ) ;
#5395 = CARTESIAN_POINT ( 'NONE',  ( -0.5000000000000001110, 0.3219692077899811711, -0.1250000000000000278 ) ) ;
#5396 = CARTESIAN_POINT ( 'NONE',  ( 0.6930471959043326136, -0.3750236251205020244, -1.460533773042636430 ) ) ;
#5397 = ORIENTED_EDGE ( 'NONE', *, *, #125, .T. ) ;
#5398 = CARTESIAN_POINT ( 'NONE',  ( 0.4426213127018308047, -0.1013749793454473275, -1.622856832678726935 ) ) ;
#5399 = EDGE_CURVE ( 'NONE', #605, #3387, #2314, .T. ) ;
#5400 = CARTESIAN_POINT ( 'NONE',  ( -0.4640639265841040029, 0.3803218006416977381, -0.1249999999999999861 ) ) ;
#5401 = CARTESIAN_POINT ( 'NONE',  ( 0.2998000706495083101, 0.09196492922357701882, -1.172663394416675997 ) ) ;
#5402 = LINE ( 'NONE', #3041, #707 ) ;
#5403 = DIRECTION ( 'NONE',  ( -1.000000000000000000, 0.000000000000000000, -0.000000000000000000 ) ) ;
#5404 = ORIENTED_EDGE ( 'NONE', *, *, #4075, .T. ) ;
#5405 = VECTOR ( 'NONE', #3632, 39.37007874015748143 ) ;
#5406 = EDGE_LOOP ( 'NONE', ( #2483, #489, #2942, #1762, #2082, #4259, #748, #5404 ) ) ;
#5407 = ORIENTED_EDGE ( 'NONE', *, *, #2975, .T. ) ;
#5408 = DIRECTION ( 'NONE',  ( 1.000000000000000000, -0.000000000000000000, -0.000000000000000000 ) ) ;
#5409 = CARTESIAN_POINT ( 'NONE',  ( 0.3535533905932744525, 0.3535533905932732868, 0.3826834323650908365 ) ) ;
#5410 = AXIS2_PLACEMENT_3D ( 'NONE', #3470, #2519, #4479 ) ;
#5411 = CARTESIAN_POINT ( 'NONE',  ( 0.3307958893367705655, -0.1108515637480260024, -0.3716893761521460338 ) ) ;
#5412 = CARTESIAN_POINT ( 'NONE',  ( -0.4235493031751191295, -0.1113342709495020733, -1.627773750369965189 ) ) ;
#5413 = CARTESIAN_POINT ( 'NONE',  ( -0.8082233602167164799, 0.2499999999999998890, -1.513655855443755138 ) ) ;
#5414 = CC_DESIGN_PERSON_AND_ORGANIZATION_ASSIGNMENT ( #2455, #61, ( #4252 ) ) ;
#5415 = ORIENTED_EDGE ( 'NONE', *, *, #4314, .T. ) ;
#5416 = APPLICATION_PROTOCOL_DEFINITION ( 'international standard', 'config_control_design', 1994, #392 ) ;
#5417 = DIRECTION ( 'NONE',  ( -1.000000000000000000, 0.000000000000000000, 3.663353113774463059E-16 ) ) ;
#5418 = CARTESIAN_POINT ( 'NONE',  ( 0.2574999999999998956, 0.01095884101526765041, -0.3197798846031684183 ) ) ;
#5419 = VECTOR ( 'NONE', #3495, 39.37007874015748143 ) ;
#5420 = CARTESIAN_POINT ( 'NONE',  ( -0.06250000000000001388, -0.4375000000000000000, -1.203113980822090312 ) ) ;
#5421 = LINE ( 'NONE', #989, #1313 ) ;
#5422 = FACE_OUTER_BOUND ( 'NONE', #4473, .T. ) ;
#5423 = DIRECTION ( 'NONE',  ( 0.000000000000000000, 0.000000000000000000, 1.000000000000000000 ) ) ;
#5424 = EDGE_CURVE ( 'NONE', #4719, #2054, #3923, .T. ) ;
#5425 = VECTOR ( 'NONE', #4331, 39.37007874015748143 ) ;
#5426 = CARTESIAN_POINT ( 'NONE',  ( 0.06249999999999979183, 0.2100609937572605612, -1.498431694691528593 ) ) ;
#5427 = PLANE ( 'NONE',  #2094 ) ;
#5428 = ORIENTED_EDGE ( 'NONE', *, *, #4356, .T. ) ;
#5429 = DIRECTION ( 'NONE',  ( -1.000000000000000000, -0.000000000000000000, 1.821231995776175725E-16 ) ) ;
#5430 = EDGE_CURVE ( 'NONE', #2171, #5920, #3434, .T. ) ;
#5431 = CARTESIAN_POINT ( 'NONE',  ( -0.3974238797261984701, 0.5000000000000001110, -0.1341649091325381182 ) ) ;
#5432 = ORIENTED_EDGE ( 'NONE', *, *, #4920, .T. ) ;
#5433 = CIRCLE ( 'NONE', #3148, 0.1200000000000000233 ) ;
#5434 = CARTESIAN_POINT ( 'NONE',  ( 0.3272366502889130779, -0.1095220337731185462, -1.640902732965182631 ) ) ;
#5435 = DIRECTION ( 'NONE',  ( 1.000000000000000000, -0.000000000000000000, -9.106159978880878627E-17 ) ) ;
#5436 = CARTESIAN_POINT ( 'NONE',  ( 0.7271916466731207507, 0.1311144203129760710, -1.414203209294059072 ) ) ;
#5437 = CARTESIAN_POINT ( 'NONE',  ( 0.5013580795679054569, -0.2755709832907407009, -0.1259175368880904311 ) ) ;
#5438 = AXIS2_PLACEMENT_3D ( 'NONE', #5948, #1142, #3202 ) ;
#5439 = DIRECTION ( 'NONE',  ( 0.000000000000000000, -1.000000000000000000, 0.000000000000000000 ) ) ;
#5440 = EDGE_CURVE ( 'NONE', #2921, #2699, #4188, .T. ) ;
#5441 = EDGE_CURVE ( 'NONE', #747, #2921, #2351, .T. ) ;
#5442 = LINE ( 'NONE', #1095, #59 ) ;
#5443 = FACE_OUTER_BOUND ( 'NONE', #2952, .T. ) ;
#5444 = VERTEX_POINT ( 'NONE', #1834 ) ;
#5445 = DIRECTION ( 'NONE',  ( 0.000000000000000000, -0.4999999999999998335, -0.8660254037844388186 ) ) ;
#5446 = EDGE_LOOP ( 'NONE', ( #2960, #2454, #2771 ) ) ;
#5447 = EDGE_LOOP ( 'NONE', ( #3316, #2379, #1596, #2332, #2211, #1014, #695, #954, #3327, #2936, #2631 ) ) ;
#5448 = FACE_OUTER_BOUND ( 'NONE', #1150, .T. ) ;
#5449 = B_SPLINE_CURVE_WITH_KNOTS ( 'NONE', 3,
 ( #5232, #2685, #1345, #1312, #319, #3247, #5689, #4227, #3791, #3766, #4200, #1214 ),
 .UNSPECIFIED., .F., .F.,
 ( 4, 2, 2, 2, 2, 4 ),
 ( 0.003116710482534881810, 0.003896215248934522916, 0.004285967632134343903, 0.004675720015334164023, 0.005455224781733804262, 0.006234729548133445369 ),
 .UNSPECIFIED. ) ;
#5450 = LINE ( 'NONE', #5973, #5419 ) ;
#5451 = ORIENTED_EDGE ( 'NONE', *, *, #1852, .T. ) ;
#5452 = B_SPLINE_CURVE_WITH_KNOTS ( 'NONE', 3,
 ( #5333, #3977, #4948, #552, #941, #76, #2500, #2879, #4850, #4461, #2016, #456, #2404, #4359, #6344, #1918, #4008, #2137, #5496, #3571, #3004, #1632, #5534, #2624, #6047, #5562, #1542, #2593, #226, #2046, #1567, #2166, #4068, #1056 ),
 .UNSPECIFIED., .F., .F.,
 ( 4, 2, 2, 2, 2, 2, 2, 2, 2, 2, 2, 2, 2, 2, 2, 2, 4 ),
 ( 0.000000000000000000, 0.0005976874298009709216, 0.001195374859601941843, 0.001793062289402912873, 0.002390749719203883687, 0.002988437149004854500, 0.003586124578805825747, 0.004183812008606796126, 0.004781499438407767373, 0.005379186868208738620, 0.005976874298009709000, 0.006574561727810680246, 0.007172249157611651493, 0.007769936587412621873, 0.008367624017213592252, 0.008965311447014564367, 0.009562998876815534746 ),
 .UNSPECIFIED. ) ;
#5453 = LINE ( 'NONE', #4027, #2223 ) ;
#5454 = CARTESIAN_POINT ( 'NONE',  ( 0.4784498807276775789, 0.1481079483032845534, -0.05609857073218064288 ) ) ;
#5455 = CARTESIAN_POINT ( 'NONE',  ( 0.4864870807997312974, -0.1193352369851368999, -0.06419951677211079011 ) ) ;
#5456 = CARTESIAN_POINT ( 'NONE',  ( -0.06025331094550433891, -0.4165693043272216123, -0.2535295448894930859 ) ) ;
#5457 = CARTESIAN_POINT ( 'NONE',  ( -0.3082233602167164799, 0.09798340257583017243, -1.641155855443755307 ) ) ;
#5458 = ORIENTED_EDGE ( 'NONE', *, *, #6307, .T. ) ;
#5459 =( BOUNDED_CURVE ( )  B_SPLINE_CURVE ( 3, ( #6242, #5292, #5199, #900 ),
 .UNSPECIFIED., .F., .T. ) 
 B_SPLINE_CURVE_WITH_KNOTS ( ( 4, 4 ),
 ( 2.599176623630001348, 3.684008683549582663 ),
 .UNSPECIFIED. ) 
 CURVE ( )  GEOMETRIC_REPRESENTATION_ITEM ( )  RATIONAL_B_SPLINE_CURVE ( ( 1.000000000000000000, 0.9043093408702524982, 0.9043093408702524982, 1.000000000000000000 ) ) 
 REPRESENTATION_ITEM ( '' )  );
#5460 = DIRECTION ( 'NONE',  ( 1.000000000000000000, 0.000000000000000000, 0.000000000000000000 ) ) ;
#5461 = CARTESIAN_POINT ( 'NONE',  ( 0.5508050117011742408, -0.2597084051279432426, -1.578369092866926948 ) ) ;
#5462 = ORIENTED_EDGE ( 'NONE', *, *, #3418, .F. ) ;
#5463 = CARTESIAN_POINT ( 'NONE',  ( 0.4640639265841039474, 0.5000000000000000000, -0.2249999999999999778 ) ) ;
#5464 = CARTESIAN_POINT ( 'NONE',  ( 0.5527754171394994032, 0.2308379758577162044, -1.577270019476308738 ) ) ;
#5465 = ADVANCED_FACE ( 'NONE', ( #1018 ), #924, .F. ) ;
#5466 = CARTESIAN_POINT ( 'NONE',  ( 0.3980716687990256686, 0.1184115322063469117, -1.078987203842780351 ) ) ;
#5467 = DIRECTION ( 'NONE',  ( 0.8581933334987875694, -0.5133266039649990731, -3.505825632840680834E-16 ) ) ;
#5468 = CARTESIAN_POINT ( 'NONE',  ( -0.06250000000000020817, 0.4149390062427393278, -1.640953379406639323 ) ) ;
#5469 = CARTESIAN_POINT ( 'NONE',  ( 0.1024390062427425058, -0.2499999999999945044, -1.513655855443763132 ) ) ;
#5470 = EDGE_LOOP ( 'NONE', ( #689, #599, #4275, #4129, #2967, #1136, #4307, #4858, #1181, #597, #118, #131, #1822, #3455 ) ) ;
#5471 = CARTESIAN_POINT ( 'NONE',  ( -0.5177893282158091415, 0.2947334022457059888, -0.1394139835860169763 ) ) ;
#5472 = CARTESIAN_POINT ( 'NONE',  ( 0.000000000000000000, -0.5000000000000000000, -1.591155855443755041 ) ) ;
#5473 = ORIENTED_EDGE ( 'NONE', *, *, #5123, .T. ) ;
#5474 = EDGE_LOOP ( 'NONE', ( #501, #102, #5508, #5697 ) ) ;
#5475 = EDGE_CURVE ( 'NONE', #522, #4037, #4383, .T. ) ;
#5476 = ORIENTED_EDGE ( 'NONE', *, *, #3178, .F. ) ;
#5477 = CARTESIAN_POINT ( 'NONE',  ( 0.07752704991762261744, 0.2204172756792955323, -1.400961942712402486 ) ) ;
#5478 = DIRECTION ( 'NONE',  ( -0.000000000000000000, -0.000000000000000000, 1.000000000000000000 ) ) ;
#5479 = CARTESIAN_POINT ( 'NONE',  ( -0.4640639265841038363, 0.4085786437626895418, -0.2249999999999999778 ) ) ;
#5480 = VERTEX_POINT ( 'NONE', #2382 ) ;
#5481 = AXIS2_PLACEMENT_3D ( 'NONE', #4157, #1205, #3141 ) ;
#5482 = CARTESIAN_POINT ( 'NONE',  ( -0.06250000000000020817, -0.4499999999999998446, -1.641155855443755307 ) ) ;
#5483 = EDGE_CURVE ( 'NONE', #1528, #1184, #4138, .T. ) ;
#5484 = LINE ( 'NONE', #2006, #5587 ) ;
#5485 = AXIS2_PLACEMENT_3D ( 'NONE', #279, #3693, #638 ) ;
#5486 = B_SPLINE_CURVE_WITH_KNOTS ( 'NONE', 3,
 ( #680, #2723, #4104, #3705, #4686, #294 ),
 .UNSPECIFIED., .F., .F.,
 ( 4, 2, 4 ),
 ( -1.980597505099938421E-05, 0.001190609417982370095, 0.002401024811015739675 ),
 .UNSPECIFIED. ) ;
#5487 = CARTESIAN_POINT ( 'NONE',  ( -0.4843447072609914361, -0.1286874561152341612, -0.1113080810969930556 ) ) ;
#5488 = AXIS2_PLACEMENT_3D ( 'NONE', #3320, #3742, #3284 ) ;
#5489 = CARTESIAN_POINT ( 'NONE',  ( -0.3125000000000002776, 0.3236121593216774173, -1.326155855443755582 ) ) ;
#5491 = VERTEX_POINT ( 'NONE', #441 ) ;
#5490 = AXIS2_PLACEMENT_3D ( 'NONE', #1909, #4386, #6303 ) ;
#5492 = CARTESIAN_POINT ( 'NONE',  ( -0.1151421694199608464, 0.2785242712981092494, -1.400721088372696377 ) ) ;
#5493 = VECTOR ( 'NONE', #396, 39.37007874015748143 ) ;
#5494 = DIRECTION ( 'NONE',  ( -0.000000000000000000, 1.000000000000000000, -0.000000000000000000 ) ) ;
#5495 = ORIENTED_EDGE ( 'NONE', *, *, #6269, .F. ) ;
#5496 = CARTESIAN_POINT ( 'NONE',  ( -0.01579429164688175499, 0.4317153641714561174, -0.2501862491167646252 ) ) ;
#5497 = CARTESIAN_POINT ( 'NONE',  ( 0.09338758549274500664, 0.3885433862601282429, -1.261428319624259720 ) ) ;
#5498 = CARTESIAN_POINT ( 'NONE',  ( 0.5671448391629699826, 0.2014351366781778896, -1.568905666788060316 ) ) ;
#5499 = CARTESIAN_POINT ( 'NONE',  ( 0.4975000000000001088, 0.005550085291682880714, -0.8722218784373163558 ) ) ;
#5500 = DIRECTION ( 'NONE',  ( 0.000000000000000000, 0.000000000000000000, -1.000000000000000000 ) ) ;
#5501 = CYLINDRICAL_SURFACE ( 'NONE', #1680, 0.8082233602167163689 ) ;
#5502 = EDGE_CURVE ( 'NONE', #3650, #4325, #194, .T. ) ;
#5503 = DIRECTION ( 'NONE',  ( 0.000000000000000000, 0.000000000000000000, 1.000000000000000000 ) ) ;
#5504 = EDGE_LOOP ( 'NONE', ( #369, #2789, #5313, #720, #4628, #2770 ) ) ;
#5505 = CARTESIAN_POINT ( 'NONE',  ( -0.3980236303098487749, 0.1184200811128562764, -0.4409526891124661008 ) ) ;
#5506 = AXIS2_PLACEMENT_3D ( 'NONE', #1463, #3403, #5317 ) ;
#5507 = FACE_OUTER_BOUND ( 'NONE', #2273, .T. ) ;
#5508 = ORIENTED_EDGE ( 'NONE', *, *, #1534, .F. ) ;
#5509 = DIRECTION ( 'NONE',  ( 0.000000000000000000, 1.000000000000000000, 0.000000000000000000 ) ) ;
#5510 = EDGE_LOOP ( 'NONE', ( #3997, #5012, #25, #2592, #3203 ) ) ;
#5511 = ORIENTED_EDGE ( 'NONE', *, *, #1655, .F. ) ;
#5512 = CARTESIAN_POINT ( 'NONE',  ( 0.7110422809931159494, -0.1258068728998898156, -1.437518249595221231 ) ) ;
#5513 = DIRECTION ( 'NONE',  ( -1.821231995776175725E-16, 0.000000000000000000, -1.000000000000000000 ) ) ;
#5514 = CARTESIAN_POINT ( 'NONE',  ( -0.5618640866636089859, -0.2104964325533059677, -0.04643260993721710916 ) ) ;
#5515 = EDGE_CURVE ( 'NONE', #5124, #1427, #3507, .T. ) ;
#5516 = ORIENTED_EDGE ( 'NONE', *, *, #2985, .T. ) ;
#5517 = CARTESIAN_POINT ( 'NONE',  ( -0.09959369771666261306, -0.3802094232706626498, -1.260207025463584207 ) ) ;
#5518 = CARTESIAN_POINT ( 'NONE',  ( -0.06250000000000020817, -0.5000000000000000000, -1.591155855443754819 ) ) ;
#5519 = CARTESIAN_POINT ( 'NONE',  ( 0.5000000000000000000, -3.731686759025411706E-14, -0.07818648294174800062 ) ) ;
#5520 = AXIS2_PLACEMENT_3D ( 'NONE', #354, #806, #1689 ) ;
#5521 = DIRECTION ( 'NONE',  ( -0.6552508045514064960, 0.000000000000000000, -0.7554113999237332955 ) ) ;
#5522 = VECTOR ( 'NONE', #2918, 39.37007874015748143 ) ;
#5523 = EDGE_CURVE ( 'NONE', #632, #2402, #5219, .T. ) ;
#5524 = VECTOR ( 'NONE', #4903, 39.37007874015748143 ) ;
#5525 = CARTESIAN_POINT ( 'NONE',  ( 0.4855392813152764608, 0.05335731151162247804, -1.608698384038447671 ) ) ;
#5526 = AXIS2_PLACEMENT_3D ( 'NONE', #1318, #3770, #4261 ) ;
#5527 = DIRECTION ( 'NONE',  ( 1.000000000000000000, 0.000000000000000000, 0.000000000000000000 ) ) ;
#5528 = EDGE_LOOP ( 'NONE', ( #2253, #6170, #1983, #6261 ) ) ;
#5529 = CARTESIAN_POINT ( 'NONE',  ( 0.4640639265841039474, -0.4085786437626903189, -0.2249999999999999778 ) ) ;
#5530 = CIRCLE ( 'NONE', #2127, 0.4499999999999992895 ) ;
#5531 = B_SPLINE_CURVE_WITH_KNOTS ( 'NONE', 3,
 ( #2108, #5538, #112, #1065, #3042, #4046, #4987, #3073, #2980, #6019, #2053, #1637, #5053, #4468, #1573, #4076, #81, #3575, #3546, #4956, #5568, #2022, #3984, #2571, #3011, #5469 ),
 .UNSPECIFIED., .F., .F.,
 ( 4, 2, 2, 2, 2, 2, 2, 2, 2, 2, 2, 2, 4 ),
 ( 0.01158336211003947042, 0.01219755621848784763, 0.01250465327271203450, 0.01281175032693622137, 0.01311884738116040824, 0.01342594443538459512, 0.01373304148960878199, 0.01404013854383296886, 0.01465433265228134434, 0.01526852676072971635, 0.01557562381495391016, 0.01588272086917810397, 0.01649691497762649159 ),
 .UNSPECIFIED. ) ;
#5532 = CARTESIAN_POINT ( 'NONE',  ( -0.3643560065438355422, 0.4999999999999998335, -0.1278127172415761403 ) ) ;
#5533 = ORIENTED_EDGE ( 'NONE', *, *, #1957, .T. ) ;
#5534 = CARTESIAN_POINT ( 'NONE',  ( -0.06024917097849788461, 0.4165716645818735575, -0.2535290552942489062 ) ) ;
#5535 = CARTESIAN_POINT ( 'NONE',  ( 0.7680655061132208861, 0.2027624945899342834, -1.337539105825900743 ) ) ;
#5536 = CARTESIAN_POINT ( 'NONE',  ( 0.06249999999999986816, -0.2100609937572604224, -1.266155855443755529 ) ) ;
#5537 = CARTESIAN_POINT ( 'NONE',  ( 0.1199999999999999956, 0.3125000000000000555, -0.1250000000000000000 ) ) ;
#5538 = CARTESIAN_POINT ( 'NONE',  ( 0.1066389922549380170, -0.2568838782931684439, -1.393655855443755476 ) ) ;
#5539 = EDGE_LOOP ( 'NONE', ( #600, #5846, #2825, #6055 ) ) ;
#5540 = CARTESIAN_POINT ( 'NONE',  ( -0.4958688604988343296, 0.02029199993093360604, -0.6407463332267442357 ) ) ;
#5541 = VERTEX_POINT ( 'NONE', #1166 ) ;
#5542 = AXIS2_PLACEMENT_3D ( 'NONE', #1719, #763, #5619 ) ;
#5543 = CARTESIAN_POINT ( 'NONE',  ( 0.5103971553117280235, 0.4792893218813446543, -0.1715843476528305100 ) ) ;
#5544 = ORIENTED_EDGE ( 'NONE', *, *, #6229, .T. ) ;
#5545 = VERTEX_POINT ( 'NONE', #2516 ) ;
#5546 = CARTESIAN_POINT ( 'NONE',  ( 0.7456360274182890491, -0.1461647803403618995, -1.383503397834995541 ) ) ;
#5547 = CARTESIAN_POINT ( 'NONE',  ( 0.4682200722196722120, 0.1754136937944269226, -0.04643260993721511770 ) ) ;
#5548 = AXIS2_PLACEMENT_3D ( 'NONE', #4613, #3626, #5165 ) ;
#5549 = EDGE_CURVE ( 'NONE', #5380, #4423, #3244, .T. ) ;
#5550 = CARTESIAN_POINT ( 'NONE',  ( 0.000000000000000000, -0.4375000000000000000, -0.7600000000000001199 ) ) ;
#5551 = EDGE_LOOP ( 'NONE', ( #5516, #661, #301, #2551, #3834, #1669 ) ) ;
#5552 = CARTESIAN_POINT ( 'NONE',  ( 0.000000000000000000, 0.5000000000000000000, -0.7600000000000001199 ) ) ;
#5553 = B_SPLINE_CURVE_WITH_KNOTS ( 'NONE', 3,
 ( #1040, #3429, #5993, #2475, #2982, #3987 ),
 .UNSPECIFIED., .F., .F.,
 ( 4, 2, 4 ),
 ( 8.940560153363745023E-19, 0.002326867021189902955, 0.004653734042379805043 ),
 .UNSPECIFIED. ) ;
#5554 = CARTESIAN_POINT ( 'NONE',  ( 0.4640639265841038363, 0.3803218006416977937, -0.2249999999999999778 ) ) ;
#5555 = EDGE_CURVE ( 'NONE', #3269, #205, #4677, .T. ) ;
#5556 = LINE ( 'NONE', #764, #105 ) ;
#5557 = ORIENTED_EDGE ( 'NONE', *, *, #2663, .F. ) ;
#5558 = ADVANCED_FACE ( 'NONE', ( #92 ), #1140, .F. ) ;
#5559 = ADVANCED_FACE ( 'NONE', ( #2122 ), #4538, .T. ) ;
#5560 = FACE_OUTER_BOUND ( 'NONE', #2079, .T. ) ;
#5561 = ORIENTED_EDGE ( 'NONE', *, *, #6307, .F. ) ;
#5562 = CARTESIAN_POINT ( 'NONE',  ( -0.09043656038481973081, 0.3917663718801920880, -0.2580507398908682415 ) ) ;
#5563 = CARTESIAN_POINT ( 'NONE',  ( 0.4166666666666666852, -0.2763853991962834100, -0.1250000000000001665 ) ) ;
#5564 = CARTESIAN_POINT ( 'NONE',  ( 0.6205346872164214655, 0.1515641858991040036, -1.531975489084627551 ) ) ;
#5565 = EDGE_CURVE ( 'NONE', #435, #5060, #3082, .T. ) ;
#5566 = CARTESIAN_POINT ( 'NONE',  ( -0.7082233602167162800, -0.4085786437626903189, -1.141155855443755085 ) ) ;
#5567 = LINE ( 'NONE', #4208, #1880 ) ;
#5568 = CARTESIAN_POINT ( 'NONE',  ( 0.1169298360411606813, -0.2853089296091504967, -1.502326934552948634 ) ) ;
#5569 = ORIENTED_EDGE ( 'NONE', *, *, #6309, .T. ) ;
#5570 = CARTESIAN_POINT ( 'NONE',  ( -0.1095698235369331475, 0.2625207603638364806, -1.258116880579337682 ) ) ;
#5571 = DIRECTION ( 'NONE',  ( 1.000000000000000000, 0.000000000000000000, 0.000000000000000000 ) ) ;
#5572 = ORIENTED_EDGE ( 'NONE', *, *, #6234, .T. ) ;
#5573 = CYLINDRICAL_SURFACE ( 'NONE', #1896, 0.1249999999999999029 ) ;
#5574 = ORIENTED_EDGE ( 'NONE', *, *, #5955, .T. ) ;
#5575 = VERTEX_POINT ( 'NONE', #568 ) ;
#5576 = CARTESIAN_POINT ( 'NONE',  ( 0.3270189340712463810, 0.3972243186433544460, -1.453655855443755529 ) ) ;
#5577 = CARTESIAN_POINT ( 'NONE',  ( 0.4876775587840142534, -0.4932184277019023844, -0.1705180108599858579 ) ) ;
#5578 = ORIENTED_EDGE ( 'NONE', *, *, #5197, .F. ) ;
#5579 = CARTESIAN_POINT ( 'NONE',  ( -0.7582233602167159914, -0.5000000000000000000, -1.141155855443755085 ) ) ;
#5580 = DIRECTION ( 'NONE',  ( 1.000000000000000000, 0.000000000000000000, 0.000000000000000000 ) ) ;
#5581 = CARTESIAN_POINT ( 'NONE',  ( -0.5027839020690842986, -0.3686319344452246849, -0.1262078651400461993 ) ) ;
#5582 = PLANE ( 'NONE',  #561 ) ;
#5583 = CONICAL_SURFACE ( 'NONE', #45, 0.7582233602167161024, 0.7853981633974456145 ) ;
#5584 = PLANE ( 'NONE',  #1708 ) ;
#5585 = EDGE_CURVE ( 'NONE', #5818, #3972, #58, .T. ) ;
#5586 = CARTESIAN_POINT ( 'NONE',  ( -0.1078439289594165101, -0.3657058734103739717, -0.2615232054252063509 ) ) ;
#5587 = VECTOR ( 'NONE', #4902, 39.37007874015748143 ) ;
#5588 = DIRECTION ( 'NONE',  ( 0.000000000000000000, 0.000000000000000000, -1.000000000000000000 ) ) ;
#5589 = ORIENTED_EDGE ( 'NONE', *, *, #4911, .F. ) ;
#5590 = CARTESIAN_POINT ( 'NONE',  ( 0.3993197982237519095, 0.4492083392001054443, -0.1249999999999999861 ) ) ;
#5591 = EDGE_CURVE ( 'NONE', #5545, #3015, #2581, .T. ) ;
#5592 = ORIENTED_EDGE ( 'NONE', *, *, #3601, .F. ) ;
#5593 = FACE_OUTER_BOUND ( 'NONE', #3985, .T. ) ;
#5594 = CARTESIAN_POINT ( 'NONE',  ( 0.4633988693071610099, -0.1882826091399259216, -0.09618021205288250497 ) ) ;
#5595 = AXIS2_PLACEMENT_3D ( 'NONE', #3541, #2568, #1033 ) ;
#5596 = FACE_BOUND ( 'NONE', #1301, .T. ) ;
#5597 = CARTESIAN_POINT ( 'NONE',  ( -0.3775000000000000022, 6.829619984160658046E-17, -0.1250000000000000000 ) ) ;
#5598 = LINE ( 'NONE', #3637, #275 ) ;
#5599 = AXIS2_PLACEMENT_3D ( 'NONE', #4586, #3187, #4206 ) ;
#5600 = CC_DESIGN_APPROVAL ( #1492, ( #2619 ) ) ;
#5601 = CARTESIAN_POINT ( 'NONE',  ( -0.1196748198023548510, -0.3035266479106092374, -1.426243690920020013 ) ) ;
#5602 = ADVANCED_FACE ( 'NONE', ( #5064, #664 ), #6064, .F. ) ;
#5603 = ORIENTED_EDGE ( 'NONE', *, *, #3520, .T. ) ;
#5604 = CARTESIAN_POINT ( 'NONE',  ( -0.1186742472959332745, 0.3330369716409803393, -1.256007644445362725 ) ) ;
#5605 = DIRECTION ( 'NONE',  ( -0.7071067811865485719, -0.7071067811865464625, 0.000000000000000000 ) ) ;
#5606 = ORIENTED_EDGE ( 'NONE', *, *, #56, .T. ) ;
#5607 = CARTESIAN_POINT ( 'NONE',  ( 0.4812894996319379559, 0.3065654244952250584, -0.1206054019723455800 ) ) ;
#5608 = VERTEX_POINT ( 'NONE', #1647 ) ;
#5609 = VERTEX_POINT ( 'NONE', #5999 ) ;
#5610 = CARTESIAN_POINT ( 'NONE',  ( 0.6137989518023041491, -0.1565773263115426972, -1.536999488008498949 ) ) ;
#5611 = CARTESIAN_POINT ( 'NONE',  ( 0.4272327084602772773, 0.2599316800300855990, -0.02563161009947846625 ) ) ;
#5612 = CARTESIAN_POINT ( 'NONE',  ( 0.1199671729758399336, 0.3095763669408211904, -1.461841212424180192 ) ) ;
#5613 = ORIENTED_EDGE ( 'NONE', *, *, #4255, .T. ) ;
#5614 = B_SPLINE_CURVE_WITH_KNOTS ( 'NONE', 3,
 ( #5158, #6094, #697, #755 ),
 .UNSPECIFIED., .F., .F.,
 ( 4, 4 ),
 ( 0.000000000000000000, 0.001941493044246672380 ),
 .UNSPECIFIED. ) ;
#5615 = CARTESIAN_POINT ( 'NONE',  ( -0.1131236992132391567, -0.2721352425266007624, -1.257299637476366305 ) ) ;
#5616 = CARTESIAN_POINT ( 'NONE',  ( -0.5007076068161611104, 0.2427748956214148268, -0.1255353889107688470 ) ) ;
#5617 = PLANE ( 'NONE',  #1576 ) ;
#5618 = FACE_OUTER_BOUND ( 'NONE', #5474, .T. ) ;
#5619 = DIRECTION ( 'NONE',  ( 0.000000000000000000, 0.000000000000000000, -1.000000000000000000 ) ) ;
#5620 = CIRCLE ( 'NONE', #3853, 0.1000000000000000056 ) ;
#5621 = CARTESIAN_POINT ( 'NONE',  ( -0.7582233602167159914, -0.5000000000000000000, -1.141155855443755085 ) ) ;
#5622 = DIRECTION ( 'NONE',  ( 0.000000000000000000, 0.000000000000000000, 1.000000000000000000 ) ) ;
#5623 = CARTESIAN_POINT ( 'NONE',  ( -0.06250000000000001388, -0.4375000000000000000, -1.203113980822090312 ) ) ;
#5624 = EDGE_CURVE ( 'NONE', #4994, #518, #539, .T. ) ;
#5625 = VECTOR ( 'NONE', #3560, 39.37007874015748143 ) ;
#5626 = CONICAL_SURFACE ( 'NONE', #2113, 0.4499999999999998446, 0.7853981633974456145 ) ;
#5627 = ORIENTED_EDGE ( 'NONE', *, *, #4053, .F. ) ;
#5628 = DIRECTION ( 'NONE',  ( 1.000000000000000000, 0.000000000000000000, 0.000000000000000000 ) ) ;
#5629 = CARTESIAN_POINT ( 'NONE',  ( 0.4413127956607914570, -0.2352276560523351157, -0.02931668619345973933 ) ) ;
#5630 = DIRECTION ( 'NONE',  ( -1.000000000000000000, 0.000000000000000000, -0.000000000000000000 ) ) ;
#5631 = CARTESIAN_POINT ( 'NONE',  ( -0.3125000000000002220, -0.2499999999999998890, -1.453655855443755307 ) ) ;
#5632 = AXIS2_PLACEMENT_3D ( 'NONE', #6228, #2153, #3655 ) ;
#5633 = DIRECTION ( 'NONE',  ( -5.463695987328525648E-15, -2.263136978634930321E-15, -1.000000000000000000 ) ) ;
#5634 = CARTESIAN_POINT ( 'NONE',  ( 0.4814615662148025166, 0.06024260391271169662, -0.9284810834594457996 ) ) ;
#5635 = EDGE_CURVE ( 'NONE', #805, #1738, #1585, .T. ) ;
#5636 = CARTESIAN_POINT ( 'NONE',  ( -0.1099438856615518323, -0.2642465089691152791, -1.395256215614092632 ) ) ;
#5637 = ORIENTED_EDGE ( 'NONE', *, *, #5549, .T. ) ;
#5638 = CARTESIAN_POINT ( 'NONE',  ( -0.8082233602167164799, 0.2499999999999998890, -1.453655855443755307 ) ) ;
#5639 = DIRECTION ( 'NONE',  ( -0.7071067811865463515, -0.7071067811865486830, 0.000000000000000000 ) ) ;
#5640 = DIRECTION ( 'NONE',  ( -1.000000000000000000, 0.000000000000000000, 0.000000000000000000 ) ) ;
#5641 = VERTEX_POINT ( 'NONE', #3996 ) ;
#5642 = ORIENTED_EDGE ( 'NONE', *, *, #1656, .F. ) ;
#5643 = ORIENTED_EDGE ( 'NONE', *, *, #3630, .F. ) ;
#5644 = DIRECTION ( 'NONE',  ( 0.000000000000000000, 0.000000000000000000, 1.000000000000000000 ) ) ;
#5645 = EDGE_CURVE ( 'NONE', #1491, #323, #5450, .T. ) ;
#5646 = EDGE_CURVE ( 'NONE', #1141, #1563, #1211, .T. ) ;
#5647 = CARTESIAN_POINT ( 'NONE',  ( -0.4895991132695017289, 0.04317241118598076632, -1.607104780419633894 ) ) ;
#5648 = ORIENTED_EDGE ( 'NONE', *, *, #2553, .T. ) ;
#5649 = DIRECTION ( 'NONE',  ( 0.000000000000000000, 0.000000000000000000, -1.000000000000000000 ) ) ;
#5650 = CARTESIAN_POINT ( 'NONE',  ( -0.5295890070723449083, -0.3670393891371545592, -0.1494588600363251363 ) ) ;
#5651 = VECTOR ( 'NONE', #3232, 39.37007874015748143 ) ;
#5652 = VERTEX_POINT ( 'NONE', #2060 ) ;
#5653 = AXIS2_PLACEMENT_3D ( 'NONE', #6297, #4315, #929 ) ;
#5654 = DIRECTION ( 'NONE',  ( -1.000000000000000000, 0.000000000000000000, 9.106159978880878627E-17 ) ) ;
#5655 = DIRECTION ( 'NONE',  ( 0.000000000000000000, 0.000000000000000000, 1.000000000000000000 ) ) ;
#5656 =( CONVERSION_BASED_UNIT ( 'INCH', #1373 ) LENGTH_UNIT ( ) NAMED_UNIT ( #4463 ) );
#5657 = CARTESIAN_POINT ( 'NONE',  ( 0.4974999999999999978, 6.828492400942498038E-17, -1.603945606445599470 ) ) ;
#5658 = CARTESIAN_POINT ( 'NONE',  ( 0.5295890070392734739, -0.3803218006416886898, -0.1494588600076387219 ) ) ;
#5659 = FACE_BOUND ( 'NONE', #4909, .T. ) ;
#5660 = CARTESIAN_POINT ( 'NONE',  ( -0.7789340383353713371, 0.4792893218813439882, -1.141155855443755085 ) ) ;
#5661 = CARTESIAN_POINT ( 'NONE',  ( -0.3125000000000002776, 0.1027756813566452904, -1.453655855443755529 ) ) ;
#5662 = VERTEX_POINT ( 'NONE', #2550 ) ;
#5663 = LINE ( 'NONE', #4720, #797 ) ;
#5664 = CARTESIAN_POINT ( 'NONE',  ( 0.5000000000000001110, -0.3316624790355401919, -0.1250000000000000278 ) ) ;
#5665 = DIRECTION ( 'NONE',  ( 0.9364401444393469776, -0.3508273875888467952, 1.707404996040163969E-15 ) ) ;
#5666 = FACE_BOUND ( 'NONE', #3796, .T. ) ;
#5667 = DIRECTION ( 'NONE',  ( -1.000000000000000000, -0.000000000000000000, 1.821231995776175725E-16 ) ) ;
#5668 = VERTEX_POINT ( 'NONE', #4510 ) ;
#5669 = CARTESIAN_POINT ( 'NONE',  ( -0.4844976758279215812, -0.05472751567065137213, -0.9195119173338237584 ) ) ;
#5670 = CARTESIAN_POINT ( 'NONE',  ( -0.3775000000000000022, 6.829619984160658046E-17, 0.000000000000000000 ) ) ;
#5671 = EDGE_CURVE ( 'NONE', #4248, #1861, #4802, .T. ) ;
#5672 = ORIENTED_EDGE ( 'NONE', *, *, #3276, .T. ) ;
#5673 = ORIENTED_EDGE ( 'NONE', *, *, #2315, .F. ) ;
#5674 = VERTEX_POINT ( 'NONE', #753 ) ;
#5675 = CARTESIAN_POINT ( 'NONE',  ( 0.7717357656601949722, -0.2402068653265848341, -1.328655855443755307 ) ) ;
#5676 = CARTESIAN_POINT ( 'NONE',  ( 0.2071067811865481001, 0.5000000000000001110, -0.02500000000000000486 ) ) ;
#5677 =( BOUNDED_CURVE ( )  B_SPLINE_CURVE ( 3, ( #5202, #3702, #5236, #1317 ),
 .UNSPECIFIED., .F., .F. ) 
 B_SPLINE_CURVE_WITH_KNOTS ( ( 4, 4 ),
 ( 0.4949341263408947866, 0.8956647938578649049 ),
 .UNSPECIFIED. ) 
 CURVE ( )  GEOMETRIC_REPRESENTATION_ITEM ( )  RATIONAL_B_SPLINE_CURVE ( ( 1.000000000000000000, 0.9866626212169391508, 0.9866626212169391508, 1.000000000000000000 ) ) 
 REPRESENTATION_ITEM ( '' )  );
#5678 = CARTESIAN_POINT ( 'NONE',  ( 0.4973079325017034646, -0.05996164475916420517, -0.07530386839320418746 ) ) ;
#5679 = CARTESIAN_POINT ( 'NONE',  ( 0.1024390062427410902, 0.2499999999999967526, -1.393655855443750813 ) ) ;
#5680 = ORIENTED_EDGE ( 'NONE', *, *, #6035, .F. ) ;
#5681 = EDGE_CURVE ( 'NONE', #177, #5047, #1518, .T. ) ;
#5682 = ORIENTED_EDGE ( 'NONE', *, *, #2164, .F. ) ;
#5683 = CARTESIAN_POINT ( 'NONE',  ( -0.3125000000000002220, 0.5000000000000000000, -1.641155855443755307 ) ) ;
#5684 = DIRECTION ( 'NONE',  ( 0.7071067811865467956, -0.7071067811865482389, 0.000000000000000000 ) ) ;
#5685 = CARTESIAN_POINT ( 'NONE',  ( -0.4712146810614968317, -0.07518634433502148495, -0.5646697593283442895 ) ) ;
#5686 = CARTESIAN_POINT ( 'NONE',  ( -0.3775000000000000022, 6.829619984160658046E-17, -1.641155855443755307 ) ) ;
#5687 = EDGE_CURVE ( 'NONE', #4110, #485, #1075, .T. ) ;
#5688 = CARTESIAN_POINT ( 'NONE',  ( 0.06249999999999980571, -0.2100609937572604224, -1.498431694691528593 ) ) ;
#5689 = CARTESIAN_POINT ( 'NONE',  ( 0.1070589078570859110, -0.3669457185380938236, -1.258643070565536259 ) ) ;
#5690 = VERTEX_POINT ( 'NONE', #3719 ) ;
#5691 = DIRECTION ( 'NONE',  ( -0.000000000000000000, -1.000000000000000000, -0.000000000000000000 ) ) ;
#5692 = CARTESIAN_POINT ( 'NONE',  ( 0.5000000000000001110, -0.2822731872607264769, -0.1250000000000000278 ) ) ;
#5693 = CARTESIAN_POINT ( 'NONE',  ( -0.4162621494360836394, 0.4775330212873192814, -0.1249999999999999861 ) ) ;
#5694 = DIRECTION ( 'NONE',  ( 0.000000000000000000, 0.000000000000000000, -1.000000000000000000 ) ) ;
#5695 = DIRECTION ( 'NONE',  ( 0.000000000000000000, -1.000000000000000000, 0.000000000000000000 ) ) ;
#5696 = CARTESIAN_POINT ( 'NONE',  ( -0.4672551768473756084, 0.3699185761126278504, -0.1249999999999999861 ) ) ;
#5697 = ORIENTED_EDGE ( 'NONE', *, *, #1499, .F. ) ;
#5698 = CARTESIAN_POINT ( 'NONE',  ( -0.2589872539777231530, -0.02171915023846724552, -1.199359761780388389 ) ) ;
#5699 = FACE_OUTER_BOUND ( 'NONE', #3901, .T. ) ;
#5700 = DIRECTION ( 'NONE',  ( -1.000000000000000000, 0.000000000000000000, 0.000000000000000000 ) ) ;
#5701 = ORIENTED_EDGE ( 'NONE', *, *, #4328, .F. ) ;
#5702 = AXIS2_PLACEMENT_3D ( 'NONE', #6173, #3209, #2743 ) ;
#5703 = ORIENTED_EDGE ( 'NONE', *, *, #2553, .F. ) ;
#5704 = ORIENTED_EDGE ( 'NONE', *, *, #443, .T. ) ;
#5705 = CARTESIAN_POINT ( 'NONE',  ( 0.000000000000000000, 0.000000000000000000, -0.02500000000000002220 ) ) ;
#5706 = CARTESIAN_POINT ( 'NONE',  ( -0.1875000000000000278, 2.296212748401287726E-17, -0.1250000000000000000 ) ) ;
#5707 = CIRCLE ( 'NONE', #2853, 0.8082233602167163689 ) ;
#5708 = DIRECTION ( 'NONE',  ( -0.7071067811865463515, 0.7071067811865486830, 0.000000000000000000 ) ) ;
#5709 = EDGE_CURVE ( 'NONE', #4037, #1329, #4601, .T. ) ;
#5710 = CARTESIAN_POINT ( 'NONE',  ( -0.4738191431453775415, 0.07177605580611079450, -1.612951470677402632 ) ) ;
#5711 = VERTEX_POINT ( 'NONE', #340 ) ;
#5712 = FACE_OUTER_BOUND ( 'NONE', #3873, .T. ) ;
#5713 = ORIENTED_EDGE ( 'NONE', *, *, #3530, .F. ) ;
#5714 =( BOUNDED_SURFACE ( )  B_SPLINE_SURFACE ( 3, 2, ( 
 ( #3703, #5693, #2353 ),
 ( #1287, #3221, #5204 ),
 ( #808, #4808, #4313 ),
 ( #6296, #1867, #5811 ) ),
 .UNSPECIFIED., .F., .F., .F. ) 
 B_SPLINE_SURFACE_WITH_KNOTS ( ( 4, 4 ),
 ( 3, 3 ),
 ( -1.734723475976807094E-18, 0.002249330099329556205 ),
 ( 0.000000000000000000, 0.6556274001493717085 ),
 .UNSPECIFIED. ) 
 GEOMETRIC_REPRESENTATION_ITEM ( )  RATIONAL_B_SPLINE_SURFACE ( (
 ( 1.000000000000000000, 0.9246427122564531143, 0.9480980298041257193),
 ( 1.000000000000000000, 0.9323777682687065527, 0.9534255125019857058),
 ( 1.000000000000000000, 0.9403628482562963464, 0.9589251980126687336),
 ( 1.000000000000000000, 0.9484203801752760787, 0.9644747844433054773) ) ) 
 REPRESENTATION_ITEM ( '' )  SURFACE ( )  );
#5715 = DIRECTION ( 'NONE',  ( 0.000000000000000000, 0.000000000000000000, 1.000000000000000000 ) ) ;
#5716 = EDGE_CURVE ( 'NONE', #1774, #3064, #1525, .T. ) ;
#5717 = DIRECTION ( 'NONE',  ( -1.821231995776175725E-16, 0.000000000000000000, -1.000000000000000000 ) ) ;
#5718 = LINE ( 'NONE', #2318, #4482 ) ;
#5719 = CARTESIAN_POINT ( 'NONE',  ( 0.1200000000000000233, -0.3204567334104249654, -0.2643186507442511490 ) ) ;
#5720 = B_SPLINE_CURVE_WITH_KNOTS ( 'NONE', 3,
 ( #4398, #591, #5370, #1516, #3514, #4498 ),
 .UNSPECIFIED., .F., .F.,
 ( 4, 2, 4 ),
 ( 0.000000000000000000, 0.0006740853117301656011, 0.001348170623460331202 ),
 .UNSPECIFIED. ) ;
#5721 = CARTESIAN_POINT ( 'NONE',  ( 0.4766721863916472679, -0.3277072657452858584, -0.1227721205567334911 ) ) ;
#5722 = CARTESIAN_POINT ( 'NONE',  ( -0.3155551913258478613, 0.1027756813566453598, -1.453655855443755307 ) ) ;
#5723 = EDGE_CURVE ( 'NONE', #4107, #6160, #1448, .T. ) ;
#5724 = CARTESIAN_POINT ( 'NONE',  ( -0.2071067811865478780, -0.5000000000000001110, -0.07787672733214327792 ) ) ;
#5725 = ORIENTED_EDGE ( 'NONE', *, *, #1189, .F. ) ;
#5726 = CARTESIAN_POINT ( 'NONE',  ( 0.06249999999999980571, 0.4149390062427396053, -1.640953379406639323 ) ) ;
#5727 = CARTESIAN_POINT ( 'NONE',  ( 0.2690119709949109206, 0.05232107429796488407, -0.3266735628680583203 ) ) ;
#5728 = CARTESIAN_POINT ( 'NONE',  ( -0.7294950701564659745, -0.3748992246552653174, -1.414987658372633961 ) ) ;
#5729 = CARTESIAN_POINT ( 'NONE',  ( 0.5502848193546797662, 0.2499999999999998890, -1.578655855443755085 ) ) ;
#5730 = DIRECTION ( 'NONE',  ( -6.439027471636245766E-17, 0.7071067811865444641, -0.7071067811865505703 ) ) ;
#5731 = ORIENTED_EDGE ( 'NONE', *, *, #1201, .T. ) ;
#5732 = CARTESIAN_POINT ( 'NONE',  ( -0.2575000000000000067, 6.829619984160658046E-17, -1.200220115396831710 ) ) ;
#5733 = VECTOR ( 'NONE', #1839, 39.37007874015748143 ) ;
#5734 = CARTESIAN_POINT ( 'NONE',  ( 0.07931876364373714738, -0.2221155977036565754, -0.2561748159661280111 ) ) ;
#5735 = CIRCLE ( 'NONE', #5526, 0.4707106781186547462 ) ;
#5736 = EDGE_LOOP ( 'NONE', ( #3393, #4595, #2150, #4988 ) ) ;
#5737 = ORIENTED_EDGE ( 'NONE', *, *, #4558, .T. ) ;
#5738 = VERTEX_POINT ( 'NONE', #6130 ) ;
#5739 = CARTESIAN_POINT ( 'NONE',  ( 0.5235282395443845438, 0.3148069358561907949, -0.1442359922553215490 ) ) ;
#5740 = DIRECTION ( 'NONE',  ( 1.000000000000000000, 0.000000000000000000, 0.000000000000000000 ) ) ;
#5741 = AXIS2_PLACEMENT_3D ( 'NONE', #6329, #1403, #1372 ) ;
#5742 = CARTESIAN_POINT ( 'NONE',  ( 0.1101635133304681019, 0.2643212961511714476, -1.512416111929460794 ) ) ;
#5743 = VERTEX_POINT ( 'NONE', #1368 ) ;
#5744 = VERTEX_POINT ( 'NONE', #1425 ) ;
#5745 = ADVANCED_FACE ( 'NONE', ( #4827 ), #2823, .T. ) ;
#5746 = CARTESIAN_POINT ( 'NONE',  ( 0.4498666168733517767, -0.09591180464968485087, -1.000464001661157232 ) ) ;
#5747 = CIRCLE ( 'NONE', #4175, 0.09999999999999999167 ) ;
#5748 = CARTESIAN_POINT ( 'NONE',  ( 0.000000000000000000, 0.3125000000000000555, -0.1250000000000000000 ) ) ;
#5749 = CARTESIAN_POINT ( 'NONE',  ( -0.2574999999999998956, -0.01107808587055056013, -0.3197798846031684739 ) ) ;
#5750 =( BOUNDED_SURFACE ( )  B_SPLINE_SURFACE ( 3, 2, ( 
 ( #3031, #5014, #5590 ),
 ( #3536, #1182, #2163 ),
 ( #4547, #2562, #6105 ),
 ( #3117, #1629, #3568 ) ),
 .UNSPECIFIED., .F., .F., .F. ) 
 B_SPLINE_SURFACE_WITH_KNOTS ( ( 4, 4 ),
 ( 3, 3 ),
 ( 0.000000000000000000, 0.002249330099329040992 ),
 ( 0.3443725998506365071, 1.000000000000000000 ),
 .UNSPECIFIED. ) 
 GEOMETRIC_REPRESENTATION_ITEM ( )  RATIONAL_B_SPLINE_SURFACE ( (
 ( 0.9480980298041248311, 0.9246427122564537804, 1.000000000000000000),
 ( 0.9534255125019834853, 0.9323777682687048873, 1.000000000000000000),
 ( 0.9589251980126658470, 0.9403628482562937929, 1.000000000000000000),
 ( 0.9644747844433012585, 0.9484203801752708607, 1.000000000000000000) ) ) 
 REPRESENTATION_ITEM ( '' )  SURFACE ( )  );
#5751 = EDGE_CURVE ( 'NONE', #403, #1861, #921, .T. ) ;
#5752 = CARTESIAN_POINT ( 'NONE',  ( 0.3270189340712463810, 0.3236121593216773062, -1.326155855443755582 ) ) ;
#5753 = AXIS2_PLACEMENT_3D ( 'NONE', #4333, #3886, #51 ) ;
#5754 = DIRECTION ( 'NONE',  ( -1.000000000000000000, 0.000000000000000000, 9.106159978880878627E-17 ) ) ;
#5755 = CARTESIAN_POINT ( 'NONE',  ( -0.3125000000000002220, -0.2499999999999998890, -1.393655855443755476 ) ) ;
#5756 = DIRECTION ( 'NONE',  ( 0.000000000000000000, 0.000000000000000000, 1.000000000000000000 ) ) ;
#5757 = ORIENTED_EDGE ( 'NONE', *, *, #2450, .T. ) ;
#5758 = CYLINDRICAL_SURFACE ( 'NONE', #494, 0.09999999999999999167 ) ;
#5759 = CARTESIAN_POINT ( 'NONE',  ( 0.7582233602167159914, -0.5000000000000000000, -1.141155855443755307 ) ) ;
#5760 = EDGE_CURVE ( 'NONE', #4757, #2274, #1858, .T. ) ;
#5761 = EDGE_CURVE ( 'NONE', #2402, #4505, #2356, .T. ) ;
#5762 = CARTESIAN_POINT ( 'NONE',  ( -0.06250000000000026368, 0.2100609937572608665, -1.266155855443755529 ) ) ;
#5763 = PLANE ( 'NONE',  #2908 ) ;
#5764 = ORIENTED_EDGE ( 'NONE', *, *, #2158, .T. ) ;
#5765 = CARTESIAN_POINT ( 'NONE',  ( -0.8082233602167163689, 0.4499999999999987343, -1.141155855443755085 ) ) ;
#5766 = CARTESIAN_POINT ( 'NONE',  ( 0.000000000000000000, 0.000000000000000000, -0.06250000000000001388 ) ) ;
#5767 = CARTESIAN_POINT ( 'NONE',  ( -0.1192137061350890953, -0.2966849706444116275, -0.2641264146400872370 ) ) ;
#5768 = EDGE_CURVE ( 'NONE', #3183, #3054, #5371, .T. ) ;
#5769 = DIRECTION ( 'NONE',  ( -0.000000000000000000, -0.000000000000000000, 1.000000000000000000 ) ) ;
#5770 = ORIENTED_EDGE ( 'NONE', *, *, #1873, .F. ) ;
#5771 = CARTESIAN_POINT ( 'NONE',  ( -0.4640639265841039474, 0.4085786437626895418, -0.1250000000000000000 ) ) ;
#5772 = CARTESIAN_POINT ( 'NONE',  ( -0.5000000000000001110, -0.2104964325533064118, -0.1250000000000000555 ) ) ;
#5773 = ORIENTED_EDGE ( 'NONE', *, *, #917, .T. ) ;
#5774 = DIRECTION ( 'NONE',  ( 0.000000000000000000, 0.000000000000000000, -1.000000000000000000 ) ) ;
#5775 = ORIENTED_EDGE ( 'NONE', *, *, #3592, .F. ) ;
#5776 = DIRECTION ( 'NONE',  ( 0.7071067811865491270, -0.7071067811865459074, 0.000000000000000000 ) ) ;
#5777 = DIRECTION ( 'NONE',  ( 1.000000000000000000, 0.000000000000000000, 0.000000000000000000 ) ) ;
#5778 = VECTOR ( 'NONE', #4502, 39.37007874015748143 ) ;
#5779 = CARTESIAN_POINT ( 'NONE',  ( -0.6048807434363822066, 0.3420509227261359086, -1.549218980398491041 ) ) ;
#5780 = CARTESIAN_POINT ( 'NONE',  ( 0.4944905581792657379, 0.07550806534930919189, -0.07241176079231098628 ) ) ;
#5781 = DIRECTION ( 'NONE',  ( -1.000000000000000000, 0.000000000000000000, 0.000000000000000000 ) ) ;
#5782 = CARTESIAN_POINT ( 'NONE',  ( 0.8082233602167162578, -0.4499999999999997335, -1.141155855443755307 ) ) ;
#5783 = ADVANCED_FACE ( 'NONE', ( #4400 ), #5921, .T. ) ;
#5784 = CARTESIAN_POINT ( 'NONE',  ( 0.4640639265841040584, -0.4085786437626901524, -0.1250000000000000278 ) ) ;
#5785 = VERTEX_POINT ( 'NONE', #3884 ) ;
#5786 = DIRECTION ( 'NONE',  ( -0.9700234113329210262, 0.2430114842266568320, 0.000000000000000000 ) ) ;
#5787 = DIRECTION ( 'NONE',  ( -3.100300561798464228E-16, 0.000000000000000000, -1.000000000000000000 ) ) ;
#5788 = DIRECTION ( 'NONE',  ( 1.000000000000000000, 0.000000000000000000, 0.000000000000000000 ) ) ;
#5789 = EDGE_CURVE ( 'NONE', #3268, #4885, #3185, .T. ) ;
#5790 = CARTESIAN_POINT ( 'NONE',  ( -0.06250000000000002776, -0.3124999999999999445, -0.1250000000000000000 ) ) ;
#5791 = VERTEX_POINT ( 'NONE', #2051 ) ;
#5792 = CARTESIAN_POINT ( 'NONE',  ( 0.5000000000000000000, -3.731686759025411706E-14, -0.07818648294174800062 ) ) ;
#5793 = CARTESIAN_POINT ( 'NONE',  ( -0.03120777308193763144, -0.1963628500331356108, -0.2508972646532660056 ) ) ;
#5794 = CARTESIAN_POINT ( 'NONE',  ( 0.3270189340712462700, 0.3236121593216770842, -1.581155855443755698 ) ) ;
#5795 = AXIS2_PLACEMENT_3D ( 'NONE', #543, #477, #3026 ) ;
#5796 = ORIENTED_EDGE ( 'NONE', *, *, #2240, .F. ) ;
#5797 = DIRECTION ( 'NONE',  ( 1.000000000000000000, 0.000000000000000000, 0.000000000000000000 ) ) ;
#5798 = EDGE_CURVE ( 'NONE', #482, #2915, #5402, .T. ) ;
#5799 = CARTESIAN_POINT ( 'NONE',  ( -0.4777984767417224332, -0.3169356545511286538, -0.1213857510507518611 ) ) ;
#5800 = CARTESIAN_POINT ( 'NONE',  ( 0.000000000000000000, 0.5000000000000000000, -0.7600000000000001199 ) ) ;
#5801 = EDGE_LOOP ( 'NONE', ( #918, #790, #4913, #5557 ) ) ;
#5802 = AXIS2_PLACEMENT_3D ( 'NONE', #5748, #2256, #5255 ) ;
#5803 = ORIENTED_EDGE ( 'NONE', *, *, #4812, .F. ) ;
#5804 = AXIS2_PLACEMENT_3D ( 'NONE', #5393, #2461, #5527 ) ;
#5805 = CARTESIAN_POINT ( 'NONE',  ( 0.4831675899355219461, 0.2994933406537461096, -0.1204668213732293935 ) ) ;
#5806 = CARTESIAN_POINT ( 'NONE',  ( 0.3307283210671009832, -0.5000000000000000000, -0.1242047542652713471 ) ) ;
#5807 = AXIS2_PLACEMENT_3D ( 'NONE', #5928, #3036, #3510 ) ;
#5808 = CARTESIAN_POINT ( 'NONE',  ( 0.4974999999999999978, 6.829619984160658046E-17, -0.6477781215626839950 ) ) ;
#5809 = CARTESIAN_POINT ( 'NONE',  ( -0.4971226708742467748, -0.01100997781135359954, -1.604100484368715440 ) ) ;
#5810 = DIRECTION ( 'NONE',  ( 1.000000000000000000, 0.000000000000000000, 0.000000000000000000 ) ) ;
#5811 = CARTESIAN_POINT ( 'NONE',  ( -0.3501526200876660666, 0.5441862003895991950, -0.1435352863234478638 ) ) ;
#5812 = DIRECTION ( 'NONE',  ( -1.776356839400250465E-15, 0.000000000000000000, -1.000000000000000000 ) ) ;
#5813 = CARTESIAN_POINT ( 'NONE',  ( 0.3775000000000000022, 6.829619984160658046E-17, -0.1250000000000000000 ) ) ;
#5814 = LINE ( 'NONE', #5290, #4179 ) ;
#5815 = CARTESIAN_POINT ( 'NONE',  ( -0.4831675899355213910, 0.2994933406537478304, -0.1204668213732293935 ) ) ;
#5816 = CARTESIAN_POINT ( 'NONE',  ( -0.07322262187966697977, 0.2171095957230769480, -0.2552414131242470297 ) ) ;
#5817 = DIRECTION ( 'NONE',  ( -2.590381828630786516E-16, 0.7071067811865447972, -0.7071067811865502373 ) ) ;
#5818 = VERTEX_POINT ( 'NONE', #3545 ) ;
#5819 = DIRECTION ( 'NONE',  ( 0.000000000000000000, 0.000000000000000000, 1.000000000000000000 ) ) ;
#5820 = CARTESIAN_POINT ( 'NONE',  ( 0.4974999999999999978, 6.829619984160658046E-17, -1.641155855443755307 ) ) ;
#5821 = EDGE_CURVE ( 'NONE', #3049, #560, #2505, .T. ) ;
#5822 = CARTESIAN_POINT ( 'NONE',  ( 0.7712828351005508454, -0.2693398196068705341, -1.329786808251101959 ) ) ;
#5823 = B_SPLINE_CURVE_WITH_KNOTS ( 'NONE', 3,
 ( #3975, #5952, #4549, #2190 ),
 .UNSPECIFIED., .F., .F.,
 ( 4, 4 ),
 ( 0.000000000000000000, 0.001016146922491150848 ),
 .UNSPECIFIED. ) ;
#5824 = EDGE_LOOP ( 'NONE', ( #1677, #3989, #992, #4088 ) ) ;
#5825 = CARTESIAN_POINT ( 'NONE',  ( 0.5000000000000001110, 0.2822731872607306403, -0.1250000000000000278 ) ) ;
#5826 = PLANE ( 'NONE',  #4458 ) ;
#5827 = CARTESIAN_POINT ( 'NONE',  ( -0.4416152470997395940, 0.5199190173187594466, -0.1683334754517379628 ) ) ;
#5828 = EDGE_CURVE ( 'NONE', #214, #6076, #4589, .T. ) ;
#5829 = CARTESIAN_POINT ( 'NONE',  ( 0.5199265109473562019, -0.3022088300667187255, -0.1412097098256077377 ) ) ;
#5830 = AXIS2_PLACEMENT_3D ( 'NONE', #2071, #620, #3120 ) ;
#5831 = CARTESIAN_POINT ( 'NONE',  ( 0.4837900195676327897, -0.2971983319813766289, -0.1204170941220509689 ) ) ;
#5832 = AXIS2_PLACEMENT_3D ( 'NONE', #6002, #2552, #1112 ) ;
#5833 = CARTESIAN_POINT ( 'NONE',  ( -0.4895454891964743926, -0.2730304255502442046, -0.1206197306567599603 ) ) ;
#5834 = DIRECTION ( 'NONE',  ( 0.000000000000000000, 0.000000000000000000, 1.000000000000000000 ) ) ;
#5835 = CIRCLE ( 'NONE', #3860, 0.1875000000000000278 ) ;
#5836 = VERTEX_POINT ( 'NONE', #5537 ) ;
#5837 = DIRECTION ( 'NONE',  ( -1.000000000000000000, -0.000000000000000000, 3.100300561798464228E-16 ) ) ;
#5838 = CARTESIAN_POINT ( 'NONE',  ( 0.2071067811865482111, -0.4999999999999999445, -0.07787672733214338894 ) ) ;
#5839 = ORIENTED_EDGE ( 'NONE', *, *, #3087, .T. ) ;
#5840 = ADVANCED_FACE ( 'NONE', ( #2539 ), #1485, .T. ) ;
#5841 = ADVANCED_FACE ( 'NONE', ( #3458 ), #5501, .T. ) ;
#5842 = CARTESIAN_POINT ( 'NONE',  ( 0.3270189340712462700, -0.1763878406783228325, -1.581155855443755698 ) ) ;
#5843 = AXIS2_PLACEMENT_3D ( 'NONE', #2621, #6075, #4776 ) ;
#5844 = DIRECTION ( 'NONE',  ( 1.000000000000000000, -0.000000000000000000, -0.000000000000000000 ) ) ;
#5845 = DIRECTION ( 'NONE',  ( 0.000000000000000000, 0.000000000000000000, -1.000000000000000000 ) ) ;
#5846 = ORIENTED_EDGE ( 'NONE', *, *, #5635, .T. ) ;
#5847 = CARTESIAN_POINT ( 'NONE',  ( 0.5280535665904122489, 0.09060967841790353028, -0.1481187145407487915 ) ) ;
#5848 = CARTESIAN_POINT ( 'NONE',  ( 0.000000000000000000, -0.5000000000000000000, -0.7600000000000001199 ) ) ;
#5849 = VERTEX_POINT ( 'NONE', #5989 ) ;
#5850 = CARTESIAN_POINT ( 'NONE',  ( -0.2590148785302567314, 0.02182552414186117798, -1.199343280844728410 ) ) ;
#5851 = VECTOR ( 'NONE', #1361, 39.37007874015748854 ) ;
#5852 = AXIS2_PLACEMENT_3D ( 'NONE', #2059, #1964, #4860 ) ;
#5853 = ORIENTED_EDGE ( 'NONE', *, *, #1651, .F. ) ;
#5854 = CARTESIAN_POINT ( 'NONE',  ( -0.4199742470160808261, 0.2713990344795513265, -0.1197775052974512922 ) ) ;
#5855 = CARTESIAN_POINT ( 'NONE',  ( 0.7110422809931158383, 0.3741931271001099901, -1.437518249595221009 ) ) ;
#5856 = ORIENTED_EDGE ( 'NONE', *, *, #5424, .F. ) ;
#5857 = CARTESIAN_POINT ( 'NONE',  ( 0.5000000000000001110, 0.2104964325533059954, -0.1250000000000000555 ) ) ;
#5858 = CARTESIAN_POINT ( 'NONE',  ( 0.3270189340712462700, -0.3236121593216770842, -1.581155855443755698 ) ) ;
#5859 = CARTESIAN_POINT ( 'NONE',  ( -0.5035991566204434111, 0.3568500837366319622, -0.1269688897908058944 ) ) ;
#5860 = CARTESIAN_POINT ( 'NONE',  ( -0.4166666666666667407, -0.2763853991962831325, -0.02500000000000005690 ) ) ;
#5861 = CARTESIAN_POINT ( 'NONE',  ( 0.3543101134631985727, 0.1179868841441955862, -1.126988473492422926 ) ) ;
#5862 = CARTESIAN_POINT ( 'NONE',  ( -0.5000000000000001110, -0.3121068144790485888, -0.1250000000000000278 ) ) ;
#5863 = DIRECTION ( 'NONE',  ( 0.7071067811865435759, 0.7071067811865513475, 0.000000000000000000 ) ) ;
#5864 = CARTESIAN_POINT ( 'NONE',  ( -0.5235282395443865422, 0.3148069358562010089, -0.1442359922553231866 ) ) ;
#5865 = EDGE_CURVE ( 'NONE', #455, #5743, #5442, .T. ) ;
#5866 = ORIENTED_EDGE ( 'NONE', *, *, #5555, .F. ) ;
#5867 = LINE ( 'NONE', #2446, #3562 ) ;
#5868 = DIRECTION ( 'NONE',  ( -1.000000000000000000, -6.972611193684167326E-32, 3.663353113774463059E-16 ) ) ;
#5869 = ORIENTED_EDGE ( 'NONE', *, *, #6145, .T. ) ;
#5870 = CARTESIAN_POINT ( 'NONE',  ( -0.06250000000000006939, 0.5000000000000000000, -1.266155855443755529 ) ) ;
#5871 = CARTESIAN_POINT ( 'NONE',  ( 0.1024390062427410902, 0.2499999999999967526, -1.393655855443750813 ) ) ;
#5872 = CARTESIAN_POINT ( 'NONE',  ( 0.4922054839641567536, -0.03613869245775176708, -0.6262406744541476611 ) ) ;
#5873 = DIRECTION ( 'NONE',  ( 0.000000000000000000, 0.000000000000000000, -1.000000000000000000 ) ) ;
#5874 = DIRECTION ( 'NONE',  ( 1.000000000000000000, 0.000000000000000000, 0.000000000000000000 ) ) ;
#5875 = EDGE_CURVE ( 'NONE', #4926, #3285, #623, .T. ) ;
#5876 = ORIENTED_EDGE ( 'NONE', *, *, #1386, .F. ) ;
#5877 = DIRECTION ( 'NONE',  ( 1.000000000000000000, 0.000000000000000000, -1.821231995776175725E-16 ) ) ;
#5878 = PLANE ( 'NONE',  #1981 ) ;
#5879 = DIRECTION ( 'NONE',  ( 0.000000000000000000, 0.000000000000000000, 1.000000000000000000 ) ) ;
#5880 = LINE ( 'NONE', #3792, #4071 ) ;
#5881 = EDGE_CURVE ( 'NONE', #2368, #2878, #4174, .T. ) ;
#5882 = ORIENTED_EDGE ( 'NONE', *, *, #2988, .T. ) ;
#5883 = CARTESIAN_POINT ( 'NONE',  ( -0.3693692276550244458, 0.1199717802316917215, -1.111829109645693592 ) ) ;
#5884 = CARTESIAN_POINT ( 'NONE',  ( 0.4166666666666666852, 0.2763853991962832435, -0.02500000000000002220 ) ) ;
#5885 = ORIENTED_EDGE ( 'NONE', *, *, #3172, .T. ) ;
#5886 = DIRECTION ( 'NONE',  ( 0.000000000000000000, 0.000000000000000000, 1.000000000000000000 ) ) ;
#5887 = CARTESIAN_POINT ( 'NONE',  ( 0.5753228438838305925, -0.3094902538077349829, -1.563883663003152291 ) ) ;
#5888 = ORIENTED_EDGE ( 'NONE', *, *, #1116, .T. ) ;
#5889 = CARTESIAN_POINT ( 'NONE',  ( 0.4166666666666666852, 0.2763853991962832435, -0.1250000000000001665 ) ) ;
#5890 = CARTESIAN_POINT ( 'NONE',  ( -0.4784440581907031809, 0.1481234900128490795, -0.05609306912244133025 ) ) ;
#5891 = CARTESIAN_POINT ( 'NONE',  ( -0.5295890070837040442, 0.3670393891371570572, -0.1494588600461911887 ) ) ;
#5892 = ORIENTED_EDGE ( 'NONE', *, *, #1028, .F. ) ;
#5893 = CARTESIAN_POINT ( 'NONE',  ( 0.5016053291289902516, -0.3100390486111986865, -0.1258156929987268580 ) ) ;
#5894 = CARTESIAN_POINT ( 'NONE',  ( -0.4003331928299891374, -0.1263489773778733449, -1.412825709033127097 ) ) ;
#5895 = DIRECTION ( 'NONE',  ( -0.000000000000000000, -1.000000000000000000, -0.000000000000000000 ) ) ;
#5896 = DIRECTION ( 'NONE',  ( 0.000000000000000000, 1.000000000000000000, 0.000000000000000000 ) ) ;
#5897 = ORIENTED_EDGE ( 'NONE', *, *, #327, .F. ) ;
#5898 = EDGE_LOOP ( 'NONE', ( #2279, #6181, #5642, #335, #5866 ) ) ;
#5899 = ORIENTED_EDGE ( 'NONE', *, *, #3476, .T. ) ;
#5900 = PLANE ( 'NONE',  #5937 ) ;
#5901 = LINE ( 'NONE', #950, #3409 ) ;
#5902 = ADVANCED_FACE ( 'NONE', ( #1037 ), #624, .F. ) ;
#5903 = FACE_OUTER_BOUND ( 'NONE', #4890, .T. ) ;
#5904 = CARTESIAN_POINT ( 'NONE',  ( -0.4166666666666667407, -0.2763853991962831325, -0.02500000000000005690 ) ) ;
#5905 = AXIS2_PLACEMENT_3D ( 'NONE', #5925, #2970, #2498 ) ;
#5906 = ORIENTED_EDGE ( 'NONE', *, *, #1420, .T. ) ;
#5907 = APPROVAL_STATUS ( 'not_yet_approved' ) ;
#5908 = B_SPLINE_CURVE_WITH_KNOTS ( 'NONE', 3,
 ( #488, #1599, #5431, #5532, #3068, #1479 ),
 .UNSPECIFIED., .F., .F.,
 ( 4, 2, 4 ),
 ( 0.000000000000000000, 0.001282836618771686973, 0.002565673237543373945 ),
 .UNSPECIFIED. ) ;
#5909 = CARTESIAN_POINT ( 'NONE',  ( 0.2769337017136850321, 0.06567500637429359023, -0.3317272653213109157 ) ) ;
#5910 = CARTESIAN_POINT ( 'NONE',  ( 0.06249999999999981265, 0.2499999999999998890, -1.453655855443755307 ) ) ;
#5911 = CARTESIAN_POINT ( 'NONE',  ( 0.4965191401184606002, 0.06085701918160188462, -0.07452963539306454999 ) ) ;
#5912 = VECTOR ( 'NONE', #262, 39.37007874015748143 ) ;
#5913 = CC_DESIGN_APPROVAL ( #5222, ( #4252 ) ) ;
#5914 = ADVANCED_FACE ( 'NONE', ( #4527 ), #1604, .T. ) ;
#5915 = CARTESIAN_POINT ( 'NONE',  ( 0.4864221124096197446, 0.1195117099028897151, -0.06413473609137763931 ) ) ;
#5916 = CARTESIAN_POINT ( 'NONE',  ( 0.3082233602167161468, -0.5000000000000000000, -1.141155855443755307 ) ) ;
#5917 = CARTESIAN_POINT ( 'NONE',  ( -0.07936856691505275729, 0.2221571880403253318, -0.2561825069640480956 ) ) ;
#5918 = CARTESIAN_POINT ( 'NONE',  ( 0.06630158192316847054, 0.2123804117105647093, -1.500500561510616615 ) ) ;
#5919 = FACE_OUTER_BOUND ( 'NONE', #723, .T. ) ;
#5920 = VERTEX_POINT ( 'NONE', #2979 ) ;
#5921 =( BOUNDED_SURFACE ( )  B_SPLINE_SURFACE ( 3, 2, ( 
 ( #15, #465, #5772 ),
 ( #4762, #1396, #5250 ),
 ( #4368, #3295, #3915 ),
 ( #974, #1956, #2341 ),
 ( #2920, #4306, #432 ),
 ( #4889, #2307, #1927 ),
 ( #5278, #3267, #855 ),
 ( #1828, #3330, #885 ) ),
 .UNSPECIFIED., .F., .F., .F. ) 
 B_SPLINE_SURFACE_WITH_KNOTS ( ( 4, 2, 2, 4 ),
 ( 3, 3 ),
 ( -1.934379465266239232E-05, 0.001180946946479352784, 0.001781092317045360413, 0.002381237687611368042 ),
 ( 0.000000000000000000, 1.000000000000000000 ),
 .UNSPECIFIED. ) 
 GEOMETRIC_REPRESENTATION_ITEM ( )  RATIONAL_B_SPLINE_SURFACE ( (
 ( 1.000000000000000000, 1.000000000000000000, 1.000000000000000000),
 ( 1.000000000000000000, 0.9999556122576397366, 1.000000000000000000),
 ( 1.000000000000000000, 0.9985395295695839168, 1.000000000000000000),
 ( 1.000000000000000000, 0.9924507290661417347, 1.000000000000000000),
 ( 1.000000000000000000, 0.9897703678038659580, 1.000000000000000000),
 ( 1.000000000000000000, 0.9821763426609425585, 1.000000000000000000),
 ( 1.000000000000000000, 0.9773660703003279604, 1.000000000000000000),
 ( 1.000000000000000000, 0.9697339845682851900, 1.000000000000000000) ) ) 
 REPRESENTATION_ITEM ( '' )  SURFACE ( )  );
#5922 = EDGE_CURVE ( 'NONE', #4893, #5668, #3728, .T. ) ;
#5923 = EDGE_CURVE ( 'NONE', #3972, #85, #5180, .T. ) ;
#5924 = CARTESIAN_POINT ( 'NONE',  ( -0.3775000000000000022, 6.829619984160658046E-17, -0.1250000000000000000 ) ) ;
#5925 = CARTESIAN_POINT ( 'NONE',  ( 0.000000000000000000, -0.3124999999999999445, -0.1250000000000000000 ) ) ;
#5926 = ORIENTED_EDGE ( 'NONE', *, *, #2225, .T. ) ;
#5927 = CARTESIAN_POINT ( 'NONE',  ( 0.3428302749164103824, -0.1150146956441788632, -1.639983955246598457 ) ) ;
#5928 = CARTESIAN_POINT ( 'NONE',  ( 0.4640639265841040029, -0.3803218006416974606, -0.2249999999999999223 ) ) ;
#5929 = CARTESIAN_POINT ( 'NONE',  ( 0.7455983788683538949, 0.1461045450213681318, -1.383575253905974911 ) ) ;
#5930 = CARTESIAN_POINT ( 'NONE',  ( 0.5000000000000001110, -0.2104964325533064118, -0.1250000000000000555 ) ) ;
#5931 = CARTESIAN_POINT ( 'NONE',  ( 0.5111412531610122212, 0.1770783255072675699, -0.1337726402842614459 ) ) ;
#5932 = ORIENTED_EDGE ( 'NONE', *, *, #48, .F. ) ;
#5933 = ORIENTED_EDGE ( 'NONE', *, *, #6351, .T. ) ;
#5934 = ORIENTED_EDGE ( 'NONE', *, *, #3653, .F. ) ;
#5935 = CARTESIAN_POINT ( 'NONE',  ( -0.06250000000000020817, -0.4792893218813452094, -1.611866533562409831 ) ) ;
#5936 = DIRECTION ( 'NONE',  ( -0.000000000000000000, -1.000000000000000000, -0.000000000000000000 ) ) ;
#5937 = AXIS2_PLACEMENT_3D ( 'NONE', #3955, #2548, #1015 ) ;
#5938 = LINE ( 'NONE', #2862, #4990 ) ;
#5939 = DIRECTION ( 'NONE',  ( 0.000000000000000000, 0.000000000000000000, 1.000000000000000000 ) ) ;
#5940 = VERTEX_POINT ( 'NONE', #3950 ) ;
#5941 =( NAMED_UNIT ( * ) SI_UNIT ( $, .STERADIAN. ) SOLID_ANGLE_UNIT ( ) );
#5942 = CARTESIAN_POINT ( 'NONE',  ( 0.3270189340712463810, 0.1027756813566453598, -1.453655855443755529 ) ) ;
#5943 = AXIS2_PLACEMENT_3D ( 'NONE', #5916, #5354, #578 ) ;
#5944 = CARTESIAN_POINT ( 'NONE',  ( 0.4272327084602777769, -0.2599316800300851549, -0.02563161009947846972 ) ) ;
#5945 = CARTESIAN_POINT ( 'NONE',  ( -0.5194374838769064695, 0.1434140518860129720, -0.1407530322398745093 ) ) ;
#5946 = EDGE_CURVE ( 'NONE', #2327, #422, #5063, .T. ) ;
#5947 = CARTESIAN_POINT ( 'NONE',  ( -0.07322262187966700753, -0.4078904042769231353, -0.2552414131242471407 ) ) ;
#5948 = CARTESIAN_POINT ( 'NONE',  ( 0.000000000000000000, 0.5000000000000000000, -0.7600000000000001199 ) ) ;
#5949 = FACE_OUTER_BOUND ( 'NONE', #1030, .T. ) ;
#5950 = VERTEX_POINT ( 'NONE', #49 ) ;
#5951 = CARTESIAN_POINT ( 'NONE',  ( -0.4220250183486792261, 0.2683073800944628107, -0.02500000011722688931 ) ) ;
#5952 = CARTESIAN_POINT ( 'NONE',  ( 0.4876775587840139758, 0.4932184277019022733, -0.1705180108599856359 ) ) ;
#5953 = EDGE_CURVE ( 'NONE', #1369, #3417, #1748, .T. ) ;
#5954 = ORIENTED_EDGE ( 'NONE', *, *, #374, .T. ) ;
#5955 = EDGE_CURVE ( 'NONE', #5221, #4019, #613, .T. ) ;
#5956 = CARTESIAN_POINT ( 'NONE',  ( 0.5000000000000001110, 0.3219692077899816152, -0.1250000000000000278 ) ) ;
#5957 = AXIS2_PLACEMENT_3D ( 'NONE', #5257, #4809, #3733 ) ;
#5958 =( BOUNDED_SURFACE ( )  B_SPLINE_SURFACE ( 3, 2, ( 
 ( #4418, #4840, #898 ),
 ( #4940, #4348, #6334 ),
 ( #544, #2838, #5915 ),
 ( #5847, #478, #5780 ),
 ( #2490, #1440, #4870 ),
 ( #1501, #1022, #66 ),
 ( #4810, #4381, #2008 ),
 ( #1378, #3312, #2357 ),
 ( #3472, #3499, #5678 ),
 ( #124, #2996, #5455 ),
 ( #1743, #786, #4971 ),
 ( #4187, #4152, #3059 ) ),
 .UNSPECIFIED., .F., .F., .F. ) 
 B_SPLINE_SURFACE_WITH_KNOTS ( ( 4, 2, 2, 2, 2, 4 ),
 ( 3, 3 ),
 ( 1.040834085586084257E-17, 0.002755446413220373654, 0.004133169619830555711, 0.005510892826440736900, 0.008266339239661101013, 0.01102178565288146339 ),
 ( 0.000000000000000000, 1.000000000000000000 ),
 .UNSPECIFIED. ) 
 GEOMETRIC_REPRESENTATION_ITEM ( )  RATIONAL_B_SPLINE_SURFACE ( (
 ( 1.000000000000000000, 0.8886281962971862569, 1.000000000000000000),
 ( 1.000000000000000000, 0.8958051934398377769, 1.000000000000000000),
 ( 1.000000000000000000, 0.9014408208599089534, 1.000000000000000000),
 ( 1.000000000000000000, 0.9072321015123531174, 1.000000000000000000),
 ( 1.000000000000000000, 0.9087191739719028272, 1.000000000000000000),
 ( 1.000000000000000000, 0.9107193382342920751, 1.000000000000000000),
 ( 1.000000000000000000, 0.9112141836270226669, 1.000000000000000000),
 ( 1.000000000000000000, 0.9112206362061981979, 1.000000000000000000),
 ( 1.000000000000000000, 0.9092547942267833472, 1.000000000000000000),
 ( 1.000000000000000000, 0.9014869928144905176, 1.000000000000000000),
 ( 1.000000000000000000, 0.8958095253197099206, 1.000000000000000000),
 ( 1.000000000000000000, 0.8886281962971863679, 1.000000000000000000) ) ) 
 REPRESENTATION_ITEM ( '' )  SURFACE ( )  );
#5959 = CARTESIAN_POINT ( 'NONE',  ( 0.7109783040438518720, 0.1257951934495891155, -1.437605507776258174 ) ) ;
#5960 = CARTESIAN_POINT ( 'NONE',  ( 0.5016027549514477935, -0.2923936071407472470, -0.1259972845638549499 ) ) ;
#5961 = CIRCLE ( 'NONE', #4296, 0.09999999999999996392 ) ;
#5962 = CARTESIAN_POINT ( 'NONE',  ( 0.4297007272410580669, 0.5000000000000000000, -0.1443947498903832560 ) ) ;
#5963 = CARTESIAN_POINT ( 'NONE',  ( 0.3643560065438438134, 0.5000000000000001110, -0.1278127172415866319 ) ) ;
#5964 = EDGE_CURVE ( 'NONE', #4325, #3650, #4346, .T. ) ;
#5965 = CARTESIAN_POINT ( 'NONE',  ( 0.4400000000000000022, 6.829619984160658046E-17, -0.1250000000000000000 ) ) ;
#5966 = ORIENTED_EDGE ( 'NONE', *, *, #5709, .F. ) ;
#5967 = LINE ( 'NONE', #3488, #864 ) ;
#5968 = ORIENTED_EDGE ( 'NONE', *, *, #3138, .T. ) ;
#5969 = CARTESIAN_POINT ( 'NONE',  ( -0.4271360613294427622, -0.2600890120688715834, -0.02561813966736600778 ) ) ;
#5970 = ORIENTED_EDGE ( 'NONE', *, *, #1232, .T. ) ;
#5971 = ORIENTED_EDGE ( 'NONE', *, *, #5987, .T. ) ;
#5972 = CARTESIAN_POINT ( 'NONE',  ( 0.3535533905932743415, 0.3535533905932731757, 0.000000000000000000 ) ) ;
#5973 = CARTESIAN_POINT ( 'NONE',  ( -0.2575000000000000067, 6.829619984160658046E-17, -1.641155855443755307 ) ) ;
#5974 = VERTEX_POINT ( 'NONE', #777 ) ;
#5975 = FACE_OUTER_BOUND ( 'NONE', #2765, .T. ) ;
#5976 = DIRECTION ( 'NONE',  ( 0.000000000000000000, 0.000000000000000000, 1.000000000000000000 ) ) ;
#5977 = CARTESIAN_POINT ( 'NONE',  ( -0.06250000000000026368, -0.4149390062427391612, -1.266155855443755529 ) ) ;
#5978 = CARTESIAN_POINT ( 'NONE',  ( 0.7582233602167161024, 0.5000000000000000000, -0.7600000000000056710 ) ) ;
#5979 = ORIENTED_EDGE ( 'NONE', *, *, #2776, .T. ) ;
#5980 = LINE ( 'NONE', #223, #4793 ) ;
#5981 = EDGE_CURVE ( 'NONE', #6324, #5662, #1077, .T. ) ;
#5982 = CARTESIAN_POINT ( 'NONE',  ( 0.6205346872164212435, -0.3484358141008955245, -1.531975489084627107 ) ) ;
#5983 = VERTEX_POINT ( 'NONE', #4724 ) ;
#5984 = CYLINDRICAL_SURFACE ( 'NONE', #2344, 0.1249999999999999029 ) ;
#5985 = CARTESIAN_POINT ( 'NONE',  ( 0.4461738156274077660, -0.4999999999999998335, -0.1511564855308066002 ) ) ;
#5986 = CARTESIAN_POINT ( 'NONE',  ( -0.4166666666666669072, -0.2763853991962830214, -0.1249999999999999584 ) ) ;
#5987 = EDGE_CURVE ( 'NONE', #3976, #5221, #2749, .T. ) ;
#5988 = CARTESIAN_POINT ( 'NONE',  ( 0.5000000000000000000, -0.2104964325533063563, -0.1250000000000000000 ) ) ;
#5989 = CARTESIAN_POINT ( 'NONE',  ( 0.7789340383353711150, -0.4792893218813449319, -0.7600000000000056710 ) ) ;
#5990 = CARTESIAN_POINT ( 'NONE',  ( -0.06250000000000002776, -0.3124999999999999445, -0.1250000000000000000 ) ) ;
#5991 = VERTEX_POINT ( 'NONE', #2758 ) ;
#5992 = CARTESIAN_POINT ( 'NONE',  ( -0.1070525665926261999, 0.3669580865423927585, -1.258644431717088619 ) ) ;
#5993 = CARTESIAN_POINT ( 'NONE',  ( 0.4863923699073150475, -0.1197308857420532335, -0.06410362307370828794 ) ) ;
#5994 = ORIENTED_EDGE ( 'NONE', *, *, #2044, .F. ) ;
#5995 = CARTESIAN_POINT ( 'NONE',  ( -0.2910533905932736753, 0.2499999999999998890, -1.453655855443755307 ) ) ;
#5996 = EDGE_LOOP ( 'NONE', ( #1641, #2276, #3083, #636 ) ) ;
#5997 = DIRECTION ( 'NONE',  ( -1.000000000000000000, -0.000000000000000000, 3.100300561798464228E-16 ) ) ;
#5998 = EDGE_CURVE ( 'NONE', #4420, #2697, #5567, .T. ) ;
#5999 = CARTESIAN_POINT ( 'NONE',  ( 0.7789340383353711150, 0.4792893218813446543, -1.141155855443755307 ) ) ;
#6000 = EDGE_LOOP ( 'NONE', ( #2905, #1163, #851, #20, #5325 ) ) ;
#6001 = CARTESIAN_POINT ( 'NONE',  ( -0.1095698235369331891, -0.3624792396361635194, -1.258116880579337682 ) ) ;
#6002 = CARTESIAN_POINT ( 'NONE',  ( 0.5000000000000000000, 0.5000000000000000000, -0.1250000000000000000 ) ) ;
#6003 = LINE ( 'NONE', #4970, #3363 ) ;
#6004 = AXIS2_PLACEMENT_3D ( 'NONE', #1206, #3056, #732 ) ;
#6005 = CARTESIAN_POINT ( 'NONE',  ( -0.4785408919751437118, -0.1478650180511496270, -0.05618456567177369104 ) ) ;
#6006 = AXIS2_PLACEMENT_3D ( 'NONE', #2139, #2721, #3674 ) ;
#6007 = CARTESIAN_POINT ( 'NONE',  ( 0.4424381323395905063, 0.1010544976714906756, -1.622827219485038386 ) ) ;
#6008 = CARTESIAN_POINT ( 'NONE',  ( -0.4975000000000016076, 2.075730278022688051E-14, -0.8722218784373116929 ) ) ;
#6010 = EDGE_LOOP ( 'NONE', ( #4729, #2249, #2343, #3925 ) ) ;
#6009 = AXIS2_PLACEMENT_3D ( 'NONE', #547, #2998, #4975 ) ;
#6011 = CARTESIAN_POINT ( 'NONE',  ( -0.1195188028722484197, 0.3015159177649515687, -1.422633529803612573 ) ) ;
#6012 = CARTESIAN_POINT ( 'NONE',  ( 0.4777984767417230993, -0.3169356545511294310, -0.1213857510507521109 ) ) ;
#6013 = ORIENTED_EDGE ( 'NONE', *, *, #3730, .F. ) ;
#6014 = CYLINDRICAL_SURFACE ( 'NONE', #1230, 0.1200000000000000233 ) ;
#6015 = EDGE_CURVE ( 'NONE', #6198, #1613, #1218, .T. ) ;
#6016 = DIRECTION ( 'NONE',  ( 0.000000000000000000, 0.000000000000000000, 1.000000000000000000 ) ) ;
#6017 = CARTESIAN_POINT ( 'NONE',  ( 0.2071067811865482666, 0.4999999999999999445, -0.07787672733214343057 ) ) ;
#6018 = CARTESIAN_POINT ( 'NONE',  ( -0.4640639265841039474, -0.4085786437626903189, -0.2249999999999999778 ) ) ;
#6019 = CARTESIAN_POINT ( 'NONE',  ( 0.1195191417302294973, -0.3015195861202571992, -1.422639521604863067 ) ) ;
#6020 = VERTEX_POINT ( 'NONE', #5790 ) ;
#6021 = CARTESIAN_POINT ( 'NONE',  ( -0.3542579124817709091, 0.1179775528995592321, -0.3929605846899306143 ) ) ;
#6022 = B_SPLINE_CURVE_WITH_KNOTS ( 'NONE', 3,
 ( #2175, #630, #2605, #2083, #4504, #3016, #117, #3133, #2148, #1196 ),
 .UNSPECIFIED., .F., .F.,
 ( 4, 2, 2, 2, 4 ),
 ( 0.01660516629333735200, 0.01698048837851336840, 0.01735581046368938826, 0.01773113254886540813, 0.01810645463404142452 ),
 .UNSPECIFIED. ) ;
#6023 = B_SPLINE_CURVE_WITH_KNOTS ( 'NONE', 3,
 ( #2691, #4096, #6070, #5586, #1177, #2491, #4452, #69, #5947, #5456, #2997, #4973, #580, #4611, #2258, #2160, #1210, #2228, #2683, #4123, #1751, #4225, #316, #3732, #3177, #6205, #2193, #5229, #5719, #4196 ),
 .UNSPECIFIED., .F., .F.,
 ( 4, 2, 2, 2, 2, 2, 2, 2, 2, 2, 2, 2, 2, 2, 4 ),
 ( 0.009562998876815534746, 0.01075805245334839934, 0.01135557924161483163, 0.01195310602988126220, 0.01255063281814769449, 0.01314815960641412679, 0.01434321318294699485, 0.01494073997121342715, 0.01553826675947986118, 0.01613579354774629521, 0.01673332033601272750, 0.01733084712427915980, 0.01792837391254559209, 0.01852590070081202786, 0.01912342748907846016 ),
 .UNSPECIFIED. ) ;
#6024 = EDGE_CURVE ( 'NONE', #4325, #6198, #2297, .T. ) ;
#6025 = ORIENTED_EDGE ( 'NONE', *, *, #4920, .F. ) ;
#6026 = LINE ( 'NONE', #2668, #1598 ) ;
#6027 = ORIENTED_EDGE ( 'NONE', *, *, #1814, .F. ) ;
#6028 = ORIENTED_EDGE ( 'NONE', *, *, #4328, .T. ) ;
#6029 = CARTESIAN_POINT ( 'NONE',  ( 0.6341683380263833936, -0.1440955555868576876, -1.520414847466181163 ) ) ;
#6030 = CARTESIAN_POINT ( 'NONE',  ( 0.4263169177411112454, 0.4943428555382602951, -0.1250000000000000555 ) ) ;
#6031 = DIRECTION ( 'NONE',  ( -0.000000000000000000, 1.000000000000000000, -0.000000000000000000 ) ) ;
#6032 = DIRECTION ( 'NONE',  ( -0.3381620517103007262, 0.9026334081950868615, -0.2662693320553495835 ) ) ;
#6033 = ORIENTED_EDGE ( 'NONE', *, *, #4217, .T. ) ;
#6034 = LINE ( 'NONE', #151, #3964 ) ;
#6035 = EDGE_CURVE ( 'NONE', #949, #1226, #2092, .T. ) ;
#6036 = EDGE_CURVE ( 'NONE', #5791, #1269, #1784, .T. ) ;
#6037 = B_SPLINE_CURVE_WITH_KNOTS ( 'NONE', 3,
 ( #5547, #2640, #3556, #3051, #1615, #5611, #1200, #3525 ),
 .UNSPECIFIED., .F., .F.,
 ( 4, 2, 2, 4 ),
 ( 0.004981505939174103725, 0.006458929661864266925, 0.007197641523209348524, 0.007936353384554431858 ),
 .UNSPECIFIED. ) ;
#6038 = CARTESIAN_POINT ( 'NONE',  ( -0.5103971553117282456, 0.4792893218813439327, -0.1715843476528301770 ) ) ;
#6039 = CIRCLE ( 'NONE', #3234, 0.1199999999999999956 ) ;
#6040 = AXIS2_PLACEMENT_3D ( 'NONE', #3090, #3628, #1564 ) ;
#6041 = CYLINDRICAL_SURFACE ( 'NONE', #385, 0.09999999999999996392 ) ;
#6042 = AXIS2_PLACEMENT_3D ( 'NONE', #1973, #2839, #5323 ) ;
#6043 = CARTESIAN_POINT ( 'NONE',  ( 0.3919520591349282546, -0.4939650176103101420, -0.1261467606890603055 ) ) ;
#6044 = ORIENTED_EDGE ( 'NONE', *, *, #5502, .F. ) ;
#6045 = CARTESIAN_POINT ( 'NONE',  ( -0.1196728703576040859, 0.3034990399512669246, -1.426187502764890480 ) ) ;
#6046 = ORIENTED_EDGE ( 'NONE', *, *, #4769, .F. ) ;
#6047 = CARTESIAN_POINT ( 'NONE',  ( -0.07931008520886938251, 0.4028982275791286871, -0.2561729050929239526 ) ) ;
#6048 = CARTESIAN_POINT ( 'NONE',  ( -0.3775000000000000022, 6.829619984160658046E-17, -0.1250000000000000000 ) ) ;
#6049 = CARTESIAN_POINT ( 'NONE',  ( 0.7712828351005507344, 0.2306601803931292161, -1.329786808251101959 ) ) ;
#6050 = CARTESIAN_POINT ( 'NONE',  ( -0.07729793424201276963, -0.2205961507495124707, -1.506064712487990676 ) ) ;
#6051 = LINE ( 'NONE', #5965, #2903 ) ;
#6052 = EDGE_LOOP ( 'NONE', ( #361, #6123, #4234, #1486, #1297, #2794, #307, #3701 ) ) ;
#6053 = CARTESIAN_POINT ( 'NONE',  ( -0.2690172942525752009, 0.05233795969577943047, -0.3266765458281526979 ) ) ;
#6054 = FACE_OUTER_BOUND ( 'NONE', #686, .T. ) ;
#6055 = ORIENTED_EDGE ( 'NONE', *, *, #380, .F. ) ;
#6056 = VECTOR ( 'NONE', #4654, 39.37007874015748143 ) ;
#6057 = CARTESIAN_POINT ( 'NONE',  ( 0.5011996232779505345, 0.2673004516848448975, -0.1258327260342630982 ) ) ;
#6058 = ORIENTED_EDGE ( 'NONE', *, *, #2819, .F. ) ;
#6059 = ORIENTED_EDGE ( 'NONE', *, *, #4093, .T. ) ;
#6060 = CARTESIAN_POINT ( 'NONE',  ( 0.6992664133857346975, -0.1247651373265894342, -1.452891452017043949 ) ) ;
#6061 = CARTESIAN_POINT ( 'NONE',  ( -0.3501526200876832196, -0.5441862003895902022, -0.1435352863234483911 ) ) ;
#6062 = AXIS2_PLACEMENT_3D ( 'NONE', #1595, #3534, #3063 ) ;
#6063 = ADVANCED_FACE ( 'NONE', ( #3257 ), #5763, .F. ) ;
#6064 = PLANE ( 'NONE',  #2939 ) ;
#6065 = ORIENTED_EDGE ( 'NONE', *, *, #4644, .F. ) ;
#6066 = DIRECTION ( 'NONE',  ( 9.106159978880878627E-17, 0.000000000000000000, 1.000000000000000000 ) ) ;
#6067 = B_SPLINE_CURVE_WITH_KNOTS ( 'NONE', 3,
 ( #706, #2042, #2620, #2652, #5492, #1120, #1686, #1597, #583, #6011, #6045, #4099, #193, #1657, #3067, #2134, #4518, #5105, #3595, #4065, #4977, #2067, #1148, #5045, #3001, #644 ),
 .UNSPECIFIED., .F., .F.,
 ( 4, 2, 2, 2, 2, 2, 2, 2, 2, 2, 2, 2, 4 ),
 ( 0.01810645463404142452, 0.01871820509486189082, 0.01902408032527212398, 0.01932995555568235713, 0.01963583078609259375, 0.01994170601650282690, 0.02024758124691306005, 0.02055345647732328973, 0.02116520693814373522, 0.02177695739896418070, 0.02208283262937441038, 0.02238870785978464006, 0.02300045832060509596 ),
 .UNSPECIFIED. ) ;
#6068 = ADVANCED_FACE ( 'NONE', ( #4753 ), #3311, .T. ) ;
#6069 = FACE_BOUND ( 'NONE', #5242, .T. ) ;
#6070 = CARTESIAN_POINT ( 'NONE',  ( -0.1168351381783114401, -0.3440319267079009480, -0.2635251653319023446 ) ) ;
#6071 = CARTESIAN_POINT ( 'NONE',  ( -0.3993197982237520760, -0.4492083392001049447, -0.1250000000000000000 ) ) ;
#6072 = ORIENTED_EDGE ( 'NONE', *, *, #4768, .F. ) ;
#6073 = CARTESIAN_POINT ( 'NONE',  ( -0.07189502216928658762, 0.4085786437626895418, -1.641155855443755307 ) ) ;
#6074 = EDGE_CURVE ( 'NONE', #184, #5836, #2399, .T. ) ;
#6075 = DIRECTION ( 'NONE',  ( -1.000000000000000000, 0.000000000000000000, 9.106159978880878627E-17 ) ) ;
#6076 = VERTEX_POINT ( 'NONE', #1882 ) ;
#6077 = LINE ( 'NONE', #104, #1409 ) ;
#6078 = FACE_OUTER_BOUND ( 'NONE', #3649, .T. ) ;
#6079 = CARTESIAN_POINT ( 'NONE',  ( 0.3124999999999998890, -0.2499999999999998890, -1.453655855443755307 ) ) ;
#6080 = DIRECTION ( 'NONE',  ( -0.5133266039649947432, -0.8581933334987899009, 0.000000000000000000 ) ) ;
#6081 = CARTESIAN_POINT ( 'NONE',  ( -0.3125000000000002776, 0.1763878406783225827, -1.326155855443755360 ) ) ;
#6082 = CARTESIAN_POINT ( 'NONE',  ( 0.5814722147471922398, 0.3161759210519599628, -1.559954444744888091 ) ) ;
#6083 = AXIS2_PLACEMENT_3D ( 'NONE', #115, #4925, #18 ) ;
#6084 = ORIENTED_EDGE ( 'NONE', *, *, #5946, .F. ) ;
#6085 = FACE_OUTER_BOUND ( 'NONE', #3112, .T. ) ;
#6086 = CARTESIAN_POINT ( 'NONE',  ( 0.07189502216928522760, -0.4085786437626904299, -1.641155855443755307 ) ) ;
#6087 = VERTEX_POINT ( 'NONE', #3872 ) ;
#6088 = CARTESIAN_POINT ( 'NONE',  ( -0.4541540480813004987, -0.2100005613198279719, -0.03502025101201812485 ) ) ;
#6089 = EDGE_LOOP ( 'NONE', ( #5279, #3918, #1711, #5269, #2693, #6072 ) ) ;
#6090 = ORIENTED_EDGE ( 'NONE', *, *, #2315, .T. ) ;
#6091 = CARTESIAN_POINT ( 'NONE',  ( 0.3993197982237519095, 0.4492083392001055553, -0.1250000000000000278 ) ) ;
#6092 = CARTESIAN_POINT ( 'NONE',  ( 0.1195192644328431225, 0.3015208643355230533, -1.484670149949823603 ) ) ;
#6093 = ORIENTED_EDGE ( 'NONE', *, *, #5197, .T. ) ;
#6094 = CARTESIAN_POINT ( 'NONE',  ( -0.4211906233625982710, 0.4361263494476734226, -0.1250000000000000000 ) ) ;
#6095 = CARTESIAN_POINT ( 'NONE',  ( -0.4952492949214750140, 0.2440955631339450649, -0.1219323088585385628 ) ) ;
#6096 = EDGE_CURVE ( 'NONE', #2697, #4696, #393, .T. ) ;
#6097 = PLANE ( 'NONE',  #2800 ) ;
#6098 = VECTOR ( 'NONE', #2549, 39.37007874015748143 ) ;
#6099 = VECTOR ( 'NONE', #52, 39.37007874015748143 ) ;
#6100 = CARTESIAN_POINT ( 'NONE',  ( -0.2575000000000000067, 6.829619984160658046E-17, -0.1250000000000000000 ) ) ;
#6101 = DIRECTION ( 'NONE',  ( 1.000000000000000000, 0.000000000000000000, 0.000000000000000000 ) ) ;
#6102 = VECTOR ( 'NONE', #152, 39.37007874015748143 ) ;
#6103 = EDGE_CURVE ( 'NONE', #5181, #688, #2442, .T. ) ;
#6104 = CARTESIAN_POINT ( 'NONE',  ( -0.3775000000000000022, 6.829619984160658046E-17, -1.641155855443755307 ) ) ;
#6105 = CARTESIAN_POINT ( 'NONE',  ( 0.3534671909051458893, 0.4841634781052519543, -0.1248284621942540168 ) ) ;
#6106 = FACE_OUTER_BOUND ( 'NONE', #5406, .T. ) ;
#6107 = AXIS2_PLACEMENT_3D ( 'NONE', #4014, #5895, #3515 ) ;
#6108 = ORIENTED_EDGE ( 'NONE', *, *, #3374, .T. ) ;
#6109 = DIRECTION ( 'NONE',  ( 1.000000000000000000, 0.000000000000000000, 0.000000000000000000 ) ) ;
#6110 = DIRECTION ( 'NONE',  ( 0.000000000000000000, 0.000000000000000000, -1.000000000000000000 ) ) ;
#6111 = AXIS2_PLACEMENT_3D ( 'NONE', #5358, #4322, #4783 ) ;
#6112 = EDGE_CURVE ( 'NONE', #5480, #949, #3505, .T. ) ;
#6113 = EDGE_CURVE ( 'NONE', #4898, #522, #3206, .T. ) ;
#6114 = CARTESIAN_POINT ( 'NONE',  ( 0.4767124604081030559, 0.3273220895676168252, -0.1227225460356142078 ) ) ;
#6115 = B_SPLINE_CURVE_WITH_KNOTS ( 'NONE', 3,
 ( #6196, #1366, #2768, #1265 ),
 .UNSPECIFIED., .F., .F.,
 ( 4, 4 ),
 ( 3.878959614448864246E-18, 0.001941493044246671729 ),
 .UNSPECIFIED. ) ;
#6116 = LINE ( 'NONE', #2238, #3774 ) ;
#6117 = LINE ( 'NONE', #2141, #584 ) ;
#6118 = AXIS2_PLACEMENT_3D ( 'NONE', #712, #5144, #2169 ) ;
#6119 = CARTESIAN_POINT ( 'NONE',  ( 0.6005182645480985348, 0.3335378172425363941, -1.546904931249039272 ) ) ;
#6120 = ORIENTED_EDGE ( 'NONE', *, *, #2637, .T. ) ;
#6121 = CARTESIAN_POINT ( 'NONE',  ( -0.4898565042429985916, 0.04265699893747167820, -0.6177936186206837155 ) ) ;
#6122 = DIRECTION ( 'NONE',  ( -0.7071067811865467956, 0.7071067811865482389, 0.000000000000000000 ) ) ;
#6123 = ORIENTED_EDGE ( 'NONE', *, *, #2355, .T. ) ;
#6124 = CARTESIAN_POINT ( 'NONE',  ( -0.5000000000000001110, -0.2104964325533058289, -0.1250000000000000278 ) ) ;
#6125 = ORIENTED_EDGE ( 'NONE', *, *, #3087, .F. ) ;
#6126 = ORIENTED_EDGE ( 'NONE', *, *, #3795, .F. ) ;
#6127 = CARTESIAN_POINT ( 'NONE',  ( -0.3993197982237520760, -0.4492083392001049447, -0.1249999999999999861 ) ) ;
#6128 =( BOUNDED_CURVE ( )  B_SPLINE_CURVE ( 3, ( #5321, #412, #4742, #381 ),
 .UNSPECIFIED., .F., .T. ) 
 B_SPLINE_CURVE_WITH_KNOTS ( ( 4, 4 ),
 ( 2.245927859731928322, 2.646658527248898274 ),
 .UNSPECIFIED. ) 
 CURVE ( )  GEOMETRIC_REPRESENTATION_ITEM ( )  RATIONAL_B_SPLINE_CURVE ( ( 1.000000000000000000, 0.9866626212169391508, 0.9866626212169391508, 1.000000000000000000 ) ) 
 REPRESENTATION_ITEM ( '' )  );
#6129 = LINE ( 'NONE', #1049, #3129 ) ;
#6130 = CARTESIAN_POINT ( 'NONE',  ( 0.06249999999999986816, 0.5000000000000000000, -1.266155855443755529 ) ) ;
#6131 = AXIS2_PLACEMENT_3D ( 'NONE', #4305, #5467, #2020 ) ;
#6132 = ORIENTED_EDGE ( 'NONE', *, *, #4314, .F. ) ;
#6133 = CARTESIAN_POINT ( 'NONE',  ( -0.1092686639433559787, -0.2626337383634217426, -1.258160877466152350 ) ) ;
#6134 = CARTESIAN_POINT ( 'NONE',  ( -0.3082233602167163133, -0.4085786437626901524, -1.141155855443755307 ) ) ;
#6135 = EDGE_LOOP ( 'NONE', ( #5367, #1842, #5407, #5246, #4155, #5274, #2123, #1659, #4405, #5024 ) ) ;
#6136 = DIRECTION ( 'NONE',  ( -1.000000000000000000, 0.000000000000000000, 3.100300561798464228E-16 ) ) ;
#6137 = DIRECTION ( 'NONE',  ( -0.7071067811865474617, -0.7071067811865474617, 0.000000000000000000 ) ) ;
#6138 = CARTESIAN_POINT ( 'NONE',  ( -0.2633273692154205481, -0.03732800233296443976, -0.3232374752191430889 ) ) ;
#6139 = CARTESIAN_POINT ( 'NONE',  ( -0.4747619168582061788, -0.3383393419071594743, -0.1236264255859122613 ) ) ;
#6140 = CIRCLE ( 'NONE', #3638, 0.1875000000000000278 ) ;
#6141 = CARTESIAN_POINT ( 'NONE',  ( 0.3270189340712463810, 0.3972243186433544460, -1.453655855443755529 ) ) ;
#6142 = CARTESIAN_POINT ( 'NONE',  ( 0.4930970939108815232, 0.2552640238571662890, -0.1213820790735764960 ) ) ;
#6143 = DIRECTION ( 'NONE',  ( -3.100300561798464228E-16, 0.000000000000000000, -1.000000000000000000 ) ) ;
#6144 = CIRCLE ( 'NONE', #3239, 0.05999999999999990757 ) ;
#6145 = EDGE_CURVE ( 'NONE', #2604, #482, #586, .T. ) ;
#6146 = AXIS2_PLACEMENT_3D ( 'NONE', #2817, #4788, #3389 ) ;
#6147 = VERTEX_POINT ( 'NONE', #1088 ) ;
#6148 = CARTESIAN_POINT ( 'NONE',  ( 0.000000000000000000, 0.000000000000000000, 0.000000000000000000 ) ) ;
#6149 = CARTESIAN_POINT ( 'NONE',  ( 0.4844319249109331760, 0.05485567645788372998, -0.6002878871674581784 ) ) ;
#6150 = DIRECTION ( 'NONE',  ( 0.000000000000000000, 0.000000000000000000, -1.000000000000000000 ) ) ;
#6151 = CIRCLE ( 'NONE', #2944, 0.06249999999999995837 ) ;
#6152 = FACE_OUTER_BOUND ( 'NONE', #1556, .T. ) ;
#6153 = EDGE_CURVE ( 'NONE', #5690, #3183, #3903, .T. ) ;
#6154 = CARTESIAN_POINT ( 'NONE',  ( -0.1170889825306266341, -0.2855759849557211738, -1.404681092535292164 ) ) ;
#6155 = ORIENTED_EDGE ( 'NONE', *, *, #4001, .T. ) ;
#6156 = CARTESIAN_POINT ( 'NONE',  ( -0.4950333109005290999, -0.02453204349959298494, -0.8827050416476641681 ) ) ;
#6157 = CARTESIAN_POINT ( 'NONE',  ( -0.3535533905932743970, 0.3535533905932732313, 0.3826834323650908365 ) ) ;
#6158 = CYLINDRICAL_SURFACE ( 'NONE', #1377, 0.5000000000000000000 ) ;
#6159 = EDGE_LOOP ( 'NONE', ( #746, #1195, #1085 ) ) ;
#6160 = VERTEX_POINT ( 'NONE', #617 ) ;
#6161 = ORIENTED_EDGE ( 'NONE', *, *, #6229, .F. ) ;
#6162 = CARTESIAN_POINT ( 'NONE',  ( 0.6409244988660420805, -0.1405953884324324943, -1.514510340689452006 ) ) ;
#6163 = CYLINDRICAL_SURFACE ( 'NONE', #3362, 0.5000000000000000000 ) ;
#6164 = CARTESIAN_POINT ( 'NONE',  ( -0.4633988693071609544, 0.1882826091399259216, -0.09618021205288257436 ) ) ;
#6165 = EDGE_CURVE ( 'NONE', #4384, #960, #4146, .T. ) ;
#6166 = CARTESIAN_POINT ( 'NONE',  ( -0.3644990991271566116, 0.1194185385179388631, -1.638009147097772233 ) ) ;
#6167 = ORIENTED_EDGE ( 'NONE', *, *, #5585, .F. ) ;
#6168 = DIRECTION ( 'NONE',  ( -0.000000000000000000, 1.000000000000000000, -0.000000000000000000 ) ) ;
#6169 = CIRCLE ( 'NONE', #2036, 0.1199999999999999956 ) ;
#6170 = ORIENTED_EDGE ( 'NONE', *, *, #1360, .F. ) ;
#6171 = AXIS2_PLACEMENT_3D ( 'NONE', #2554, #1592, #3895 ) ;
#6172 = DIRECTION ( 'NONE',  ( 0.000000000000000000, 0.000000000000000000, -1.000000000000000000 ) ) ;
#6173 = CARTESIAN_POINT ( 'NONE',  ( 0.3775000000000000022, 6.829619984160658046E-17, -1.641155855443755307 ) ) ;
#6174 = CARTESIAN_POINT ( 'NONE',  ( -0.4844455537913854859, -0.05482646977947356476, -0.6003309898590076799 ) ) ;
#6175 = DIRECTION ( 'NONE',  ( 0.000000000000000000, 1.000000000000000000, 0.000000000000000000 ) ) ;
#6176 = CARTESIAN_POINT ( 'NONE',  ( -0.4777984767417224332, -0.3169356545511286538, -0.1213857510507518611 ) ) ;
#6177 = CARTESIAN_POINT ( 'NONE',  ( 0.5258707588104950537, -0.3278020613712116504, -0.1462500919927418874 ) ) ;
#6178 = CARTESIAN_POINT ( 'NONE',  ( 0.5122492237942217752, 0.2720579339334763258, -0.1348256416849253625 ) ) ;
#6179 = CARTESIAN_POINT ( 'NONE',  ( -0.4003331928299891374, 0.1263489773778736225, -1.412825709033126653 ) ) ;
#6180 = CARTESIAN_POINT ( 'NONE',  ( -0.5000000000000001110, 0.2104964325533063285, -0.1250000000000000278 ) ) ;
#6181 = ORIENTED_EDGE ( 'NONE', *, *, #4481, .F. ) ;
#6182 = CARTESIAN_POINT ( 'NONE',  ( -0.3993197982237521315, 0.4492083392001050002, -0.1250000000000000000 ) ) ;
#6183 = DIRECTION ( 'NONE',  ( 0.000000000000000000, -1.000000000000000000, 0.000000000000000000 ) ) ;
#6184 = CARTESIAN_POINT ( 'NONE',  ( 0.4640639265841040029, 0.3803218006416977937, -0.1249999999999999584 ) ) ;
#6185 = EDGE_CURVE ( 'NONE', #3551, #688, #550, .T. ) ;
#6186 = DIRECTION ( 'NONE',  ( -1.000000000000000000, 0.000000000000000000, 0.000000000000000000 ) ) ;
#6187 = CARTESIAN_POINT ( 'NONE',  ( -0.1191629982113857761, -0.2971725299123576525, -1.491589248941941337 ) ) ;
#6188 = VERTEX_POINT ( 'NONE', #6012 ) ;
#6189 = CARTESIAN_POINT ( 'NONE',  ( -0.4172288071330360615, -0.1134128719979035221, -1.053482997889807926 ) ) ;
#6190 = CARTESIAN_POINT ( 'NONE',  ( 0.09699713954736685628, -0.2416782524388865483, -1.394105940707853986 ) ) ;
#6191 = ORIENTED_EDGE ( 'NONE', *, *, #1401, .F. ) ;
#6192 = ORIENTED_EDGE ( 'NONE', *, *, #2251, .F. ) ;
#6193 = EDGE_CURVE ( 'NONE', #1184, #246, #5908, .T. ) ;
#6194 = VERTEX_POINT ( 'NONE', #3447 ) ;
#6195 = CARTESIAN_POINT ( 'NONE',  ( 0.7680433981955164802, -0.2026287847799157771, -1.337591464649971140 ) ) ;
#6196 = CARTESIAN_POINT ( 'NONE',  ( 0.4640639265841039474, 0.4085786437626901524, -0.1250000000000000000 ) ) ;
#6197 = CARTESIAN_POINT ( 'NONE',  ( 0.1191690492374809784, 0.2972223992934818759, -1.415784371999250890 ) ) ;
#6198 = VERTEX_POINT ( 'NONE', #2941 ) ;
#6199 = ORIENTED_EDGE ( 'NONE', *, *, #2515, .F. ) ;
#6200 = EDGE_CURVE ( 'NONE', #1369, #177, #5280, .T. ) ;
#6201 = CARTESIAN_POINT ( 'NONE',  ( 0.4640639265841250971, 0.3803218006416720365, -0.1250000000000000000 ) ) ;
#6202 = DIRECTION ( 'NONE',  ( 0.000000000000000000, 0.000000000000000000, 1.000000000000000000 ) ) ;
#6203 = DIRECTION ( 'NONE',  ( 0.000000000000000000, 0.000000000000000000, 1.000000000000000000 ) ) ;
#6204 = DIRECTION ( 'NONE',  ( 0.000000000000000000, 1.000000000000000000, 0.000000000000000000 ) ) ;
#6205 = CARTESIAN_POINT ( 'NONE',  ( 0.1137863461444089119, -0.3514075197465179046, -0.2628459534152474131 ) ) ;
#6206 = CARTESIAN_POINT ( 'NONE',  ( 0.4682200722196722120, 0.1754136937944269226, -0.04643260993721511770 ) ) ;
#6207 = CARTESIAN_POINT ( 'NONE',  ( -0.4297007272410581780, -0.5000000000000000000, -0.1443947498903835336 ) ) ;
#6208 = CARTESIAN_POINT ( 'NONE',  ( -0.3307283210671005946, -0.5000000000000000000, -0.1242047542652712916 ) ) ;
#6209 = CARTESIAN_POINT ( 'NONE',  ( 0.000000000000000000, -0.3124999999999999445, -1.641155855443755307 ) ) ;
#6210 = VECTOR ( 'NONE', #4372, 39.37007874015748143 ) ;
#6211 = ORIENTED_EDGE ( 'NONE', *, *, #1846, .T. ) ;
#6212 = DIRECTION ( 'NONE',  ( 0.000000000000000000, 0.000000000000000000, 1.000000000000000000 ) ) ;
#6213 = CARTESIAN_POINT ( 'NONE',  ( 0.5000000000000001110, -0.2104964325533058289, -0.1250000000000000278 ) ) ;
#6214 = CARTESIAN_POINT ( 'NONE',  ( 0.5289035462114900499, 0.3538687797696078996, -0.1488616823044440485 ) ) ;
#6215 = AXIS2_PLACEMENT_3D ( 'NONE', #4042, #6016, #1985 ) ;
#6216 = DIRECTION ( 'NONE',  ( 1.000000000000000000, -0.000000000000000000, -0.000000000000000000 ) ) ;
#6217 = ADVANCED_FACE ( 'NONE', ( #39 ), #3945, .F. ) ;
#6218 = ORIENTED_EDGE ( 'NONE', *, *, #136, .T. ) ;
#6219 = CARTESIAN_POINT ( 'NONE',  ( -0.3980236303098486084, -0.1184200811128561515, -1.079047310887534250 ) ) ;
#6220 = FACE_OUTER_BOUND ( 'NONE', #3737, .T. ) ;
#6221 = CARTESIAN_POINT ( 'NONE',  ( -0.06250000000000006939, 0.5000000000000000000, -1.266155855443755529 ) ) ;
#6222 = ORIENTED_EDGE ( 'NONE', *, *, #526, .F. ) ;
#6223 = AXIS2_PLACEMENT_3D ( 'NONE', #5631, #1220, #2536 ) ;
#6224 = AXIS2_PLACEMENT_3D ( 'NONE', #3801, #1357, #1916 ) ;
#6225 = ORIENTED_EDGE ( 'NONE', *, *, #1256, .F. ) ;
#6226 = ORIENTED_EDGE ( 'NONE', *, *, #4607, .F. ) ;
#6227 = PLANE ( 'NONE',  #926 ) ;
#6228 = CARTESIAN_POINT ( 'NONE',  ( -0.4242640687119292320, 0.4242640687119277332, -0.02500000000000002220 ) ) ;
#6229 = EDGE_CURVE ( 'NONE', #1786, #1826, #5823, .T. ) ;
#6230 = ORIENTED_EDGE ( 'NONE', *, *, #4012, .F. ) ;
#6231 = VERTEX_POINT ( 'NONE', #2014 ) ;
#6232 = DIRECTION ( 'NONE',  ( 0.7071067811865459074, 0.7071067811865491270, 0.000000000000000000 ) ) ;
#6233 = CARTESIAN_POINT ( 'NONE',  ( 0.3476013752016730018, -0.5000000000000001110, -0.1257184784168876024 ) ) ;
#6234 = EDGE_CURVE ( 'NONE', #2796, #3054, #2711, .T. ) ;
#6235 = ADVANCED_FACE ( 'NONE', ( #3241 ), #1275, .T. ) ;
#6237 = B_SPLINE_CURVE_WITH_KNOTS ( 'NONE', 3,
 ( #4715, #5260, #5815, #6271, #1379, #931, #321, #2390, #3215, #6180 ),
 .UNSPECIFIED., .F., .F.,
 ( 4, 2, 2, 2, 4 ),
 ( 1.734723475976806902E-18, 0.0006908456119852030095, 0.001381691223970404284, 0.002072536835955605776, 0.002763382447940806834 ),
 .UNSPECIFIED. ) ;
#6236 = LINE ( 'NONE', #4739, #4974 ) ;
#6238 = DIRECTION ( 'NONE',  ( 1.000000000000000000, 0.000000000000000000, 0.000000000000000000 ) ) ;
#6239 = DIRECTION ( 'NONE',  ( 0.000000000000000000, 0.000000000000000000, 1.000000000000000000 ) ) ;
#6240 = LINE ( 'NONE', #5752, #2557 ) ;
#6241 = EDGE_CURVE ( 'NONE', #665, #6020, #3727, .T. ) ;
#6242 = CARTESIAN_POINT ( 'NONE',  ( -0.4394448086741521431, -0.1027756813566453598, -1.453655855443755307 ) ) ;
#6243 = CARTESIAN_POINT ( 'NONE',  ( 0.000000000000000000, 0.000000000000000000, -0.06250000000000000000 ) ) ;
#6244 = AXIS2_PLACEMENT_3D ( 'NONE', #132, #4038, #2657 ) ;
#6245 = ORIENTED_EDGE ( 'NONE', *, *, #2585, .T. ) ;
#6246 = CARTESIAN_POINT ( 'NONE',  ( -0.4974999999999999978, 8.300323726622584248E-17, -1.603945606445599470 ) ) ;
#6247 = FACE_OUTER_BOUND ( 'NONE', #5446, .T. ) ;
#6248 = CARTESIAN_POINT ( 'NONE',  ( -0.7727392372327769321, 0.2499999999999999722, -1.326155855443755360 ) ) ;
#6249 = CARTESIAN_POINT ( 'NONE',  ( 0.7322201079593071427, 0.3660061647585480804, -1.406311988210332098 ) ) ;
#6250 = ORIENTED_EDGE ( 'NONE', *, *, #5555, .T. ) ;
#6251 = LINE ( 'NONE', #2816, #6056 ) ;
#6252 = DIRECTION ( 'NONE',  ( -0.7071067811865486830, 0.7071067811865463515, 0.000000000000000000 ) ) ;
#6253 = CARTESIAN_POINT ( 'NONE',  ( -0.007809953161773248130, -0.1924968480727507203, -0.2499992583701161619 ) ) ;
#6254 = AXIS2_PLACEMENT_3D ( 'NONE', #121, #4024, #1300 ) ;
#6255 = CARTESIAN_POINT ( 'NONE',  ( 0.1199999999999999956, -0.3124999999999999445, -1.641155855443755307 ) ) ;
#6256 = ORIENTED_EDGE ( 'NONE', *, *, #5352, .F. ) ;
#6257 = ORIENTED_EDGE ( 'NONE', *, *, #1773, .F. ) ;
#6258 = CARTESIAN_POINT ( 'NONE',  ( 0.7620255512853812974, -0.1778313926476371154, -1.351171070938173235 ) ) ;
#6259 = CARTESIAN_POINT ( 'NONE',  ( 0.7082233602167161690, -0.4085786437626903189, -1.141155855443755307 ) ) ;
#6260 = DIRECTION ( 'NONE',  ( 1.000000000000000000, 0.000000000000000000, 0.000000000000000000 ) ) ;
#6261 = ORIENTED_EDGE ( 'NONE', *, *, #3198, .F. ) ;
#6262 = ORIENTED_EDGE ( 'NONE', *, *, #3894, .T. ) ;
#6263 = CARTESIAN_POINT ( 'NONE',  ( 0.3771204989363342586, -0.1209762062422178042, -1.104014940698699654 ) ) ;
#6264 = ADVANCED_FACE ( 'NONE', ( #2226 ), #3273, .F. ) ;
#6265 = CARTESIAN_POINT ( 'NONE',  ( -0.3919722514985232720, -0.1196161841221497490, -1.634210234470963030 ) ) ;
#6266 = CIRCLE ( 'NONE', #1939, 0.09999999999999996392 ) ;
#6267 = CARTESIAN_POINT ( 'NONE',  ( -0.3125000000000002776, 0.3972243186433546125, -1.453655855443755529 ) ) ;
#6268 = VECTOR ( 'NONE', #5810, 39.37007874015748143 ) ;
#6269 = EDGE_CURVE ( 'NONE', #5711, #3614, #6236, .T. ) ;
#6270 = LINE ( 'NONE', #2260, #5733 ) ;
#6271 = CARTESIAN_POINT ( 'NONE',  ( -0.4875887178532340438, 0.2818814069732957228, -0.1204074551414766880 ) ) ;
#6272 = CARTESIAN_POINT ( 'NONE',  ( 0.1137863461444088842, 0.2735924802534822065, -0.2628459534152473021 ) ) ;
#6273 = DIRECTION ( 'NONE',  ( 0.000000000000000000, 0.000000000000000000, 1.000000000000000000 ) ) ;
#6274 = ORIENTED_EDGE ( 'NONE', *, *, #2913, .T. ) ;
#6275 = CARTESIAN_POINT ( 'NONE',  ( 0.3124999999999998335, 0.5000000000000000000, -1.641155855443755307 ) ) ;
#6276 = PLANE ( 'NONE',  #2932 ) ;
#6277 = LINE ( 'NONE', #5820, #2089 ) ;
#6278 = EDGE_CURVE ( 'NONE', #857, #2634, #830, .T. ) ;
#6279 = CARTESIAN_POINT ( 'NONE',  ( 0.7414012085512620143, -0.3585126409684541438, -1.391028235099934118 ) ) ;
#6280 = ORIENTED_EDGE ( 'NONE', *, *, #5392, .F. ) ;
#6281 = CARTESIAN_POINT ( 'NONE',  ( -0.3769737412028870138, -0.1202107443101772533, -1.103668519654922520 ) ) ;
#6282 = CARTESIAN_POINT ( 'NONE',  ( 0.01571230587560572961, -0.1932707460214554973, -0.2501830200259679837 ) ) ;
#6283 = CARTESIAN_POINT ( 'NONE',  ( 0.1092749352558420178, 0.2626473634821729353, -1.258159501042314110 ) ) ;
#6284 = EDGE_LOOP ( 'NONE', ( #1383, #3549, #2132, #4602, #6280, #1947, #4052 ) ) ;
#6285 = CARTESIAN_POINT ( 'NONE',  ( -0.4975000000000016076, -2.059131912684063539E-14, -0.6477781215626884359 ) ) ;
#6286 = LINE ( 'NONE', #4186, #2133 ) ;
#6287 = CARTESIAN_POINT ( 'NONE',  ( 0.3535533905932744525, 0.3535533905932732868, 0.000000000000000000 ) ) ;
#6288 = CARTESIAN_POINT ( 'NONE',  ( -0.5000000000000001110, -0.2104964325533062175, -0.1250000000000000278 ) ) ;
#6289 = VERTEX_POINT ( 'NONE', #3695 ) ;
#6290 = CARTESIAN_POINT ( 'NONE',  ( 0.000000000000000000, 0.000000000000000000, -0.02500000000000002220 ) ) ;
#6291 = EDGE_LOOP ( 'NONE', ( #4626, #1541, #1459, #2893 ) ) ;
#6292 = CARTESIAN_POINT ( 'NONE',  ( 0.3306044960808995348, -0.1107747439484295382, -1.148475196647464225 ) ) ;
#6293 = CARTESIAN_POINT ( 'NONE',  ( 0.4748198107520195665, -0.07047008593161856183, -0.5736206488285366945 ) ) ;
#6294 = CARTESIAN_POINT ( 'NONE',  ( -0.3082233602167164799, -0.4085786437626900969, -1.541155855443755662 ) ) ;
#6295 = ADVANCED_FACE ( 'NONE', ( #2317 ), #4281, .F. ) ;
#6296 = CARTESIAN_POINT ( 'NONE',  ( -0.3303141063894531326, 0.5002886145048669464, -0.1241934459584971701 ) ) ;
#6297 = CARTESIAN_POINT ( 'NONE',  ( 0.000000000000000000, 0.3125000000000000555, -1.641155855443755307 ) ) ;
#6298 = CARTESIAN_POINT ( 'NONE',  ( -0.06250000000000006939, 0.4149390062427393833, -1.266155855443755529 ) ) ;
#6299 = CARTESIAN_POINT ( 'NONE',  ( 0.7717357656601950833, -0.2499999999999998890, -1.328655855443755307 ) ) ;
#6300 = ADVANCED_FACE ( 'NONE', ( #4671 ), #1340, .F. ) ;
#6301 = ORIENTED_EDGE ( 'NONE', *, *, #5716, .F. ) ;
#6302 = CARTESIAN_POINT ( 'NONE',  ( -0.4501155474015057778, 0.09631098609654974163, -1.000665747044512610 ) ) ;
#6303 = DIRECTION ( 'NONE',  ( 0.7071067811865492381, -0.7071067811865457964, 0.000000000000000000 ) ) ;
#6304 = CARTESIAN_POINT ( 'NONE',  ( -0.4999999999999992228, 0.2822731872607213144, -0.1249999999999997086 ) ) ;
#6305 = CARTESIAN_POINT ( 'NONE',  ( 0.7643287323962179025, 0.3143427957260208627, -1.346068776851949922 ) ) ;
#6306 = B_SPLINE_CURVE_WITH_KNOTS ( 'NONE', 3,
 ( #2964, #3932, #5322, #2868 ),
 .UNSPECIFIED., .F., .F.,
 ( 4, 4 ),
 ( 0.000000000000000000, 0.0002882219031560502901 ),
 .UNSPECIFIED. ) ;
#6307 = EDGE_CURVE ( 'NONE', #276, #366, #2773, .T. ) ;
#6308 = ORIENTED_EDGE ( 'NONE', *, *, #3789, .F. ) ;
#6309 = EDGE_CURVE ( 'NONE', #482, #778, #645, .T. ) ;
#6310 = CARTESIAN_POINT ( 'NONE',  ( 0.4220250183486766726, 0.2683073800944664744, -0.02500000011724453144 ) ) ;
#6311 = LINE ( 'NONE', #1919, #2121 ) ;
#6312 = DIRECTION ( 'NONE',  ( -0.000000000000000000, 1.000000000000000000, -0.000000000000000000 ) ) ;
#6313 = CARTESIAN_POINT ( 'NONE',  ( -0.5032504848770501527, 0.3216465972396810868, -0.1270137222979291491 ) ) ;
#6314 = AXIS2_PLACEMENT_3D ( 'NONE', #5004, #2520, #3963 ) ;
#6315 = VERTEX_POINT ( 'NONE', #345 ) ;
#6316 = CARTESIAN_POINT ( 'NONE',  ( 0.3993197982237512433, -0.4492083392001057218, -0.2249999999999999500 ) ) ;
#6317 = LINE ( 'NONE', #6287, #4061 ) ;
#6318 = AXIS2_PLACEMENT_3D ( 'NONE', #4648, #2204, #5665 ) ;
#6319 = CARTESIAN_POINT ( 'NONE',  ( -0.4166666666666666852, 0.2763853991962832435, -0.02500000000000005690 ) ) ;
#6320 = ORIENTED_EDGE ( 'NONE', *, *, #2799, .T. ) ;
#6321 = LINE ( 'NONE', #1893, #6373 ) ;
#6322 = VECTOR ( 'NONE', #4389, 39.37007874015748143 ) ;
#6323 = LINE ( 'NONE', #2954, #2180 ) ;
#6324 = VERTEX_POINT ( 'NONE', #2283 ) ;
#6325 = CARTESIAN_POINT ( 'NONE',  ( -0.4359794778910204283, -0.2451953579030586028, -0.1051024779115947438 ) ) ;
#6326 = CARTESIAN_POINT ( 'NONE',  ( 0.000000000000000000, 0.000000000000000000, -0.1250000000000000000 ) ) ;
#6327 = CIRCLE ( 'NONE', #3013, 0.1200000000000000233 ) ;
#6328 = DIRECTION ( 'NONE',  ( -0.000000000000000000, -0.000000000000000000, 1.000000000000000000 ) ) ;
#6329 = CARTESIAN_POINT ( 'NONE',  ( 0.3082233602167161468, -0.4085786437626901524, -1.541155855443755440 ) ) ;
#6330 = ORIENTED_EDGE ( 'NONE', *, *, #5132, .F. ) ;
#6331 = CALENDAR_DATE ( 2026, 25, 3 ) ;
#6332 = CYLINDRICAL_SURFACE ( 'NONE', #5653, 0.1199999999999999956 ) ;
#6333 = CARTESIAN_POINT ( 'NONE',  ( 0.4400000000000000022, 6.829619984160658046E-17, -0.1250000000000000000 ) ) ;
#6334 = CARTESIAN_POINT ( 'NONE',  ( 0.4785334440746956131, 0.1478848982350178809, -0.05617752828103103613 ) ) ;
#6335 = DIRECTION ( 'NONE',  ( 1.000000000000000000, -0.000000000000000000, -0.000000000000000000 ) ) ;
#6336 = CARTESIAN_POINT ( 'NONE',  ( -0.2565440128281850640, -0.5000000000000001110, -0.1175494932700430484 ) ) ;
#6337 = ORIENTED_EDGE ( 'NONE', *, *, #5352, .T. ) ;
#6338 = CARTESIAN_POINT ( 'NONE',  ( -0.5016053291289899185, -0.3100390486111966326, -0.1258156929987266082 ) ) ;
#6339 = CARTESIAN_POINT ( 'NONE',  ( 0.3082233602167161468, -0.4085786437626901524, -1.141155855443755307 ) ) ;
#6340 = CARTESIAN_POINT ( 'NONE',  ( 0.7789340383353708930, -0.4792893218813450429, -1.141155855443755307 ) ) ;
#6341 = EDGE_CURVE ( 'NONE', #5849, #2517, #3175, .T. ) ;
#6342 = DIRECTION ( 'NONE',  ( 0.000000000000000000, 0.000000000000000000, 1.000000000000000000 ) ) ;
#6343 = EDGE_LOOP ( 'NONE', ( #4050, #1555 ) ) ;
#6344 = CARTESIAN_POINT ( 'NONE',  ( 0.03121741820052624170, 0.4286376956939577099, -0.2508971592824643104 ) ) ;
#6345 = CARTESIAN_POINT ( 'NONE',  ( 0.1199999999999999956, -0.3124999999999999445, -0.2643186507442511490 ) ) ;
#6346 = CARTESIAN_POINT ( 'NONE',  ( 0.07131014835106692928, 0.2154362340308426105, -1.265067980501640710 ) ) ;
#6347 = EDGE_LOOP ( 'NONE', ( #5682, #503, #4401, #161 ) ) ;
#6348 = CARTESIAN_POINT ( 'NONE',  ( -0.4682200722196722120, -0.1754136937944269226, -0.04643260993721511770 ) ) ;
#6349 = AXIS2_PLACEMENT_3D ( 'NONE', #1285, #840, #5628 ) ;
#6350 = CARTESIAN_POINT ( 'NONE',  ( 0.4812894996319636576, -0.3065654244951971918, -0.1206054019723472454 ) ) ;
#6351 = EDGE_CURVE ( 'NONE', #4081, #3259, #2801, .T. ) ;
#6352 = CARTESIAN_POINT ( 'NONE',  ( 0.4762073702705117983, 0.5000000000000000000, -0.1699752509611384410 ) ) ;
#6353 = AXIS2_PLACEMENT_3D ( 'NONE', #4457, #5886, #5460 ) ;
#6354 = CARTESIAN_POINT ( 'NONE',  ( -0.4807198563577179118, -0.3082575795376304439, -0.1207327353361943023 ) ) ;
#6355 = CIRCLE ( 'NONE', #4901, 0.05999999999999990757 ) ;
#6356 = ORIENTED_EDGE ( 'NONE', *, *, #843, .T. ) ;
#6357 = DIRECTION ( 'NONE',  ( -0.000000000000000000, -1.000000000000000000, -0.000000000000000000 ) ) ;
#6358 = ORIENTED_EDGE ( 'NONE', *, *, #4407, .T. ) ;
#6359 = DIRECTION ( 'NONE',  ( 7.886165872636008018E-17, 0.4999999999999998335, 0.8660254037844385966 ) ) ;
#6360 = LINE ( 'NONE', #3401, #6098 ) ;
#6361 = ADVANCED_FACE ( 'NONE', ( #1716 ), #1835, .F. ) ;
#6362 = VECTOR ( 'NONE', #3404, 39.37007874015748143 ) ;
#6363 = CARTESIAN_POINT ( 'NONE',  ( 0.4814615662148024611, -0.06024260391271155091, -0.5915189165405543292 ) ) ;
#6364 = CARTESIAN_POINT ( 'NONE',  ( -0.06250000000000020817, 0.5000000000000000000, -1.641155855443755307 ) ) ;
#6365 = ORIENTED_EDGE ( 'NONE', *, *, #6096, .F. ) ;
#6366 = PERSON_AND_ORGANIZATION_ROLE ( 'design_owner' ) ;
#6367 = DIRECTION ( 'NONE',  ( 1.000000000000000000, 0.000000000000000000, 0.000000000000000000 ) ) ;
#6368 = PLANE ( 'NONE',  #6314 ) ;
#6369 = CARTESIAN_POINT ( 'NONE',  ( 0.4895454891964742261, -0.2730304255502456479, -0.1206197306567599742 ) ) ;
#6370 = CARTESIAN_POINT ( 'NONE',  ( 0.1199999999999999956, 0.3125000000000000555, -0.2643186507442511490 ) ) ;
#6371 = ORIENTED_EDGE ( 'NONE', *, *, #5751, .T. ) ;
#6372 = CARTESIAN_POINT ( 'NONE',  ( -0.4814508612683031652, 0.06025862392934794309, -0.9285095121511711680 ) ) ;
#6373 = VECTOR ( 'NONE', #5837, 39.37007874015748143 ) ;
ENDSEC;
END-ISO-10303-21;
