ISO-10303-21;
HEADER;
FILE_DESCRIPTION (( 'STEP AP203' ),
    '1' );
FILE_NAME ('HD0025.STEP',
    '2026-03-26T00:50:51',
    ( '' ),
    ( '' ),
    'SwSTEP 2.0',
    'SolidWorks 2025',
    '' );
FILE_SCHEMA (( 'CONFIG_CONTROL_DESIGN' ));
ENDSEC;

DATA;
#1 = CARTESIAN_POINT ( 'NONE',  ( 0.4961102871912891343, 0.3582842421516671538, 0.2332551117324645484 ) ) ;
#2 = CARTESIAN_POINT ( 'NONE',  ( 0.5000000000000000000, 0.3278460744626004453, 0.2179449471770336655 ) ) ;
#3 = CARTESIAN_POINT ( 'NONE',  ( 0.3543515524883794066, 0.4191672338934814279, 0.2725781172986699308 ) ) ;
#4 = ORIENTED_EDGE ( 'NONE', *, *, #165, .T. ) ;
#5 = CARTESIAN_POINT ( 'NONE',  ( 0.3846153846153845812, 0.3194855331891567340, -0.5000000000000000000 ) ) ;
#6 = CARTESIAN_POINT ( 'NONE',  ( 0.5000000000000000000, 0.3645715524343252079, -0.2805130712740979138 ) ) ;
#7 = CARTESIAN_POINT ( 'NONE',  ( 0.4528421946704657697, 0.001542106820436486012, 0.2074458125263296815 ) ) ;
#8 = EDGE_LOOP ( 'NONE', ( #1252, #1372, #487, #1752, #283 ) ) ;
#9 = LINE ( 'NONE', #1298, #2318 ) ;
#10 = CARTESIAN_POINT ( 'NONE',  ( 0.4740575787151992126, 0.2274611327485942247, -0.2479233425701001248 ) ) ;
#11 = VERTEX_POINT ( 'NONE', #2907 ) ;
#12 = EDGE_CURVE ( 'NONE', #2360, #2530, #21, .T. ) ;
#13 = VERTEX_POINT ( 'NONE', #1175 ) ;
#14 = LINE ( 'NONE', #2094, #750 ) ;
#15 = CARTESIAN_POINT ( 'NONE',  ( 0.4540145131002159551, -0.2094536270738077410, -0.5902188670302809248 ) ) ;
#16 = CARTESIAN_POINT ( 'NONE',  ( 0.4644191063109514572, 0.2114446701905952075, 0.2474792774007211205 ) ) ;
#17 = DIRECTION ( 'NONE',  ( 1.000000000000000000, 0.000000000000000000, 0.000000000000000000 ) ) ;
#18 = CARTESIAN_POINT ( 'NONE',  ( 0.5000000000000000000, 0.3606393852575854875, 0.2783882235231389113 ) ) ;
#19 = CARTESIAN_POINT ( 'NONE',  ( 0.5303471868036649939, 0.1902980550401527637, 0.3249378529345176569 ) ) ;
#20 = ORIENTED_EDGE ( 'NONE', *, *, #636, .T. ) ;
#21 = B_SPLINE_CURVE_WITH_KNOTS ( 'NONE', 3,
 ( #1519, #864, #2708, #670, #2679, #2420, #385, #2331, #2739, #938 ),
 .UNSPECIFIED., .F., .F.,
 ( 4, 3, 3, 4 ),
 ( 0.000000000000000000, 0.0002029468547724598082, 0.0004070054080861422951, 0.0004201655265562637197 ),
 .UNSPECIFIED. ) ;
#22 = CARTESIAN_POINT ( 'NONE',  ( 0.2609180486584192216, 0.4521140334228864743, 0.07364164715235593794 ) ) ;
#23 = CARTESIAN_POINT ( 'NONE',  ( 0.4732142857140397285, 0.3584207495018728595, -0.2485609090548851763 ) ) ;
#24 = APPLICATION_CONTEXT ( 'configuration controlled 3d designs of mechanical parts and assemblies' ) ;
#25 = CARTESIAN_POINT ( 'NONE',  ( 0.4570888511724645609, 0.01923688441311603020, 0.2356800087533661991 ) ) ;
#26 = VERTEX_POINT ( 'NONE', #2084 ) ;
#27 = CARTESIAN_POINT ( 'NONE',  ( 0.5219648313591538358, 0.3056250042467086869, -0.2140250318172382815 ) ) ;
#28 = FACE_OUTER_BOUND ( 'NONE', #64, .T. ) ;
#29 = ORIENTED_EDGE ( 'NONE', *, *, #1619, .T. ) ;
#30 = EDGE_LOOP ( 'NONE', ( #668, #1780 ) ) ;
#31 = AXIS2_PLACEMENT_3D ( 'NONE', #2746, #49, #1403 ) ;
#32 = EDGE_CURVE ( 'NONE', #196, #87, #1868, .T. ) ;
#33 = CARTESIAN_POINT ( 'NONE',  ( 0.5000000000000000000, 0.2951343550828122719, -0.4021513207186870331 ) ) ;
#34 = CARTESIAN_POINT ( 'NONE',  ( 0.1097815279598943483, -0.4908945402673383640, -0.1097815279599310273 ) ) ;
#35 = DIRECTION ( 'NONE',  ( 0.000000000000000000, 0.000000000000000000, -1.000000000000000000 ) ) ;
#36 = CIRCLE ( 'NONE', #2035, 0.5000000000000000000 ) ;
#37 = CIRCLE ( 'NONE', #1562, 0.02999999999999997460 ) ;
#38 = CARTESIAN_POINT ( 'NONE',  ( 0.4659090909090908839, 0.3484514888512382780, 0.2476647127011745997 ) ) ;
#39 = CARTESIAN_POINT ( 'NONE',  ( 0.3528166652680657100, 0.4588572334417058141, -0.2030314677551808000 ) ) ;
#40 = CARTESIAN_POINT ( 'NONE',  ( 0.1965234630822902118, -0.5000000000000000000, 0.1511718946786848039 ) ) ;
#41 = VERTEX_POINT ( 'NONE', #269 ) ;
#42 = PRODUCT_DEFINITION_FORMATION_WITH_SPECIFIED_SOURCE ( 'ANY', '', #118, .NOT_KNOWN. ) ;
#43 = CARTESIAN_POINT ( 'NONE',  ( 0.4962050278136492243, 0.04999999999999946154, -0.2766965192874390467 ) ) ;
#44 = DIRECTION ( 'NONE',  ( 0.000000000000000000, -0.4820179964579057175, 0.8761613156780586609 ) ) ;
#45 = CARTESIAN_POINT ( 'NONE',  ( 0.5000000000000000000, -0.03710988811746554483, 0.2444822593379427922 ) ) ;
#46 = CARTESIAN_POINT ( 'NONE',  ( 0.4543817958135606405, 0.004592554846594439077, 0.2164227909363319879 ) ) ;
#47 = FACE_OUTER_BOUND ( 'NONE', #2435, .T. ) ;
#48 = ORIENTED_EDGE ( 'NONE', *, *, #1812, .F. ) ;
#49 = DIRECTION ( 'NONE',  ( -1.000000000000000000, -0.000000000000000000, -0.000000000000000000 ) ) ;
#50 = CYLINDRICAL_SURFACE ( 'NONE', #186, 0.4274999999999999911 ) ;
#51 = CC_DESIGN_PERSON_AND_ORGANIZATION_ASSIGNMENT ( #1254, #2610, ( #42 ) ) ;
#52 =( BOUNDED_SURFACE ( )  B_SPLINE_SURFACE ( 3, 2, ( 
 ( #2387, #352, #1258 ),
 ( #2164, #129, #1043 ),
 ( #1944, #2858, #1718 ),
 ( #2630, #590, #2930 ),
 ( #845, #1970, #161 ),
 ( #1288, #2236, #2688 ),
 ( #647, #438, #1088 ),
 ( #2017, #1530, #2222 ),
 ( #2886, #887, #2432 ),
 ( #2417, #148, #1771 ),
 ( #1559, #2676, #2181 ),
 ( #1573, #382, #1316 ),
 ( #2193, #395, #1303 ),
 ( #2446, #1058, #2462 ),
 ( #1072, #1744, #409 ),
 ( #2477, #2207, #1958 ),
 ( #623, #2904, #1989 ),
 ( #1758, #2705, #2661 ) ),
 .UNSPECIFIED., .F., .F., .T. ) 
 B_SPLINE_SURFACE_WITH_KNOTS ( ( 4, 2, 2, 2, 2, 2, 2, 2, 4 ),
 ( 3, 3 ),
 ( 0.01488286268894643827, 0.01661053136538322150, 0.01747436570360161312, 0.01833820004182000474, 0.01877011721092920055, 0.01920203438003839636, 0.02006586871825678797, 0.02092970305647517959, 0.02179353739469357121 ),
 ( 0.000000000000000000, 1.000000000000000000 ),
 .UNSPECIFIED. ) 
 GEOMETRIC_REPRESENTATION_ITEM ( )  RATIONAL_B_SPLINE_SURFACE ( (
 ( 1.000000000000000000, 0.8284304890178175729, 1.000000000000000000),
 ( 1.000000000000000000, 0.8332827971657680299, 1.000000000000000000),
 ( 1.000000000000000000, 0.8407974997633049785, 1.000000000000000000),
 ( 1.000000000000000000, 0.8510056026823999975, 1.000000000000000000),
 ( 1.000000000000000000, 0.8541065684892994447, 1.000000000000000000),
 ( 1.000000000000000000, 0.8589141811868359344, 1.000000000000000000),
 ( 1.000000000000000000, 0.8606307842203073655, 1.000000000000000000),
 ( 1.000000000000000000, 0.8618564413031745142, 1.000000000000000000),
 ( 1.000000000000000000, 0.8620369999241863646, 1.000000000000000000),
 ( 1.000000000000000000, 0.8619681035420263537, 1.000000000000000000),
 ( 1.000000000000000000, 0.8617158752913481878, 1.000000000000000000),
 ( 1.000000000000000000, 0.8604174714367510690, 1.000000000000000000),
 ( 1.000000000000000000, 0.8588359969582635145, 1.000000000000000000),
 ( 1.000000000000000000, 0.8550660831275225249, 1.000000000000000000),
 ( 1.000000000000000000, 0.8528663394779502083, 1.000000000000000000),
 ( 1.000000000000000000, 0.8489435089888922592, 1.000000000000000000),
 ( 1.000000000000000000, 0.8472019657920226710, 1.000000000000000000),
 ( 1.000000000000000000, 0.8460241602241670433, 1.000000000000000000) ) ) 
 REPRESENTATION_ITEM ( '' )  SURFACE ( )  );
#53 = EDGE_CURVE ( 'NONE', #1843, #2333, #136, .T. ) ;
#54 = CARTESIAN_POINT ( 'NONE',  ( 0.5000000000000000000, -0.04999999999999998196, 0.000000000000000000 ) ) ;
#55 = CARTESIAN_POINT ( 'NONE',  ( 0.4839107591571101263, 0.3503993278110696385, 0.2449075703662118297 ) ) ;
#56 = CARTESIAN_POINT ( 'NONE',  ( 0.5321556549056354335, 0.1712381383798703138, 0.3348716599926748749 ) ) ;
#57 = ORIENTED_EDGE ( 'NONE', *, *, #1039, .T. ) ;
#58 = ADVANCED_FACE ( 'NONE', ( #2101 ), #1988, .T. ) ;
#59 = CARTESIAN_POINT ( 'NONE',  ( 0.4986197184606389610, -0.02353256786350569132, -0.2440439898226626769 ) ) ;
#60 = CARTESIAN_POINT ( 'NONE',  ( 0.5000000000000000000, -0.02576053148959611336, 0.2608518561880433517 ) ) ;
#61 = ORIENTED_EDGE ( 'NONE', *, *, #32, .T. ) ;
#62 = CARTESIAN_POINT ( 'NONE',  ( 0.4581778240427386018, 0.03633664953733589664, 0.2450213782901594084 ) ) ;
#63 = CARTESIAN_POINT ( 'NONE',  ( 0.4738579215618506368, 0.3583567972865497331, 0.2486294265265751868 ) ) ;
#64 = EDGE_LOOP ( 'NONE', ( #2624, #253, #1355, #166 ) ) ;
#65 = B_SPLINE_CURVE_WITH_KNOTS ( 'NONE', 3,
 ( #2574, #2105, #1659, #2337, #2117, #1250, #778, #2155, #317, #2547, #512, #1221, #1918, #77, #1679, #1463, #331, #960, #1235, #1863, #2142, #105, #1016, #1893 ),
 .UNSPECIFIED., .F., .F.,
 ( 4, 2, 2, 2, 2, 2, 2, 2, 2, 2, 2, 4 ),
 ( 0.004432942291858980172, 0.006193432387368597719, 0.007953922482878215267, 0.008834167530633024040, 0.009714412578387832814, 0.01147490267389745383, 0.01235514772165226260, 0.01323539276940707138, 0.01499588286491668893, 0.01587612791267149770, 0.01675637296042630647, 0.01851686305593592402 ),
 .UNSPECIFIED. ) ;
#66 = CARTESIAN_POINT ( 'NONE',  ( 0.4878813712707210648, 0.1876643288727982140, -0.5202866107255329498 ) ) ;
#67 = CYLINDRICAL_SURFACE ( 'NONE', #755, 0.1300000000000000044 ) ;
#68 = CARTESIAN_POINT ( 'NONE',  ( 0.5000000000000000000, 0.5000000000000000000, -0.2500000000000000000 ) ) ;
#69 = CARTESIAN_POINT ( 'NONE',  ( 0.5798969292244771090, 0.2258705073277299802, 0.4460745609419056734 ) ) ;
#70 =( BOUNDED_SURFACE ( )  B_SPLINE_SURFACE ( 3, 2, ( 
 ( #1806, #2275, #2723 ),
 ( #1161, #2068, #1623 ),
 ( #2554, #285, #1396 ),
 ( #2303, #685, #1191 ),
 ( #955, #1857, #968 ),
 ( #2788, #522, #2497 ),
 ( #545, #1675, #367 ),
 ( #1456, #1274, #99 ),
 ( #311, #980, #1884 ),
 ( #1470, #1024, #1498 ),
 ( #2401, #1911, #802 ),
 ( #1215, #2803, #2615 ),
 ( #326, #760, #2345 ),
 ( #2833, #2819, #2581 ),
 ( #1665, #2124, #2570 ),
 ( #535, #2371, #817 ) ),
 .UNSPECIFIED., .F., .F., .F. ) 
 B_SPLINE_SURFACE_WITH_KNOTS ( ( 4, 2, 2, 2, 2, 2, 2, 4 ),
 ( 3, 3 ),
 ( 4.775910569798647032E-17, 0.0001558987403506258476, 0.0003117974807012039362, 0.0006235949614023601675, 0.0009353924421035163988, 0.001247189922804672630, 0.001870784884206985093, 0.002494379845609297555 ),
 ( 0.000000000000000000, 1.000000000000000000 ),
 .UNSPECIFIED. ) 
 GEOMETRIC_REPRESENTATION_ITEM ( )  RATIONAL_B_SPLINE_SURFACE ( (
 ( 1.000000000000000000, 0.8284304890178209035, 1.000000000000000000),
 ( 1.000000000000000000, 0.8256505063317558513, 1.000000000000000000),
 ( 1.000000000000000000, 0.8215829663680132011, 1.000000000000000000),
 ( 1.000000000000000000, 0.8126581220829309782, 1.000000000000000000),
 ( 1.000000000000000000, 0.8078246167915928977, 1.000000000000000000),
 ( 1.000000000000000000, 0.7937869759067633924, 1.000000000000000000),
 ( 1.000000000000000000, 0.7851606274000367813, 1.000000000000000000),
 ( 1.000000000000000000, 0.7706156713579824791, 1.000000000000000000),
 ( 1.000000000000000000, 0.7645377076193087262, 1.000000000000000000),
 ( 1.000000000000000000, 0.7539748026536350345, 1.000000000000000000),
 ( 1.000000000000000000, 0.7494740115656558510, 1.000000000000000000),
 ( 1.000000000000000000, 0.7372957103411216240, 1.000000000000000000),
 ( 1.000000000000000000, 0.7308382210097208453, 1.000000000000000000),
 ( 1.000000000000000000, 0.7186372926847197640, 1.000000000000000000),
 ( 1.000000000000000000, 0.7129817657444489365, 1.000000000000000000),
 ( 1.000000000000000000, 0.7071067811866266206, 1.000000000000000000) ) ) 
 REPRESENTATION_ITEM ( '' )  SURFACE ( )  );
#71 = CARTESIAN_POINT ( 'NONE',  ( 0.5316430758034180748, 0.1777357399120143844, 0.3316181406881609228 ) ) ;
#72 = CARTESIAN_POINT ( 'NONE',  ( 0.3378854642854888790, 0.4035639710028289806, 0.1903125779082100177 ) ) ;
#73 = EDGE_CURVE ( 'NONE', #121, #1165, #2273, .T. ) ;
#74 = CARTESIAN_POINT ( 'NONE',  ( 0.5000000000000000000, -0.01655564721777220624, 0.2703381040645596589 ) ) ;
#75 = CARTESIAN_POINT ( 'NONE',  ( 0.3543515524875953671, 0.3856338551823136340, -0.2507718679142984519 ) ) ;
#76 = DIRECTION ( 'NONE',  ( 1.000000000000000000, 0.000000000000000000, 0.000000000000000000 ) ) ;
#77 = CARTESIAN_POINT ( 'NONE',  ( 0.2128986909949795725, 0.4980186995624018009, -0.04592123073798524968 ) ) ;
#78 = CARTESIAN_POINT ( 'NONE',  ( 0.6133238236129201493, 0.2250171908981341840, -0.3003054341000409022 ) ) ;
#79 = APPROVAL_DATE_TIME ( #2146, #1635 ) ;
#80 = DIRECTION ( 'NONE',  ( -0.7174485228751134036, 0.3343168799687644688, 0.6111463333705509093 ) ) ;
#81 = CARTESIAN_POINT ( 'NONE',  ( 0.2295536810027825059, -0.4467165101608037148, 0.2984197853035622794 ) ) ;
#82 = CARTESIAN_POINT ( 'NONE',  ( 0.2541775514617857223, 0.4569566282410473801, -0.04643879703790131097 ) ) ;
#83 = AXIS2_PLACEMENT_3D ( 'NONE', #151, #1026, #1914 ) ;
#84 = DIRECTION ( 'NONE',  ( -1.000000000000000000, -0.000000000000000000, -0.000000000000000000 ) ) ;
#85 = VECTOR ( 'NONE', #1825, 39.37007874015748143 ) ;
#86 = CARTESIAN_POINT ( 'NONE',  ( 0.4557634290375489616, 0.009314417339485870154, -0.2255059727014942783 ) ) ;
#87 = VERTEX_POINT ( 'NONE', #2291 ) ;
#88 = CARTESIAN_POINT ( 'NONE',  ( 0.4560856983066849946, 0.01155074113172927311, 0.2279431697178085081 ) ) ;
#89 = ADVANCED_FACE ( 'NONE', ( #255 ), #1839, .T. ) ;
#90 = B_SPLINE_CURVE_WITH_KNOTS ( 'NONE', 3,
 ( #2643, #772, #995, #830 ),
 .UNSPECIFIED., .F., .F.,
 ( 4, 4 ),
 ( 0.000000000000000000, 0.001225285082242948565 ),
 .UNSPECIFIED. ) ;
#91 = APPROVAL_PERSON_ORGANIZATION ( #1954, #1635, #1728 ) ;
#92 = CARTESIAN_POINT ( 'NONE',  ( 0.3923575026172878011, 0.4490735455483471084, 0.2265885637110213457 ) ) ;
#93 = ORIENTED_EDGE ( 'NONE', *, *, #185, .F. ) ;
#94 = LINE ( 'NONE', #291, #1130 ) ;
#95 = CARTESIAN_POINT ( 'NONE',  ( 0.4732142857142856429, 0.5000000000000000000, 0.2485609090549116829 ) ) ;
#96 = CARTESIAN_POINT ( 'NONE',  ( 0.5000000000000000000, 0.3584207495018520429, 0.2783882181415010537 ) ) ;
#97 = CARTESIAN_POINT ( 'NONE',  ( -6.829619984160658046E-17, -0.5000000000000000000, -6.829619984160658046E-17 ) ) ;
#98 = CARTESIAN_POINT ( 'NONE',  ( 0.000000000000000000, 0.000000000000000000, 0.5000000000000000000 ) ) ;
#99 = CARTESIAN_POINT ( 'NONE',  ( 0.6407374227446172021, 0.03706124877367130560, 0.3732230311896280739 ) ) ;
#100 = CARTESIAN_POINT ( 'NONE',  ( 0.4962050278136577175, 0.05000000000000000971, -0.2766965192874363821 ) ) ;
#101 = DIRECTION ( 'NONE',  ( -0.000000000000000000, 1.000000000000000000, -0.000000000000000000 ) ) ;
#102 = CARTESIAN_POINT ( 'NONE',  ( 0.4814129080612853939, 0.3465257692033156811, 0.2503637642189884271 ) ) ;
#103 = ORIENTED_EDGE ( 'NONE', *, *, #1830, .F. ) ;
#104 = ADVANCED_FACE ( 'NONE', ( #1652 ), #908, .T. ) ;
#105 = CARTESIAN_POINT ( 'NONE',  ( 0.2819039834565789659, 0.4546473192364838822, -0.2089788731713608794 ) ) ;
#106 = CARTESIAN_POINT ( 'NONE',  ( 0.4703431376349691551, 0.2296008821095790742, 0.2479558639804683440 ) ) ;
#107 = ORIENTED_EDGE ( 'NONE', *, *, #1199, .T. ) ;
#108 = FACE_OUTER_BOUND ( 'NONE', #2912, .T. ) ;
#109 = CARTESIAN_POINT ( 'NONE',  ( 0.3543515524883912304, 0.4191672338934925302, 0.2725781172986528333 ) ) ;
#110 = FACE_OUTER_BOUND ( 'NONE', #163, .T. ) ;
#111 = CARTESIAN_POINT ( 'NONE',  ( 0.5902188670302813689, -0.2094536270738068251, 0.4540145131002165657 ) ) ;
#112 = CARTESIAN_POINT ( 'NONE',  ( 0.3744409935237892340, 0.3856338551823136895, -0.2161826447537055496 ) ) ;
#113 = DIRECTION ( 'NONE',  ( -0.000000000000000000, 0.7859362886474050569, 0.6183074883802903710 ) ) ;
#114 = CARTESIAN_POINT ( 'NONE',  ( 0.4583333333333333148, 0.04656971848729817010, -0.2465033242958172832 ) ) ;
#115 = DIRECTION ( 'NONE',  ( -1.000000000000000000, -0.000000000000000000, -0.000000000000000000 ) ) ;
#116 = CARTESIAN_POINT ( 'NONE',  ( 0.5000000000000000000, 0.2185366281898092622, 0.4418684507362964364 ) ) ;
#117 = ORIENTED_EDGE ( 'NONE', *, *, #709, .T. ) ;
#118 = PRODUCT ( 'HD0025', 'HD0025', '', ( #2159 ) ) ;
#119 = CARTESIAN_POINT ( 'NONE',  ( 0.2741171912135936251, 0.4885575909852852838, 0.1080473301671537184 ) ) ;
#120 = CARTESIAN_POINT ( 'NONE',  ( 0.5000000000000000000, -0.04999999999999998196, -0.2026042433917830954 ) ) ;
#121 = VERTEX_POINT ( 'NONE', #2758 ) ;
#122 = CARTESIAN_POINT ( 'NONE',  ( 0.5000000000000000000, 0.3645715524343289271, -0.2805130712740912524 ) ) ;
#123 = APPLICATION_PROTOCOL_DEFINITION ( 'international standard', 'config_control_design', 1994, #24 ) ;
#124 = ADVANCED_FACE ( 'NONE', ( #715 ), #70, .F. ) ;
#125 = CARTESIAN_POINT ( 'NONE',  ( 0.000000000000000000, 0.000000000000000000, 0.5000000000000000000 ) ) ;
#126 = CARTESIAN_POINT ( 'NONE',  ( 0.2984197853035621129, -0.4467165101608240318, 0.2295536810027508090 ) ) ;
#127 = DIRECTION ( 'NONE',  ( -1.000000000000000000, -0.000000000000000000, -0.000000000000000000 ) ) ;
#128 = AXIS2_PLACEMENT_3D ( 'NONE', #355, #2168, #1708 ) ;
#129 = CARTESIAN_POINT ( 'NONE',  ( 0.5340660443906143362, 0.1070056526906831007, -0.3611919994180554094 ) ) ;
#130 = B_SPLINE_CURVE_WITH_KNOTS ( 'NONE', 3,
 ( #2378, #1449, #751, #345 ),
 .UNSPECIFIED., .F., .F.,
 ( 4, 4 ),
 ( 0.000000000000000000, 0.0001872435454367255394 ),
 .UNSPECIFIED. ) ;
#131 = CARTESIAN_POINT ( 'NONE',  ( 0.4794897796303710380, 0.2554778172544843184, 0.2466211558403494097 ) ) ;
#132 = ORIENTED_EDGE ( 'NONE', *, *, #1203, .F. ) ;
#133 = VECTOR ( 'NONE', #1872, 39.37007874015748143 ) ;
#134 = DIRECTION ( 'NONE',  ( 0.000000000000000000, -2.664535259100375697E-14, -1.000000000000000000 ) ) ;
#135 = AXIS2_PLACEMENT_3D ( 'NONE', #2565, #1937, #2854 ) ;
#136 = CIRCLE ( 'NONE', #2797, 0.02000000000000000736 ) ;
#137 = CARTESIAN_POINT ( 'NONE',  ( 0.4732142857142893067, 0.3478127721774974535, 0.2485609090549120714 ) ) ;
#138 = CC_DESIGN_APPROVAL ( #1014, ( #520 ) ) ;
#139 = CARTESIAN_POINT ( 'NONE',  ( 0.2629185699034335966, 0.4937487869023808873, 0.08028559931294730612 ) ) ;
#140 = CARTESIAN_POINT ( 'NONE',  ( 0.4694719116243925572, 0.2270463966336057904, 0.2479530823929814443 ) ) ;
#141 = EDGE_LOOP ( 'NONE', ( #1506, #1318, #1307, #2499, #1217 ) ) ;
#142 = CARTESIAN_POINT ( 'NONE',  ( 0.4568152419779071272, 0.01669598958839623934, -0.2334780026778833228 ) ) ;
#143 = PERSON_AND_ORGANIZATION ( #511, #233 ) ;
#144 = CARTESIAN_POINT ( 'NONE',  ( 0.4708825923596552387, 0.3978845107466015274, 0.2811398465915637690 ) ) ;
#145 = EDGE_CURVE ( 'NONE', #2333, #569, #1273, .T. ) ;
#146 = CARTESIAN_POINT ( 'NONE',  ( 0.3613903018523259014, 0.3913515664989593024, -0.2086027954001037632 ) ) ;
#147 = CARTESIAN_POINT ( 'NONE',  ( 0.4600000000000000755, 0.3532603847140010078, -0.3538461538461539213 ) ) ;
#148 = CARTESIAN_POINT ( 'NONE',  ( 0.5144060115395246990, 0.2508058613486988664, -0.2850043329396848013 ) ) ;
#149 = ADVANCED_FACE ( 'NONE', ( #1230 ), #2136, .F. ) ;
#150 = CARTESIAN_POINT ( 'NONE',  ( 0.5000000000000000000, -0.1933073619842588797, 0.5000000000000000000 ) ) ;
#151 = CARTESIAN_POINT ( 'NONE',  ( 0.000000000000000000, 0.000000000000000000, 0.5000000000000000000 ) ) ;
#152 =( BOUNDED_SURFACE ( )  B_SPLINE_SURFACE ( 3, 2, ( 
 ( #1907, #319, #2814 ),
 ( #2588, #585, #990 ),
 ( #1224, #2132, #1878 ),
 ( #1004, #780, #2828 ) ),
 .UNSPECIFIED., .F., .F., .T. ) 
 B_SPLINE_SURFACE_WITH_KNOTS ( ( 4, 4 ),
 ( 3, 3 ),
 ( 0.000000000000000000, 0.0004276237696955252740 ),
 ( 0.000000000000000000, 1.000000000000000000 ),
 .UNSPECIFIED. ) 
 GEOMETRIC_REPRESENTATION_ITEM ( )  RATIONAL_B_SPLINE_SURFACE ( (
 ( 1.000000000000000000, 0.9946938992867555562, 1.000000000000000000),
 ( 1.000000000000000000, 0.9976287826251015733, 1.000000000000000000),
 ( 1.000000000000000000, 0.9999731677848269218, 1.000000000000000000),
 ( 1.000000000000000000, 1.000000000000000000, 1.000000000000000000) ) ) 
 REPRESENTATION_ITEM ( '' )  SURFACE ( )  );
#153 = DIRECTION ( 'NONE',  ( 0.000000000000000000, 0.000000000000000000, -1.000000000000000000 ) ) ;
#154 = CARTESIAN_POINT ( 'NONE',  ( 0.2470949419680018300, 0.4755870744928438199, -0.1546614075131951260 ) ) ;
#155 = CARTESIAN_POINT ( 'NONE',  ( 0.4711615290488950780, 0.2167821121166861043, 0.2489193845522266746 ) ) ;
#156 = ORIENTED_EDGE ( 'NONE', *, *, #1417, .F. ) ;
#157 = LINE ( 'NONE', #1525, #85 ) ;
#158 = CARTESIAN_POINT ( 'NONE',  ( 0.4702730420284459423, 0.3983062130046496896, 0.2836787843949345467 ) ) ;
#159 = CARTESIAN_POINT ( 'NONE',  ( 0.3741042144048949414, 0.3385972035682830450, -0.3741042144048949969 ) ) ;
#160 = CARTESIAN_POINT ( 'NONE',  ( 0.5000000000000000000, -0.04999999999999998196, 0.1936491673103708788 ) ) ;
#161 = CARTESIAN_POINT ( 'NONE',  ( 0.6156225367980804331, 0.2178841597364106208, -0.3056896574476076212 ) ) ;
#162 = CARTESIAN_POINT ( 'NONE',  ( 0.5000000000000000000, 0.3407576274943393546, 0.2000783154901314420 ) ) ;
#163 = EDGE_LOOP ( 'NONE', ( #879, #213, #4, #1143, #228, #2690 ) ) ;
#164 = FACE_OUTER_BOUND ( 'NONE', #1581, .T. ) ;
#165 = EDGE_CURVE ( 'NONE', #1031, #2839, #2940, .T. ) ;
#166 = ORIENTED_EDGE ( 'NONE', *, *, #2893, .F. ) ;
#167 = DIRECTION ( 'NONE',  ( -1.000000000000000000, -0.000000000000000000, -0.000000000000000000 ) ) ;
#168 =( BOUNDED_CURVE ( )  B_SPLINE_CURVE ( 3, ( #635, #177, #606, #426 ),
 .UNSPECIFIED., .F., .F. ) 
 B_SPLINE_CURVE_WITH_KNOTS ( ( 4, 4 ),
 ( 0.6931599075767538309, 1.570796326794896558 ),
 .UNSPECIFIED. ) 
 CURVE ( )  GEOMETRIC_REPRESENTATION_ITEM ( )  RATIONAL_B_SPLINE_CURVE ( ( 1.000000000000000000, 0.9368362683125379675, 0.9368362683125379675, 1.000000000000000000 ) ) 
 REPRESENTATION_ITEM ( '' )  );
#169 = CARTESIAN_POINT ( 'NONE',  ( 0.2506266777826758885, 0.4996897776193760521, -0.02046582607697206360 ) ) ;
#170 = CARTESIAN_POINT ( 'NONE',  ( 0.4711607428294402045, 0.2167812439860378748, -0.2489192330529718111 ) ) ;
#171 = B_SPLINE_CURVE_WITH_KNOTS ( 'NONE', 3,
 ( #1125, #1616, #2492, #1, #2752, #2550, #55, #2522, #963, #38 ),
 .UNSPECIFIED., .F., .F.,
 ( 4, 2, 2, 2, 4 ),
 ( 0.000000000000000000, 0.0003509233147568692783, 0.0007018466295137385565, 0.001052769944270607726, 0.001403693259027477113 ),
 .UNSPECIFIED. ) ;
#172 = ORIENTED_EDGE ( 'NONE', *, *, #2527, .F. ) ;
#173 = DIRECTION ( 'NONE',  ( 1.000000000000000000, 0.000000000000000000, 0.000000000000000000 ) ) ;
#174 = CARTESIAN_POINT ( 'NONE',  ( 0.4732858604240517408, 0.3929187339634218623, 0.2683358794462071262 ) ) ;
#175 = CARTESIAN_POINT ( 'NONE',  ( 0.5798969292244764429, 0.2258705073277310904, -0.4460745609419051183 ) ) ;
#176 = CARTESIAN_POINT ( 'NONE',  ( 0.4667804001895811128, 0.3982297706151648464, -0.2959405670512120223 ) ) ;
#177 = CARTESIAN_POINT ( 'NONE',  ( 0.2880209178661152780, -0.4357716060189145146, -0.3744271932259499169 ) ) ;
#178 = CARTESIAN_POINT ( 'NONE',  ( 0.5355695926088069880, 0.3227826863262703849, 0.1911631993753613590 ) ) ;
#179 = ORIENTED_EDGE ( 'NONE', *, *, #1437, .F. ) ;
#180 = CARTESIAN_POINT ( 'NONE',  ( 0.5152454366519193529, 0.2867012413329969589, 0.2310773511979578032 ) ) ;
#181 = TOROIDAL_SURFACE ( 'NONE', #1930, 0.4600000000000000200, 0.04000000000000000083 ) ;
#182 = ORIENTED_EDGE ( 'NONE', *, *, #1737, .F. ) ;
#183 = AXIS2_PLACEMENT_3D ( 'NONE', #241, #1308, #199 ) ;
#184 = CARTESIAN_POINT ( 'NONE',  ( 0.3863398555345882723, 0.4068852561478634722, -0.2907144036436833945 ) ) ;
#185 = EDGE_CURVE ( 'NONE', #1642, #2534, #37, .T. ) ;
#186 = AXIS2_PLACEMENT_3D ( 'NONE', #248, #279, #1799 ) ;
#187 = CARTESIAN_POINT ( 'NONE',  ( 0.3125020228158327251, 0.4179652131361805689, -0.1663042800683825762 ) ) ;
#188 = CARTESIAN_POINT ( 'NONE',  ( 0.4801039925955324916, 0.2571571932170051422, -0.2464299194910065938 ) ) ;
#189 = APPROVAL_PERSON_ORGANIZATION ( #2926, #1014, #2232 ) ;
#190 = ORIENTED_EDGE ( 'NONE', *, *, #2037, .F. ) ;
#191 = CARTESIAN_POINT ( 'NONE',  ( 0.5000000000000000000, -0.3194855331891567340, -0.3846153846153846922 ) ) ;
#192 = CARTESIAN_POINT ( 'NONE',  ( 0.4583333333333333148, 0.2022443516585266110, 0.2465033242958173387 ) ) ;
#193 = CARTESIAN_POINT ( 'NONE',  ( 0.4719819579934145803, 0.3964874662409555439, -0.2760146331230478034 ) ) ;
#194 = FACE_OUTER_BOUND ( 'NONE', #2439, .T. ) ;
#195 = CARTESIAN_POINT ( 'NONE',  ( 0.5000000000000000000, 0.3645715524343289271, 0.2805130712740912524 ) ) ;
#196 = VERTEX_POINT ( 'NONE', #1899 ) ;
#197 = CARTESIAN_POINT ( 'NONE',  ( 0.4710343141648669074, 0.2166416227540241823, 0.2488948735163989678 ) ) ;
#198 = VERTEX_POINT ( 'NONE', #2847 ) ;
#199 = DIRECTION ( 'NONE',  ( -1.000000000000000000, 0.000000000000000000, 0.000000000000000000 ) ) ;
#200 = CARTESIAN_POINT ( 'NONE',  ( 0.4707755295096965886, 0.3480005853693470819, 0.2482981009280947893 ) ) ;
#201 = VERTEX_POINT ( 'NONE', #1705 ) ;
#202 = ADVANCED_FACE ( 'NONE', ( #574 ), #52, .F. ) ;
#203 = B_SPLINE_CURVE_WITH_KNOTS ( 'NONE', 3,
 ( #1663, #697, #2551, #1881, #252, #1158 ),
 .UNSPECIFIED., .F., .F.,
 ( 4, 2, 4 ),
 ( 0.000000000000000000, 0.001491055749747764985, 0.002982111499495529970 ),
 .UNSPECIFIED. ) ;
#204 = CARTESIAN_POINT ( 'NONE',  ( 0.4499999999999999556, -0.04999999999999998196, -0.1936491673103708788 ) ) ;
#205 = CARTESIAN_POINT ( 'NONE',  ( -1.512659840009138796E-15, 0.5000000000000001110, 1.496899178507229907E-15 ) ) ;
#206 = CARTESIAN_POINT ( 'NONE',  ( 0.3846153846153845812, -0.3194855331891567340, 0.5000000000000000000 ) ) ;
#207 = CARTESIAN_POINT ( 'NONE',  ( 0.5000000000000000000, 0.2795084971874737256, -0.2179449471770336932 ) ) ;
#208 = ORIENTED_EDGE ( 'NONE', *, *, #912, .T. ) ;
#209 = CARTESIAN_POINT ( 'NONE',  ( 0.5213635677091932319, 0.3054687143947962813, 0.2138124427709366948 ) ) ;
#210 = ORIENTED_EDGE ( 'NONE', *, *, #2192, .F. ) ;
#211 = CARTESIAN_POINT ( 'NONE',  ( 0.4686625738879787173, 0.2246889861375739317, -0.2479449471770517055 ) ) ;
#212 = CARTESIAN_POINT ( 'NONE',  ( 0.000000000000000000, 0.000000000000000000, 0.5000000000000000000 ) ) ;
#213 = ORIENTED_EDGE ( 'NONE', *, *, #1233, .T. ) ;
#214 = CARTESIAN_POINT ( 'NONE',  ( 0.4839254839439066092, 0.2173142479543987149, -0.4932394932616865346 ) ) ;
#215 = CARTESIAN_POINT ( 'NONE',  ( 0.3833561766864813647, 0.3218154810470034710, -0.4983630296923923231 ) ) ;
#216 = EDGE_CURVE ( 'NONE', #717, #2952, #1262, .T. ) ;
#217 = CARTESIAN_POINT ( 'NONE',  ( 0.4635252159249221848, 0.3954729165690941128, -0.3047272136842308909 ) ) ;
#218 = CARTESIAN_POINT ( 'NONE',  ( 0.5000000000000000000, 0.000000000000000000, 0.000000000000000000 ) ) ;
#219 = CARTESIAN_POINT ( 'NONE',  ( 0.5200000000000000178, 0.3285604933792719007, 0.1807567486717149008 ) ) ;
#220 = ORIENTED_EDGE ( 'NONE', *, *, #2343, .T. ) ;
#221 = CARTESIAN_POINT ( 'NONE',  ( 0.5024751147068468038, -0.06910906800598790034, -0.3686821355265073596 ) ) ;
#222 = ORIENTED_EDGE ( 'NONE', *, *, #1619, .F. ) ;
#223 = CARTESIAN_POINT ( 'NONE',  ( 0.3698609728768574856, 0.4128001811685322875, -0.2823692916791639140 ) ) ;
#224 = ORIENTED_EDGE ( 'NONE', *, *, #1001, .F. ) ;
#225 = AXIS2_PLACEMENT_3D ( 'NONE', #2873, #1785, #831 ) ;
#226 = CARTESIAN_POINT ( 'NONE',  ( 0.5000000000000000000, 0.02382671265624727516, -0.2924959730179887418 ) ) ;
#227 = CARTESIAN_POINT ( 'NONE',  ( 0.4949199908584009377, 0.2994305471110658701, -0.2348161138411023197 ) ) ;
#228 = ORIENTED_EDGE ( 'NONE', *, *, #1038, .T. ) ;
#229 = AXIS2_PLACEMENT_3D ( 'NONE', #1008, #127, #1687 ) ;
#230 = CARTESIAN_POINT ( 'NONE',  ( 0.4659090909090908839, 0.5000000000000000000, -0.2476647127011746552 ) ) ;
#231 = CARTESIAN_POINT ( 'NONE',  ( 0.2127929887518545393, -0.4565938498999587147, -0.2127929887518171248 ) ) ;
#232 = CARTESIAN_POINT ( 'NONE',  ( 0.4129258921129444482, 0.3709648340919433629, 0.2345097847064525065 ) ) ;
#233 = ORGANIZATION ( 'UNSPECIFIED', 'UNSPECIFIED', '' ) ;
#234 = CARTESIAN_POINT ( 'NONE',  ( 0.05280853649690072510, 0.4999999999997803979, 0.05280853649690075285 ) ) ;
#235 = CARTESIAN_POINT ( 'NONE',  ( 0.4651685145822326284, 0.3912740859952218986, 0.3112971874071047695 ) ) ;
#236 = CARTESIAN_POINT ( 'NONE',  ( 0.6257053471885809515, 0.1713136057294493142, 0.3337104585212343211 ) ) ;
#237 = ORIENTED_EDGE ( 'NONE', *, *, #2154, .T. ) ;
#238 = CARTESIAN_POINT ( 'NONE',  ( 0.5089104821609310436, 0.2745604881179484202, 0.2387627867111707658 ) ) ;
#239 = EDGE_CURVE ( 'NONE', #2214, #2669, #168, .T. ) ;
#240 = CARTESIAN_POINT ( 'NONE',  ( 0.4738004937173369568, 0.3672440376413070862, -0.2486240806941760750 ) ) ;
#241 = CARTESIAN_POINT ( 'NONE',  ( 0.000000000000000000, 0.000000000000000000, 0.5000000000000000000 ) ) ;
#242 = ORIENTED_EDGE ( 'NONE', *, *, #2030, .T. ) ;
#243 = CARTESIAN_POINT ( 'NONE',  ( 0.5000000000000000000, -0.0005587970353955565858, -0.2821330937662591687 ) ) ;
#244 = CARTESIAN_POINT ( 'NONE',  ( 0.4608225865469550708, 0.2075503873365389385, -0.2469143181556719691 ) ) ;
#245 = ORIENTED_EDGE ( 'NONE', *, *, #2750, .T. ) ;
#246 =( BOUNDED_CURVE ( )  B_SPLINE_CURVE ( 3, ( #710, #2749, #1865, #1375 ),
 .UNSPECIFIED., .F., .F. ) 
 B_SPLINE_CURVE_WITH_KNOTS ( ( 4, 4 ),
 ( 1.070234314869775938, 1.570796326794896780 ),
 .UNSPECIFIED. ) 
 CURVE ( )  GEOMETRIC_REPRESENTATION_ITEM ( )  RATIONAL_B_SPLINE_CURVE ( ( 1.000000000000000000, 0.9792285743127188136, 0.9792285743127188136, 1.000000000000000000 ) ) 
 REPRESENTATION_ITEM ( '' )  );
#247 = DIRECTION ( 'NONE',  ( -0.000000000000000000, 1.000000000000000000, -0.000000000000000000 ) ) ;
#248 = CARTESIAN_POINT ( 'NONE',  ( 1.250000000000000000, 0.000000000000000000, 0.000000000000000000 ) ) ;
#249 = CARTESIAN_POINT ( 'NONE',  ( 0.4686370204980497278, 0.3482521402222685247, -0.2479449471770337199 ) ) ;
#250 = CARTESIAN_POINT ( 'NONE',  ( 0.3896322822036770162, 0.4057202176233447033, -0.2923476806729040645 ) ) ;
#251 = CARTESIAN_POINT ( 'NONE',  ( 0.3119471385730981927, 0.4386564902194877713, -0.2399593373643136018 ) ) ;
#252 = CARTESIAN_POINT ( 'NONE',  ( 0.3698629676485966078, 0.4127993622587308731, 0.2823705509884319453 ) ) ;
#253 = ORIENTED_EDGE ( 'NONE', *, *, #675, .F. ) ;
#254 = CARTESIAN_POINT ( 'NONE',  ( 0.5323536118201366296, 0.06128497581430962515, -0.3703264555160718507 ) ) ;
#255 = FACE_OUTER_BOUND ( 'NONE', #290, .T. ) ;
#256 = CARTESIAN_POINT ( 'NONE',  ( 0.6166155265316247691, 0.2138062226063578430, 0.3084023765010634466 ) ) ;
#257 = DIRECTION ( 'NONE',  ( 1.000000000000000000, 0.000000000000000000, 0.000000000000000000 ) ) ;
#258 = EDGE_CURVE ( 'NONE', #1189, #643, #1042, .T. ) ;
#259 = CARTESIAN_POINT ( 'NONE',  ( 0.4558649712729728742, 0.3601230093887822226, 0.2467375622997344253 ) ) ;
#260 = ORIENTED_EDGE ( 'NONE', *, *, #2692, .F. ) ;
#261 = EDGE_LOOP ( 'NONE', ( #2349, #2481, #833, #1472, #2007, #982 ) ) ;
#262 = CARTESIAN_POINT ( 'NONE',  ( 0.6348201112546308922, 0.05000000000000000971, 0.2193741096848031424 ) ) ;
#263 = CARTESIAN_POINT ( 'NONE',  ( 0.4616485950365934454, 0.2011515278289782160, 0.2470637058026271538 ) ) ;
#264 = CARTESIAN_POINT ( 'NONE',  ( 0.5000000000000000000, -0.04887629725665027652, 0.2114805748142480624 ) ) ;
#265 = CARTESIAN_POINT ( 'NONE',  ( 0.4807830356475229494, 0.4411320538269498659, -0.2493576742458247508 ) ) ;
#266 = CARTESIAN_POINT ( 'NONE',  ( 0.4935559535641601547, 0.2950202070647267028, 0.2366544960452485746 ) ) ;
#267 = CARTESIAN_POINT ( 'NONE',  ( 0.6337789072686259573, 0.1017447001440365678, 0.3614271761910233804 ) ) ;
#268 = CARTESIAN_POINT ( 'NONE',  ( 0.4963255086677287320, 0.03599241894506307465, -0.2759820375607455745 ) ) ;
#269 = CARTESIAN_POINT ( 'NONE',  ( 0.4692660566065728900, 0.2146890653535660776, -0.2485541509954960482 ) ) ;
#270 = CARTESIAN_POINT ( 'NONE',  ( 0.4515297030373822129, 0.0003112043475561240011, 0.2006632875908738178 ) ) ;
#271 = CARTESIAN_POINT ( 'NONE',  ( 0.4499999999999999556, 0.000000000000000000, 0.1936491673103708788 ) ) ;
#272 = B_SPLINE_CURVE_WITH_KNOTS ( 'NONE', 3,
 ( #2872, #1287, #1229, #2629, #2191, #1910, #2832, #112 ),
 .UNSPECIFIED., .F., .F.,
 ( 4, 2, 2, 4 ),
 ( 0.000000000000000000, 0.0006912823045544660506, 0.001382564609108932101, 0.002765129218217864636 ),
 .UNSPECIFIED. ) ;
#273 = CC_DESIGN_DATE_AND_TIME_ASSIGNMENT ( #422, #1797, ( #520 ) ) ;
#274 = EDGE_CURVE ( 'NONE', #733, #2957, #1515, .T. ) ;
#275 = CARTESIAN_POINT ( 'NONE',  ( 0.4643675823691599813, 0.3290862429556907776, 0.3779802768960950909 ) ) ;
#276 = EDGE_LOOP ( 'NONE', ( #2259, #576, #1595, #936 ) ) ;
#277 = ADVANCED_FACE ( 'NONE', ( #194 ), #2591, .T. ) ;
#278 = CARTESIAN_POINT ( 'NONE',  ( 0.5000000000000000000, 0.2970828302972210455, -0.3534089710719408028 ) ) ;
#279 = DIRECTION ( 'NONE',  ( -1.000000000000000000, -0.000000000000000000, -0.000000000000000000 ) ) ;
#280 = CARTESIAN_POINT ( 'NONE',  ( 0.4551433607353014832, 0.3602379650742263406, 0.2466135286916594782 ) ) ;
#281 = CARTESIAN_POINT ( 'NONE',  ( 0.2063083401616558621, 0.4593012717203808770, 0.2063083401616922774 ) ) ;
#282 = CARTESIAN_POINT ( 'NONE',  ( 0.4955871978725744365, 0.07183084747613170673, 0.2752341415393410595 ) ) ;
#283 = ORIENTED_EDGE ( 'NONE', *, *, #926, .F. ) ;
#284 = CARTESIAN_POINT ( 'NONE',  ( 0.6467859564778768444, -0.01020324932519052832, -0.3751010593606270982 ) ) ;
#285 = CARTESIAN_POINT ( 'NONE',  ( 0.5323612018566656889, 0.06134002173821410941, 0.3703158786948410053 ) ) ;
#286 = CARTESIAN_POINT ( 'NONE',  ( 0.4561802401050671918, 0.01211973424258539107, 0.2286395832725998389 ) ) ;
#287 = ORIENTED_EDGE ( 'NONE', *, *, #239, .F. ) ;
#288 = CARTESIAN_POINT ( 'NONE',  ( 0.4529089154372254455, 0.001256929888038978019, -0.2076204535664284423 ) ) ;
#289 = CARTESIAN_POINT ( 'NONE',  ( 0.3900326417659896183, 0.4060004532275061084, 0.2918794347083508156 ) ) ;
#290 = EDGE_LOOP ( 'NONE', ( #1561, #1067, #2479 ) ) ;
#291 = CARTESIAN_POINT ( 'NONE',  ( 0.5000000000000000000, 0.000000000000000000, -0.2783882181415010537 ) ) ;
#292 = CARTESIAN_POINT ( 'NONE',  ( 0.3925144136644690973, -0.3106365533764567366, -0.5102687377638340793 ) ) ;
#293 = CARTESIAN_POINT ( 'NONE',  ( 0.5000000000000000000, -0.04999999999999998196, 0.1936491673103708788 ) ) ;
#294 = EDGE_CURVE ( 'NONE', #1917, #2024, #2556, .T. ) ;
#295 = DIRECTION ( 'NONE',  ( 1.000000000000000000, 0.000000000000000000, 0.000000000000000000 ) ) ;
#296 = CARTESIAN_POINT ( 'NONE',  ( 0.3492541824971086006, 0.3974187564058704325, 0.1999968273403980035 ) ) ;
#297 = ORIENTED_EDGE ( 'NONE', *, *, #544, .T. ) ;
#298 = CARTESIAN_POINT ( 'NONE',  ( 0.5292739350238639950, 0.04436083747999423205, -0.3730801260239484107 ) ) ;
#299 = CARTESIAN_POINT ( 'NONE',  ( 0.5000000000000000000, 0.1673394999523187821, -0.5000000000000000000 ) ) ;
#300 = CARTESIAN_POINT ( 'NONE',  ( 0.5000000000000057732, 0.005842812312440572725, 0.2289850090012467421 ) ) ;
#301 = ORIENTED_EDGE ( 'NONE', *, *, #673, .T. ) ;
#302 = CARTESIAN_POINT ( 'NONE',  ( 0.4515209015272358961, -1.500648922300925238E-19, 0.2003249837680713408 ) ) ;
#303 = CARTESIAN_POINT ( 'NONE',  ( 0.4583333333333333148, 0.05000000000000000971, -0.2465033242958173110 ) ) ;
#304 = CARTESIAN_POINT ( 'NONE',  ( 0.4738049200516375459, 0.3673106791829653939, 0.2486245576900401322 ) ) ;
#305 = DIRECTION ( 'NONE',  ( 0.000000000000000000, 0.6183074883802960331, 0.7859362886474006160 ) ) ;
#306 = COORDINATED_UNIVERSAL_TIME_OFFSET ( 8, 0, .BEHIND. ) ;
#307 = FACE_OUTER_BOUND ( 'NONE', #1094, .T. ) ;
#308 = EDGE_CURVE ( 'NONE', #1913, #728, #171, .T. ) ;
#309 = CARTESIAN_POINT ( 'NONE',  ( 0.3763380554585346593, -0.4083597715968514952, 0.2894908118911753703 ) ) ;
#310 = CARTESIAN_POINT ( 'NONE',  ( 0.2915686251500055892, 0.4312054358227410122, -0.1383301992444593009 ) ) ;
#311 = CARTESIAN_POINT ( 'NONE',  ( 0.4979289798639282005, -0.01411053966148229435, 0.2523414552054136228 ) ) ;
#312 = CARTESIAN_POINT ( 'NONE',  ( 0.6052625772170067142, 0.2468855414223854183, 0.2826042816185591611 ) ) ;
#313 = EDGE_LOOP ( 'NONE', ( #2257, #61, #1828, #1368, #1776, #2923 ) ) ;
#314 = CARTESIAN_POINT ( 'NONE',  ( 0.4583333333333334259, 0.04313686328500784817, 0.2465033242958173387 ) ) ;
#315 = CARTESIAN_POINT ( 'NONE',  ( 0.4675009534676509704, 0.4412183027381775258, 0.2484596913379861771 ) ) ;
#316 = ORIENTED_EDGE ( 'NONE', *, *, #2471, .T. ) ;
#317 = CARTESIAN_POINT ( 'NONE',  ( 0.2192454808059798033, 0.4937222214606371562, 0.07979270890353898360 ) ) ;
#318 = CARTESIAN_POINT ( 'NONE',  ( 0.3245379366830752343, 0.4107788056709237856, -0.1789427133204516129 ) ) ;
#319 = CARTESIAN_POINT ( 'NONE',  ( 0.4676347033020430422, 0.2157811314056415908, -0.2479022422812777182 ) ) ;
#320 = CIRCLE ( 'NONE', #2799, 0.5000000000000000000 ) ;
#321 = TOROIDAL_SURFACE ( 'NONE', #752, 0.3950000000000000178, 0.02000000000000000042 ) ;
#322 = PLANE ( 'NONE',  #1841 ) ;
#323 = CARTESIAN_POINT ( 'NONE',  ( 0.5288719123423638591, -0.2916443388934166769, 0.4068245479556725774 ) ) ;
#324 = CARTESIAN_POINT ( 'NONE',  ( 0.4970095177666190023, 0.003589620859602324181, -0.2649444063738423116 ) ) ;
#325 = CIRCLE ( 'NONE', #2172, 0.03999999999999999389 ) ;
#326 = CARTESIAN_POINT ( 'NONE',  ( 0.4994884389643769462, -0.03425224666735830065, 0.2335291273374362486 ) ) ;
#327 = CARTESIAN_POINT ( 'NONE',  ( 0.5692758604817570456, 0.3002643937421424214, 0.2249948319121664042 ) ) ;
#328 = CARTESIAN_POINT ( 'NONE',  ( 0.4732142857142856429, 0.5000000000000000000, -0.2485609090549116829 ) ) ;
#329 = ADVANCED_FACE ( 'NONE', ( #2063 ), #1083, .F. ) ;
#330 = CARTESIAN_POINT ( 'NONE',  ( 0.4793404078619983855, 0.2452938221358982318, 0.4650260268785285089 ) ) ;
#331 = CARTESIAN_POINT ( 'NONE',  ( 0.2283542157659015914, 0.4876078879710898928, -0.1126549371768532648 ) ) ;
#332 = CARTESIAN_POINT ( 'NONE',  ( 1.250000000000000000, 0.000000000000000000, 0.000000000000000000 ) ) ;
#333 = CARTESIAN_POINT ( 'NONE',  ( 0.4741504239711976099, 0.3829424031647590265, -0.2571617153327425132 ) ) ;
#334 = COORDINATED_UNIVERSAL_TIME_OFFSET ( 8, 0, .BEHIND. ) ;
#335 = DIRECTION ( 'NONE',  ( 0.6484581428513856993, 0.000000000000000000, 0.7612503116385120894 ) ) ;
#336 = CARTESIAN_POINT ( 'NONE',  ( 0.4741504239711976099, 0.3829424031647590265, -0.2571617153327425132 ) ) ;
#337 = CARTESIAN_POINT ( 'NONE',  ( 0.4811914833094954047, 0.2341788480434035535, -0.4763580844019879579 ) ) ;
#338 = CARTESIAN_POINT ( 'NONE',  ( 0.4507352270726660004, 0.2454592623543854490, 0.5000000000000000000 ) ) ;
#339 = CARTESIAN_POINT ( 'NONE',  ( 0.4582947860552997743, 0.04320289794281031298, -0.2461426482950266059 ) ) ;
#340 = CARTESIAN_POINT ( 'NONE',  ( 0.4999999999999973355, -0.04026814756549713936, 0.2273954739782191037 ) ) ;
#341 = B_SPLINE_CURVE_WITH_KNOTS ( 'NONE', 3,
 ( #1089, #1290, #876, #2720 ),
 .UNSPECIFIED., .F., .F.,
 ( 4, 4 ),
 ( 8.673617379884035472E-19, 0.0008391596913550185017 ),
 .UNSPECIFIED. ) ;
#342 = CYLINDRICAL_SURFACE ( 'NONE', #2167, 0.02999999999999998848 ) ;
#343 = VERTEX_POINT ( 'NONE', #1240 ) ;
#344 = EDGE_CURVE ( 'NONE', #2921, #1104, #2938, .T. ) ;
#345 = CARTESIAN_POINT ( 'NONE',  ( 0.4732142857142856429, 0.3478127721774977310, -0.2485609090549116829 ) ) ;
#346 = CARTESIAN_POINT ( 'NONE',  ( 0.4741628267196918989, 0.3913697864594265496, 0.2637938645581706654 ) ) ;
#347 = EDGE_LOOP ( 'NONE', ( #1444, #1018, #600, #2403 ) ) ;
#348 = CARTESIAN_POINT ( 'NONE',  ( 0.6348201112546305591, 0.08333333333333332871, -0.3656235161413384782 ) ) ;
#349 = CARTESIAN_POINT ( 'NONE',  ( 0.4692660566065728900, 0.2146890653535660776, -0.2485541509954960482 ) ) ;
#350 = CARTESIAN_POINT ( 'NONE',  ( 0.2127929887517114316, -0.4565938498999560502, 0.2127929887517114871 ) ) ;
#351 = CARTESIAN_POINT ( 'NONE',  ( 0.4962050278136577175, 0.05000000000000000971, -0.2766965192874363821 ) ) ;
#352 = CARTESIAN_POINT ( 'NONE',  ( 0.5338324424569403925, 0.07428491577558492265, -0.3676858419031955871 ) ) ;
#353 = CARTESIAN_POINT ( 'NONE',  ( 0.4580237045317619993, 0.03330759906270992082, -0.2436629190315722227 ) ) ;
#354 = CARTESIAN_POINT ( 'NONE',  ( 0.6379447261716446604, 0.05567586869879333211, 0.3711059192134746887 ) ) ;
#355 = CARTESIAN_POINT ( 'NONE',  ( 0.4499999999999999556, 0.05000000000000000971, 0.2958039891549807954 ) ) ;
#356 = PRODUCT_DEFINITION_SHAPE ( 'NONE', 'NONE',  #1452 ) ;
#357 = EDGE_CURVE ( 'NONE', #2082, #2209, #2909, .T. ) ;
#358 = CARTESIAN_POINT ( 'NONE',  ( 0.2740728682520315873, 0.4885776615505796339, -0.1079549171444239147 ) ) ;
#359 = CARTESIAN_POINT ( 'NONE',  ( 0.4676347033020143984, 0.2157811314058110108, 0.2479022422812739712 ) ) ;
#360 = ORIENTED_EDGE ( 'NONE', *, *, #1945, .F. ) ;
#361 = CARTESIAN_POINT ( 'NONE',  ( 0.6332175360365476235, 0.1116712939103207403, -0.3591646954952503745 ) ) ;
#362 = DIRECTION ( 'NONE',  ( 1.000000000000000000, 0.000000000000000000, 0.000000000000000000 ) ) ;
#363 = EDGE_CURVE ( 'NONE', #41, #1538, #2050, .T. ) ;
#364 = CARTESIAN_POINT ( 'NONE',  ( 0.4693203724064242688, 0.3912253259607650357, 0.3100551369993345130 ) ) ;
#365 = CARTESIAN_POINT ( 'NONE',  ( 0.3805707983120719673, -0.3290552758036304759, 0.3805707983121060511 ) ) ;
#366 = CARTESIAN_POINT ( 'NONE',  ( 0.5000000000000001110, -0.04026040526040051276, -0.2274043279660872829 ) ) ;
#367 = CARTESIAN_POINT ( 'NONE',  ( 0.6387580075306759086, 0.05023266398516985920, 0.3716794945110519777 ) ) ;
#368 = CARTESIAN_POINT ( 'NONE',  ( 0.000000000000000000, 0.5000000000000000000, 0.000000000000000000 ) ) ;
#369 = CARTESIAN_POINT ( 'NONE',  ( 0.5000000000000000000, 0.3677720081789803697, -0.2179449471770336932 ) ) ;
#370 = CARTESIAN_POINT ( 'NONE',  ( 0.6500000000000000222, -0.04663545637670191146, 0.2201139118922978144 ) ) ;
#371 =( BOUNDED_SURFACE ( )  B_SPLINE_SURFACE ( 3, 2, ( 
 ( #737, #1643, #2813 ),
 ( #1422, #2324, #767 ),
 ( #1671, #540, #2407 ),
 ( #837, #1029, #418 ),
 ( #1709, #2170, #1963 ),
 ( #2864, #119, #2651 ),
 ( #1049, #2424, #1979 ),
 ( #1325, #139, #1724 ),
 ( #2199, #2453, #866 ),
 ( #1932, #1995, #2852 ),
 ( #1750, #1551, #1950 ),
 ( #2895, #853, #823 ),
 ( #2637, #169, #598 ),
 ( #2667, #809, #2681 ),
 ( #2212, #2622, #628 ),
 ( #1522, #583, #1489 ),
 ( #1095, #1280, #1079 ),
 ( #1536, #2394, #2440 ),
 ( #614, #358, #1263 ),
 ( #1504, #2186, #641 ),
 ( #1738, #373, #154 ),
 ( #1064, #2879, #387 ),
 ( #401, #1309, #1295 ),
 ( #187, #2910, #1763 ),
 ( #318, #1602, #951 ),
 ( #2735, #39, #251 ) ),
 .UNSPECIFIED., .F., .F., .F. ) 
 B_SPLINE_SURFACE_WITH_KNOTS ( ( 4, 2, 2, 2, 2, 2, 2, 2, 2, 2, 2, 2, 4 ),
 ( 3, 3 ),
 ( 0.009050064058770465950, 0.01068659261022245413, 0.01232312116167444405, 0.01314138543740043900, 0.01395964971312643396, 0.01559617826457842388, 0.01641444254030442057, 0.01723270681603041379, 0.01805097109175640702, 0.01886923536748240371, 0.01968749964320840040, 0.02050576391893439362, 0.02214229247038638354 ),
 ( 0.000000000000000000, 1.000000000000000000 ),
 .UNSPECIFIED. ) 
 GEOMETRIC_REPRESENTATION_ITEM ( )  RATIONAL_B_SPLINE_SURFACE ( (
 ( 1.000000000000000000, 0.5633212934494555846, 1.000000000000000000),
 ( 1.000000000000000000, 0.5827522770692952214, 1.000000000000000000),
 ( 1.000000000000000000, 0.6015220304386191819, 1.000000000000000000),
 ( 1.000000000000000000, 0.6361479543174045626, 1.000000000000000000),
 ( 1.000000000000000000, 0.6520938502403120784, 1.000000000000000000),
 ( 1.000000000000000000, 0.6717985215128989829, 1.000000000000000000),
 ( 1.000000000000000000, 0.6777125530744159132, 1.000000000000000000),
 ( 1.000000000000000000, 0.6880891343552810735, 1.000000000000000000),
 ( 1.000000000000000000, 0.6925748597654081129, 1.000000000000000000),
 ( 1.000000000000000000, 0.7033757787021439611, 1.000000000000000000),
 ( 1.000000000000000000, 0.7070865198312499267, 1.000000000000000000),
 ( 1.000000000000000000, 0.7071167887320011225, 1.000000000000000000),
 ( 1.000000000000000000, 0.7061808439288186356, 1.000000000000000000),
 ( 1.000000000000000000, 0.7025237343151002900, 1.000000000000000000),
 ( 1.000000000000000000, 0.6998063404049967851, 1.000000000000000000),
 ( 1.000000000000000000, 0.6926762270847646175, 1.000000000000000000),
 ( 1.000000000000000000, 0.6882486624557017096, 1.000000000000000000),
 ( 1.000000000000000000, 0.6778036945261813884, 1.000000000000000000),
 ( 1.000000000000000000, 0.6718627522274979169, 1.000000000000000000),
 ( 1.000000000000000000, 0.6587172853538930672, 1.000000000000000000),
 ( 1.000000000000000000, 0.6515119511415478071, 1.000000000000000000),
 ( 1.000000000000000000, 0.6359771299035082981, 1.000000000000000000),
 ( 1.000000000000000000, 0.6276044408200857072, 1.000000000000000000),
 ( 1.000000000000000000, 0.6015034200208639881, 1.000000000000000000),
 ( 1.000000000000000000, 0.5827016672387470564, 1.000000000000000000),
 ( 1.000000000000000000, 0.5633212934470392952, 1.000000000000000000) ) ) 
 REPRESENTATION_ITEM ( '' )  SURFACE ( )  );
#372 = CC_DESIGN_APPROVAL ( #1635, ( #42 ) ) ;
#373 = CARTESIAN_POINT ( 'NONE',  ( 0.2882547250338727274, 0.4823180726869515933, -0.1338577193058993475 ) ) ;
#374 = CARTESIAN_POINT ( 'NONE',  ( 0.4659090909090908283, 0.2168968143385731351, 0.2476647127011746552 ) ) ;
#375 = ORIENTED_EDGE ( 'NONE', *, *, #949, .F. ) ;
#376 = CARTESIAN_POINT ( 'NONE',  ( 0.4999999999999999445, 0.3271951545666819117, -0.2751682808080649356 ) ) ;
#377 = PERSON_AND_ORGANIZATION ( #511, #233 ) ;
#378 = CARTESIAN_POINT ( 'NONE',  ( 0.4741504239711977209, 0.3829424031647588045, 0.2571617153327422911 ) ) ;
#379 = CARTESIAN_POINT ( 'NONE',  ( 0.4239175183891522036, 0.2661223396258347029, -0.5510927739058771868 ) ) ;
#380 = ADVANCED_FACE ( 'NONE', ( #1924 ), #1650, .F. ) ;
#381 = CARTESIAN_POINT ( 'NONE',  ( 0.3925023044932332006, 0.4000834973904742187, -0.3019248496101794577 ) ) ;
#382 = CARTESIAN_POINT ( 'NONE',  ( 0.5061188024705789434, 0.2655802778629838823, -0.2734323065818728415 ) ) ;
#383 = CARTESIAN_POINT ( 'NONE',  ( 0.4927957611032880991, 0.1190063646386609331, -0.2697743285693141591 ) ) ;
#384 = CARTESIAN_POINT ( 'NONE',  ( 0.4962692397068003136, 0.04022950946222735025, 0.2768517942835093670 ) ) ;
#385 = CARTESIAN_POINT ( 'NONE',  ( 0.4585467766757349573, 0.2027150853190380353, 0.2465393077706486968 ) ) ;
#386 = CARTESIAN_POINT ( 'NONE',  ( 0.4901300515341416864, 0.2037915403769757772, 0.5000000000000001110 ) ) ;
#387 = CARTESIAN_POINT ( 'NONE',  ( 0.2578745679603539065, 0.4689119638781134025, -0.1738527725709178295 ) ) ;
#388 = CARTESIAN_POINT ( 'NONE',  ( 0.4659090909090908283, 0.2168968143383999680, -0.2476647127011746552 ) ) ;
#389 = EDGE_LOOP ( 'NONE', ( #957, #1106, #224 ) ) ;
#390 = DIRECTION ( 'NONE',  ( 0.000000000000000000, 1.000000000000000000, 0.000000000000000000 ) ) ;
#391 = CARTESIAN_POINT ( 'NONE',  ( 0.4719819579934128595, 0.3964874662409552664, 0.2760146331230463046 ) ) ;
#392 = CARTESIAN_POINT ( 'NONE',  ( 0.3394291624020719378, 0.4255975972753862080, -0.2626895845784264494 ) ) ;
#393 = CARTESIAN_POINT ( 'NONE',  ( 0.4664759640835799970, 0.3937722350161588225, -0.3076714311483699782 ) ) ;
#394 = ADVANCED_FACE ( 'NONE', ( #307 ), #1255, .F. ) ;
#395 = CARTESIAN_POINT ( 'NONE',  ( 0.5015055003074861961, 0.2716491928293264246, -0.2684405170839500032 ) ) ;
#396 = CARTESIAN_POINT ( 'NONE',  ( 0.5799686616329052802, 0.2886361008426236996, 0.2395153804126919916 ) ) ;
#397 = ORIENTED_EDGE ( 'NONE', *, *, #449, .F. ) ;
#398 = CARTESIAN_POINT ( 'NONE',  ( 0.5184774416885843396, 0.2944481146067197130, 0.2248189142890535674 ) ) ;
#399 = ORIENTED_EDGE ( 'NONE', *, *, #2211, .F. ) ;
#400 = LINE ( 'NONE', #1578, #2456 ) ;
#401 = CARTESIAN_POINT ( 'NONE',  ( 0.2963473345482106613, 0.4281125857658333866, -0.1452712742034223681 ) ) ;
#402 = CARTESIAN_POINT ( 'NONE',  ( 0.5000000000000000000, 0.3278460744626003898, -0.2179449471770336655 ) ) ;
#403 = EDGE_LOOP ( 'NONE', ( #1521, #2301, #1491, #2231 ) ) ;
#404 = CARTESIAN_POINT ( 'NONE',  ( 0.4581504777272250584, 0.03691335632661032345, -0.2448182614466681839 ) ) ;
#405 = CARTESIAN_POINT ( 'NONE',  ( 0.5199999999999892486, 0.3285604933792755089, -0.1807567486717082117 ) ) ;
#406 = CARTESIAN_POINT ( 'NONE',  ( 9.187945896788090194E-16, -0.5000000000000001110, 1.194432966582451844E-15 ) ) ;
#407 = B_SPLINE_CURVE_WITH_KNOTS ( 'NONE', 3,
 ( #192, #859, #2001, #2205, #1782, #2659, #1742, #645, #2460, #620 ),
 .UNSPECIFIED., .F., .F.,
 ( 4, 3, 3, 4 ),
 ( -1.247770693095190190E-05, 0.000000000000000000, 0.0002091028020081731617, 0.0004114950430127514583 ),
 .UNSPECIFIED. ) ;
#408 = CARTESIAN_POINT ( 'NONE',  ( 0.5000000000000000000, 0.000000000000000000, 0.000000000000000000 ) ) ;
#409 = CARTESIAN_POINT ( 'NONE',  ( 0.5252572482764055195, 0.3270496468852447380, -0.1836048191075515812 ) ) ;
#410 = CARTESIAN_POINT ( 'NONE',  ( 0.5061800046841714584, 0.2654799751281602394, 0.2735118917966711805 ) ) ;
#411 = ORIENTED_EDGE ( 'NONE', *, *, #2561, .T. ) ;
#412 = FACE_OUTER_BOUND ( 'NONE', #742, .T. ) ;
#413 = ORIENTED_EDGE ( 'NONE', *, *, #2932, .F. ) ;
#414 = LINE ( 'NONE', #431, #133 ) ;
#415 = EDGE_CURVE ( 'NONE', #660, #1642, #1661, .T. ) ;
#416 = CIRCLE ( 'NONE', #2362, 0.4274999999999999911 ) ;
#417 = AXIS2_PLACEMENT_3D ( 'NONE', #1482, #2383, #1715 ) ;
#418 = CARTESIAN_POINT ( 'NONE',  ( 0.2576277322321541274, 0.4689497262595578864, 0.1744958886220211725 ) ) ;
#419 = CARTESIAN_POINT ( 'NONE',  ( 0.4632771895554302910, 0.2122792648762681922, -0.2472912626084627918 ) ) ;
#420 = LOCAL_TIME ( 17, 50, 51.00000000000000000, #2203 ) ;
#421 = ORIENTED_EDGE ( 'NONE', *, *, #561, .T. ) ;
#422 = DATE_AND_TIME ( #1098, #420 ) ;
#423 = CARTESIAN_POINT ( 'NONE',  ( 0.4664759640835868248, 0.3937722350161574902, 0.3076714311483692010 ) ) ;
#424 = CARTESIAN_POINT ( 'NONE',  ( 0.05280853649695509133, 0.4999999999998536726, -0.05280853649695511215 ) ) ;
#425 = DIRECTION ( 'NONE',  ( -0.000000000000000000, -0.000000000000000000, -1.000000000000000000 ) ) ;
#426 = CARTESIAN_POINT ( 'NONE',  ( -6.829619984160658046E-17, -0.5000000000000000000, -6.829619984160658046E-17 ) ) ;
#427 = CARTESIAN_POINT ( 'NONE',  ( 0.4634794832726974456, 0.2001468998257672216, 0.2475720189542329197 ) ) ;
#428 = ORIENTED_EDGE ( 'NONE', *, *, #1737, .T. ) ;
#429 = CARTESIAN_POINT ( 'NONE',  ( 0.5000000000000001110, 0.3688036515514537261, -0.2837875557175586483 ) ) ;
#430 = ORIENTED_EDGE ( 'NONE', *, *, #1721, .T. ) ;
#431 = CARTESIAN_POINT ( 'NONE',  ( 0.4659090909090908839, 0.5000000000000000000, 0.2476647127011746552 ) ) ;
#432 = EDGE_LOOP ( 'NONE', ( #208, #2034, #906, #1282 ) ) ;
#433 = ADVANCED_FACE ( 'NONE', ( #110, #2108 ), #322, .T. ) ;
#434 = CARTESIAN_POINT ( 'NONE',  ( 0.4729558841947317793, 0.2371757648514549455, -0.2478501974051708634 ) ) ;
#435 = CARTESIAN_POINT ( 'NONE',  ( 0.4698115271113220137, 0.2998183897727823566, -0.4087731598383436693 ) ) ;
#436 = CARTESIAN_POINT ( 'NONE',  ( 0.5510927739058770758, 0.2661223396258308171, -0.4239175183891549792 ) ) ;
#437 = CARTESIAN_POINT ( 'NONE',  ( 0.4845022973126681953, 0.3980580623181846356, -0.2909461052896106237 ) ) ;
#438 = CARTESIAN_POINT ( 'NONE',  ( 0.5244292960592634723, 0.2237626905448483472, -0.3045586190624068323 ) ) ;
#439 = CARTESIAN_POINT ( 'NONE',  ( 0.6005567583147434219, 0.2575312437305101732, 0.2730338562599352592 ) ) ;
#440 = VERTEX_POINT ( 'NONE', #2842 ) ;
#441 = CARTESIAN_POINT ( 'NONE',  ( 0.4726066826925038322, 0.2187363468867456195, 0.2491399245664650541 ) ) ;
#442 = VERTEX_POINT ( 'NONE', #795 ) ;
#443 = CARTESIAN_POINT ( 'NONE',  ( 0.3923575026165747048, 0.4490735455484884953, -0.2265885637106831996 ) ) ;
#444 = VERTEX_POINT ( 'NONE', #1201 ) ;
#445 = B_SPLINE_CURVE_WITH_KNOTS ( 'NONE', 3,
 ( #2165, #997, #1499, #2848, #2597, #1025, #131, #591, #804, #2616, #575, #2859 ),
 .UNSPECIFIED., .F., .F.,
 ( 4, 2, 2, 2, 2, 4 ),
 ( 0.000000000000000000, 0.0007786422394482271593, 0.001557284478896454319, 0.002335926718344681369, 0.002725247838068795437, 0.003114568957792909504 ),
 .UNSPECIFIED. ) ;
#446 = CARTESIAN_POINT ( 'NONE',  ( 0.5200518921127916805, 0.2982108671424850144, -0.2217857805686668515 ) ) ;
#447 = EDGE_LOOP ( 'NONE', ( #2683, #1734, #2603, #172 ) ) ;
#448 =( BOUNDED_CURVE ( )  B_SPLINE_CURVE ( 3, ( #1082, #703, #1312, #1052 ),
 .UNSPECIFIED., .F., .F. ) 
 B_SPLINE_CURVE_WITH_KNOTS ( ( 4, 4 ),
 ( 0.6931599075767538309, 1.570796326794896558 ),
 .UNSPECIFIED. ) 
 CURVE ( )  GEOMETRIC_REPRESENTATION_ITEM ( )  RATIONAL_B_SPLINE_CURVE ( ( 1.000000000000000000, 0.9368362683125379675, 0.9368362683125379675, 1.000000000000000000 ) ) 
 REPRESENTATION_ITEM ( '' )  );
#449 = EDGE_CURVE ( 'NONE', #840, #1189, #1337, .T. ) ;
#450 = CARTESIAN_POINT ( 'NONE',  ( 0.5000000000000000000, 0.2706739195613098170, -0.3826847348055725240 ) ) ;
#451 = CARTESIAN_POINT ( 'NONE',  ( 0.2894908118911814765, -0.4083597715968476094, -0.3763380554585336601 ) ) ;
#452 = CARTESIAN_POINT ( 'NONE',  ( 0.4782660634341885930, 0.3899038850364333064, -0.3064248956932293932 ) ) ;
#453 = EDGE_CURVE ( 'NONE', #2617, #1843, #560, .T. ) ;
#454 = CARTESIAN_POINT ( 'NONE',  ( 0.09183564449067170565, 0.4936343409672481197, 0.1193863378377968271 ) ) ;
#455 = CARTESIAN_POINT ( 'NONE',  ( 0.4888926331173645834, 0.2812030147630448229, 0.2413408069410231116 ) ) ;
#456 = CARTESIAN_POINT ( 'NONE',  ( 0.5338151175173370122, 0.1290628986388267230, 0.3526548455692949391 ) ) ;
#457 = ORIENTED_EDGE ( 'NONE', *, *, #2692, .T. ) ;
#458 = CARTESIAN_POINT ( 'NONE',  ( 0.6495847586536104279, -0.05062417359412561824, -0.3718143513629382779 ) ) ;
#459 = CARTESIAN_POINT ( 'NONE',  ( 0.5000000000000001110, 0.3665207645015531313, -0.2519745178647950778 ) ) ;
#460 = CYLINDRICAL_SURFACE ( 'NONE', #183, 0.5000000000000000000 ) ;
#461 = ORIENTED_EDGE ( 'NONE', *, *, #1685, .T. ) ;
#462 = AXIS2_PLACEMENT_3D ( 'NONE', #696, #779, #500 ) ;
#463 = CARTESIAN_POINT ( 'NONE',  ( 0.5000000000000000000, 0.01740776129392221372, -0.2904992894220402300 ) ) ;
#464 = CARTESIAN_POINT ( 'NONE',  ( 0.5219734709172076936, 0.3055234440573323940, -0.2141556912478966845 ) ) ;
#465 = ORIENTED_EDGE ( 'NONE', *, *, #803, .F. ) ;
#466 = AXIS2_PLACEMENT_3D ( 'NONE', #1727, #1283, #2899 ) ;
#467 = LOCAL_TIME ( 17, 50, 51.00000000000000000, #306 ) ;
#468 = CARTESIAN_POINT ( 'NONE',  ( 0.5000000000000000000, 0.1928408971060637522, -0.4718073578575596727 ) ) ;
#469 = CARTESIAN_POINT ( 'NONE',  ( 0.09487439395522868912, -0.4932031855979738255, -0.1233367121418500884 ) ) ;
#470 = EDGE_CURVE ( 'NONE', #1121, #198, #2086, .T. ) ;
#471 = CARTESIAN_POINT ( 'NONE',  ( 0.4843512541904967383, 0.3878157933470827157, 0.3030228649567612287 ) ) ;
#472 = EDGE_CURVE ( 'NONE', #2360, #2088, #801, .T. ) ;
#473 = CARTESIAN_POINT ( 'NONE',  ( 0.6060840970047067788, 0.2453087263482136848, 0.2841635266157654383 ) ) ;
#474 = ORIENTED_EDGE ( 'NONE', *, *, #1636, .T. ) ;
#475 = CARTESIAN_POINT ( 'NONE',  ( 0.6377740968646781194, 0.05664573138979220324, -0.3707581689174416772 ) ) ;
#476 = CARTESIAN_POINT ( 'NONE',  ( 0.4741401658155791621, 0.3759717833198987225, -0.2516760042380620788 ) ) ;
#477 = CARTESIAN_POINT ( 'NONE',  ( 0.5000000000000000000, 0.005290281171865370870, 0.2853427778712388507 ) ) ;
#478 = VERTEX_POINT ( 'NONE', #1006 ) ;
#479 = CARTESIAN_POINT ( 'NONE',  ( 0.4575527054915968228, 0.02472060149498198078, -0.2395330224698102028 ) ) ;
#480 = ORIENTED_EDGE ( 'NONE', *, *, #2913, .F. ) ;
#481 = CARTESIAN_POINT ( 'NONE',  ( 0.5000000000000000000, 0.3532603847140011744, -0.3538461538461539213 ) ) ;
#482 = CARTESIAN_POINT ( 'NONE',  ( 0.5288719123423663016, -0.2916443388934523151, -0.4068245479556496513 ) ) ;
#483 = CARTESIAN_POINT ( 'NONE',  ( 0.4583333333333333148, 0.2022443516585266943, 0.2465033242958173110 ) ) ;
#484 = CARTESIAN_POINT ( 'NONE',  ( 0.3741042144048323803, 0.3385972035683158521, 0.3741042144048327689 ) ) ;
#485 = CARTESIAN_POINT ( 'NONE',  ( 0.5014011200379309141, 0.2894725838122498840, 0.2252519943410224990 ) ) ;
#486 = CARTESIAN_POINT ( 'NONE',  ( 0.6210973752242733292, 0.1952026949627969632, 0.3203181954900201078 ) ) ;
#487 = ORIENTED_EDGE ( 'NONE', *, *, #2674, .T. ) ;
#488 = CARTESIAN_POINT ( 'NONE',  ( 0.2505294436013854598, 0.4596120920163231927, -0.01875050385087052851 ) ) ;
#489 = EDGE_CURVE ( 'NONE', #2525, #2422, #656, .T. ) ;
#490 = CARTESIAN_POINT ( 'NONE',  ( 0.5000000000000000000, 0.000000000000000000, 0.000000000000000000 ) ) ;
#491 = B_SPLINE_CURVE_WITH_KNOTS ( 'NONE', 3,
 ( #1222, #1464, #1157, #904, #2365, #471, #2753, #934, #235, #1393 ),
 .UNSPECIFIED., .F., .F.,
 ( 4, 2, 2, 2, 4 ),
 ( 0.000000000000000000, 0.0004036625067154939444, 0.0008073250134309878888, 0.001210987520146481833, 0.001614650026861975778 ),
 .UNSPECIFIED. ) ;
#492 = FACE_OUTER_BOUND ( 'NONE', #2309, .T. ) ;
#493 = VERTEX_POINT ( 'NONE', #1755 ) ;
#494 = CARTESIAN_POINT ( 'NONE',  ( 0.3846153846153845812, -0.3194855331891567340, -0.5000000000000000000 ) ) ;
#495 = CARTESIAN_POINT ( 'NONE',  ( 0.3543515524883912304, 0.4191672338934925302, 0.2725781172986528333 ) ) ;
#496 = EDGE_LOOP ( 'NONE', ( #2238, #2336, #182 ) ) ;
#497 = CARTESIAN_POINT ( 'NONE',  ( 0.1859363054168282903, -0.4665599888977849941, -0.2417171970418240390 ) ) ;
#498 = CARTESIAN_POINT ( 'NONE',  ( 0.4599999999999961897, 0.3905487874613412513, -0.3122044916596753983 ) ) ;
#499 = CARTESIAN_POINT ( 'NONE',  ( 0.4457935528387724222, 0.4420994398627683397, -0.2447166180474517061 ) ) ;
#500 = DIRECTION ( 'NONE',  ( 0.000000000000000000, 0.000000000000000000, -1.000000000000000000 ) ) ;
#501 = CARTESIAN_POINT ( 'NONE',  ( 0.5000000000000000000, 0.3584207495018520429, -0.2783882181415010537 ) ) ;
#502 = ORIENTED_EDGE ( 'NONE', *, *, #1126, .F. ) ;
#503 = CARTESIAN_POINT ( 'NONE',  ( 0.3378854642854888790, 0.4035639710028289806, 0.1903125779082100177 ) ) ;
#504 = DIRECTION ( 'NONE',  ( 1.000000000000000000, 0.000000000000000000, 0.000000000000000000 ) ) ;
#505 = CARTESIAN_POINT ( 'NONE',  ( 0.5000000000000000000, 1.024442997624098707E-16, 0.1936491673103709066 ) ) ;
#506 = CYLINDRICAL_SURFACE ( 'NONE', #1934, 0.5000000000000000000 ) ;
#507 = AXIS2_PLACEMENT_3D ( 'NONE', #1205, #2542, #2528 ) ;
#508 = CARTESIAN_POINT ( 'NONE',  ( 0.4732142857142856429, 0.3584207495018520429, -0.2485609090549116829 ) ) ;
#509 = EDGE_CURVE ( 'NONE', #1973, #840, #594, .T. ) ;
#510 = CIRCLE ( 'NONE', #1361, 0.05000000000000000971 ) ;
#511 = PERSON ( 'UNSPECIFIED', 'UNSPECIFIED', 'UNSPECIFIED', ('UNSPECIFIED'), ('UNSPECIFIED'), ('UNSPECIFIED') ) ;
#512 = CARTESIAN_POINT ( 'NONE',  ( 0.2100114877117612300, 0.4999921279864812940, 0.02331099863465379077 ) ) ;
#513 = CARTESIAN_POINT ( 'NONE',  ( 0.4865527542090582469, 0.1593534864211363922, 0.2616281449747854815 ) ) ;
#514 = CARTESIAN_POINT ( 'NONE',  ( 0.4659090909090908839, 0.3484514888512382780, -0.2476647127011745997 ) ) ;
#515 = AXIS2_PLACEMENT_3D ( 'NONE', #2338, #2118, #305 ) ;
#516 = AXIS2_PLACEMENT_3D ( 'NONE', #517, #295, #2327 ) ;
#517 = CARTESIAN_POINT ( 'NONE',  ( 0.5000000000000000000, 0.000000000000000000, 0.000000000000000000 ) ) ;
#518 = CARTESIAN_POINT ( 'NONE',  ( 0.3655781847605373835, 0.4544005349391013193, 0.2123306536005412914 ) ) ;
#519 = ORIENTED_EDGE ( 'NONE', *, *, #2433, .T. ) ;
#520 = SECURITY_CLASSIFICATION ( '', '', #2382 ) ;
#521 = CARTESIAN_POINT ( 'NONE',  ( 0.4976977429234984984, -0.01055016892016309368, -0.2552714053572074926 ) ) ;
#522 = CARTESIAN_POINT ( 'NONE',  ( 0.5260438952949998415, 0.02979393711056440783, 0.3749246134478489423 ) ) ;
#523 = CARTESIAN_POINT ( 'NONE',  ( 0.5000000000000000000, -0.0005971623233598150927, 0.2821112349433859134 ) ) ;
#524 = ORIENTED_EDGE ( 'NONE', *, *, #12, .T. ) ;
#525 = DIRECTION ( 'NONE',  ( 1.000000000000000000, 0.000000000000000000, 0.000000000000000000 ) ) ;
#526 = CARTESIAN_POINT ( 'NONE',  ( 0.4210739829668317946, -0.2755945385406529113, -0.5000000000000000000 ) ) ;
#527 = ORIENTED_EDGE ( 'NONE', *, *, #2247, .T. ) ;
#528 = ADVANCED_FACE ( 'NONE', ( #619 ), #1174, .T. ) ;
#529 = CARTESIAN_POINT ( 'NONE',  ( 0.4659090909090908839, 0.3484514888512382780, 0.2476647127011745997 ) ) ;
#530 = CARTESIAN_POINT ( 'NONE',  ( 0.5000000000000000000, -0.3194855331891567340, -0.3846153846153846922 ) ) ;
#531 = DIRECTION ( 'NONE',  ( 0.000000000000000000, 0.000000000000000000, -1.000000000000000000 ) ) ;
#532 = CARTESIAN_POINT ( 'NONE',  ( 0.4613878563965750357, 0.2006529797831749506, 0.4613878563962955925 ) ) ;
#533 = CARTESIAN_POINT ( 'NONE',  ( 0.4540145131002165102, -0.2094536270738068251, 0.5902188670302814799 ) ) ;
#534 = CARTESIAN_POINT ( 'NONE',  ( 0.4969435270005830851, 0.005752706583474807324, -0.2661887679486890645 ) ) ;
#535 = CARTESIAN_POINT ( 'NONE',  ( 0.4999999999999999445, -0.04663545637670449967, 0.2201139118923462201 ) ) ;
#536 = CARTESIAN_POINT ( 'NONE',  ( 0.4545050162136711758, 0.004934782564101830755, 0.2171921164737474208 ) ) ;
#537 = EDGE_LOOP ( 'NONE', ( #1965, #397, #1920, #2226, #2837 ) ) ;
#538 = CARTESIAN_POINT ( 'NONE',  ( 0.4567456875339915845, 0.01611048174813155612, 0.2329300153389220474 ) ) ;
#539 = CARTESIAN_POINT ( 'NONE',  ( 0.5000000000000000000, 0.3645715524343289271, -0.2805130712740912524 ) ) ;
#540 = CARTESIAN_POINT ( 'NONE',  ( 0.3243379905691255449, 0.4679864100371468050, 0.1798079832191149530 ) ) ;
#541 = DIRECTION ( 'NONE',  ( -1.000000000000000000, 0.000000000000000000, 0.000000000000000000 ) ) ;
#542 = CARTESIAN_POINT ( 'NONE',  ( 0.6500000000000000222, 0.000000000000000000, 0.000000000000000000 ) ) ;
#543 = CARTESIAN_POINT ( 'NONE',  ( 0.3744271932259495839, -0.4357716060189145146, -0.2880209178661151115 ) ) ;
#544 = EDGE_CURVE ( 'NONE', #1621, #2092, #2026, .T. ) ;
#545 = CARTESIAN_POINT ( 'NONE',  ( 0.4971895010277409543, -0.0002907965383550067452, 0.2623703602585578665 ) ) ;
#546 = FACE_OUTER_BOUND ( 'NONE', #1820, .T. ) ;
#547 = EDGE_LOOP ( 'NONE', ( #2329, #1341, #316, #1076 ) ) ;
#548 = CARTESIAN_POINT ( 'NONE',  ( 0.5000000000000000000, -0.04663545637670861443, 0.2201139118923111926 ) ) ;
#549 = DIRECTION ( 'NONE',  ( 0.000000000000000000, -0.2072686950076186863, 0.9782840528547108727 ) ) ;
#550 = B_SPLINE_CURVE_WITH_KNOTS ( 'NONE', 3,
 ( #588, #146, #1716, #1701 ),
 .UNSPECIFIED., .F., .F.,
 ( 4, 4 ),
 ( 0.000000000000000000, 0.001225285082161622126 ),
 .UNSPECIFIED. ) ;
#551 = CARTESIAN_POINT ( 'NONE',  ( 0.4741504239711976099, 0.3829424031647590265, -0.2571617153327425132 ) ) ;
#552 = CARTESIAN_POINT ( 'NONE',  ( 0.5004807489893201566, 0.2858103742366046029, 0.2279728798902119213 ) ) ;
#553 = CYLINDRICAL_SURFACE ( 'NONE', #895, 0.02999999999999998848 ) ;
#554 = CIRCLE ( 'NONE', #31, 0.5000000000000000000 ) ;
#555 = AXIS2_PLACEMENT_3D ( 'NONE', #1735, #167, #2877 ) ;
#556 = CARTESIAN_POINT ( 'NONE',  ( 0.4657485088959059105, 0.2107673306053710338, -0.2478707136323813620 ) ) ;
#557 = CARTESIAN_POINT ( 'NONE',  ( 0.05455636859979290376, -0.4999999999997730704, 0.05455636859979292458 ) ) ;
#558 = DIRECTION ( 'NONE',  ( 0.000000000000000000, -0.9782840528547157577, 0.2072686950075955936 ) ) ;
#559 = AXIS2_PLACEMENT_3D ( 'NONE', #812, #1266, #1436 ) ;
#560 = CIRCLE ( 'NONE', #417, 0.3950000000000000178 ) ;
#561 = EDGE_CURVE ( 'NONE', #2049, #1353, #665, .T. ) ;
#562 = CARTESIAN_POINT ( 'NONE',  ( 0.4865604311951814975, 0.1593219481914706082, -0.2616362361421246674 ) ) ;
#563 = CARTESIAN_POINT ( 'NONE',  ( 0.4894076258008860369, 0.3530123616989161439, -0.2411433392745144511 ) ) ;
#564 =( BOUNDED_SURFACE ( )  B_SPLINE_SURFACE ( 3, 2, ( 
 ( #2519, #481, #2503 ),
 ( #278, #1569, #2075 ),
 ( #450, #33, #435 ),
 ( #946, #1344, #2766 ),
 ( #468, #722, #214 ),
 ( #2263, #1628, #66 ) ),
 .UNSPECIFIED., .F., .F., .F. ) 
 B_SPLINE_SURFACE_WITH_KNOTS ( ( 4, 2, 4 ),
 ( 3, 3 ),
 ( 0.000000000000000000, 0.003003937763650089271, 0.006007875527300178542 ),
 ( 0.000000000000000000, 1.000000000000000000 ),
 .UNSPECIFIED. ) 
 GEOMETRIC_REPRESENTATION_ITEM ( )  RATIONAL_B_SPLINE_SURFACE ( (
 ( 1.000000000000000000, 0.7071067811865469066, 1.000000000000000000),
 ( 1.000000000000000000, 0.7500524400487387222, 1.000000000000000000),
 ( 1.000000000000000000, 0.7899011815374419321, 1.000000000000000000),
 ( 1.000000000000000000, 0.8620063141574039189, 1.000000000000000000),
 ( 1.000000000000000000, 0.8942784664102013670, 1.000000000000000000),
 ( 1.000000000000000000, 0.9211499014188803125, 1.000000000000000000) ) ) 
 REPRESENTATION_ITEM ( '' )  SURFACE ( )  );
#565 = CARTESIAN_POINT ( 'NONE',  ( 0.4599999999999999645, 0.3532603847140011744, 0.3538461538461536993 ) ) ;
#566 = ORIENTED_EDGE ( 'NONE', *, *, #1657, .F. ) ;
#567 = CARTESIAN_POINT ( 'NONE',  ( 0.4738049200516375459, 0.3673106791829653384, -0.2486245576900401599 ) ) ;
#568 = CARTESIAN_POINT ( 'NONE',  ( 0.4639109976450735973, 0.3959281746603056096, 0.3038173591735551793 ) ) ;
#569 = VERTEX_POINT ( 'NONE', #405 ) ;
#570 = CARTESIAN_POINT ( 'NONE',  ( 0.5692449329642949030, 0.3003076153756703559, -0.2249459352156706060 ) ) ;
#571 = CARTESIAN_POINT ( 'NONE',  ( 0.3846153846153845812, 0.3194855331891567340, -0.5000000000000000000 ) ) ;
#572 = CARTESIAN_POINT ( 'NONE',  ( 0.4676297858048485967, -0.1853526636294852703, 0.4676297858049914269 ) ) ;
#573 = CARTESIAN_POINT ( 'NONE',  ( 0.4600000000000000755, 0.3532603847140010078, -0.3538461538461539213 ) ) ;
#574 = FACE_OUTER_BOUND ( 'NONE', #672, .T. ) ;
#575 = CARTESIAN_POINT ( 'NONE',  ( 0.4677304027399167285, 0.2216807713885993181, 0.2479154152553403323 ) ) ;
#576 = ORIENTED_EDGE ( 'NONE', *, *, #2687, .F. ) ;
#577 = CARTESIAN_POINT ( 'NONE',  ( 0.4699999999999999734, 0.5000000000000000000, -0.2179449471770336932 ) ) ;
#578 = ADVANCED_FACE ( 'NONE', ( #2914 ), #2458, .T. ) ;
#579 = CARTESIAN_POINT ( 'NONE',  ( 0.5000000000000000000, 0.3246358693596924083, 0.3759427605805500394 ) ) ;
#580 =( BOUNDED_SURFACE ( )  B_SPLINE_SURFACE ( 3, 2, ( 
 ( #2312, #1615, #2326 ),
 ( #2298, #16, #2782 ),
 ( #1598, #1155, #2508 ),
 ( #1833, #948, #483 ) ),
 .UNSPECIFIED., .F., .F., .F. ) 
 B_SPLINE_SURFACE_WITH_KNOTS ( ( 4, 4 ),
 ( 3, 3 ),
 ( 0.000000000000000000, 0.0004276237696993684455 ),
 ( 0.000000000000000000, 1.000000000000000000 ),
 .UNSPECIFIED. ) 
 GEOMETRIC_REPRESENTATION_ITEM ( )  RATIONAL_B_SPLINE_SURFACE ( (
 ( 1.000000000000000000, 0.9946938992868680218, 1.000000000000000000),
 ( 1.000000000000000000, 0.9976287826250590518, 1.000000000000000000),
 ( 1.000000000000000000, 0.9999731677845929978, 1.000000000000000000),
 ( 1.000000000000000000, 1.000000000000000000, 1.000000000000000000) ) ) 
 REPRESENTATION_ITEM ( '' )  SURFACE ( )  );
#581 = EDGE_CURVE ( 'NONE', #1028, #2785, #2489, .T. ) ;
#582 = B_SPLINE_CURVE_WITH_KNOTS ( 'NONE', 3,
 ( #2691, #429, #2465, #2906, #2020, #1092, #921, #2448, #1790, #2436 ),
 .UNSPECIFIED., .F., .F.,
 ( 4, 2, 2, 2, 4 ),
 ( 0.000000000000000000, 0.0004036625067154932939, 0.0008073250134309865877, 0.001210987520146479882, 0.001614650026861974260 ),
 .UNSPECIFIED. ) ;
#583 = CARTESIAN_POINT ( 'NONE',  ( 0.2597814859169909618, 0.4952446506468021759, -0.07028172895476296478 ) ) ;
#584 = CARTESIAN_POINT ( 'NONE',  ( 0.4776922975455439313, 0.2345384409745047416, 0.2474167791506499958 ) ) ;
#585 = CARTESIAN_POINT ( 'NONE',  ( 0.4644191062921061430, 0.2114446701669054629, -0.2474792773982795180 ) ) ;
#586 =( LENGTH_UNIT ( ) NAMED_UNIT ( * ) SI_UNIT ( $, .METRE. ) );
#587 = CARTESIAN_POINT ( 'NONE',  ( 0.6440691478848676876, 0.01392937090064402111, -0.3750000000000000555 ) ) ;
#588 = CARTESIAN_POINT ( 'NONE',  ( 0.3744409935237892340, 0.3856338551823136895, -0.2161826447537055496 ) ) ;
#589 = CARTESIAN_POINT ( 'NONE',  ( 0.4583333333333333148, 0.2022443516585266110, 0.2465033242958173387 ) ) ;
#590 = CARTESIAN_POINT ( 'NONE',  ( 0.5317566592032610950, 0.1779282508107219440, -0.3317543602217614129 ) ) ;
#591 = CARTESIAN_POINT ( 'NONE',  ( 0.4743200087212413041, 0.2410514232396807621, 0.2476843610890823721 ) ) ;
#592 = VERTEX_POINT ( 'NONE', #707 ) ;
#593 = CARTESIAN_POINT ( 'NONE',  ( 0.6348201112546304481, 0.08333333333333332871, 0.3656235161413384782 ) ) ;
#594 = B_SPLINE_CURVE_WITH_KNOTS ( 'NONE', 3,
 ( #1313, #1285, #2414, #602, #587, #1729 ),
 .UNSPECIFIED., .F., .F.,
 ( 4, 2, 4 ),
 ( 0.000000000000000000, 0.001077251997182530983, 0.002154503994365061965 ),
 .UNSPECIFIED. ) ;
#595 = CARTESIAN_POINT ( 'NONE',  ( 0.5000000000000000000, 0.3244321963061003733, 0.2783882181415010537 ) ) ;
#596 = ADVANCED_FACE ( 'NONE', ( #900 ), #2090, .T. ) ;
#597 = EDGE_CURVE ( 'NONE', #1131, #1538, #14, .T. ) ;
#598 = CARTESIAN_POINT ( 'NONE',  ( 0.2106016744802294005, 0.4995869395483114039, -0.02341034578946042666 ) ) ;
#599 = CARTESIAN_POINT ( 'NONE',  ( 0.4727859820191428475, 0.2189725724968197285, 0.2491667654993630354 ) ) ;
#600 = ORIENTED_EDGE ( 'NONE', *, *, #2154, .F. ) ;
#601 = CARTESIAN_POINT ( 'NONE',  ( 0.4999999999999999445, 0.01268193344446100733, -0.2378751624645021878 ) ) ;
#602 = CARTESIAN_POINT ( 'NONE',  ( 0.6421060970936831591, 0.02791852079155695415, -0.3742212757000139556 ) ) ;
#603 = CARTESIAN_POINT ( 'NONE',  ( 1.040853116628721050E-15, -0.5000000000000001110, 1.056613778130630333E-15 ) ) ;
#604 = CARTESIAN_POINT ( 'NONE',  ( 0.4994331847055939466, -0.03360395379633469848, -0.2343578680417322535 ) ) ;
#605 = AXIS2_PLACEMENT_3D ( 'NONE', #370, #1279, #549 ) ;
#606 = CARTESIAN_POINT ( 'NONE',  ( 0.1511718946786849149, -0.5000000000000002220, -0.1965234630822904061 ) ) ;
#607 = DIRECTION ( 'NONE',  ( 0.000000000000000000, -1.000000000000000000, 0.000000000000000000 ) ) ;
#608 = EDGE_LOOP ( 'NONE', ( #2114, #287, #2255, #2437 ) ) ;
#609 = VECTOR ( 'NONE', #2892, 39.37007874015748143 ) ;
#610 = DIRECTION ( 'NONE',  ( -1.000000000000000000, -0.000000000000000000, -0.000000000000000000 ) ) ;
#611 = AXIS2_PLACEMENT_3D ( 'NONE', #1040, #558, #799 ) ;
#612 = ORIENTED_EDGE ( 'NONE', *, *, #2619, .F. ) ;
#613 = DIRECTION ( 'NONE',  ( 1.000000000000000000, 0.000000000000000000, 0.000000000000000000 ) ) ;
#614 = CARTESIAN_POINT ( 'NONE',  ( 0.2700655650594346868, 0.4456779219958223459, -0.09854401329034863377 ) ) ;
#615 = ORIENTED_EDGE ( 'NONE', *, *, #1830, .T. ) ;
#616 = CARTESIAN_POINT ( 'NONE',  ( 0.4774505284746892730, 0.3474865311728483896, -0.2490174200511762748 ) ) ;
#617 = SHAPE_DEFINITION_REPRESENTATION ( #356, #2747 ) ;
#618 = EDGE_CURVE ( 'NONE', #2411, #2881, #1284, .T. ) ;
#619 = FACE_OUTER_BOUND ( 'NONE', #720, .T. ) ;
#620 = CARTESIAN_POINT ( 'NONE',  ( 0.4692660566066224614, 0.2146890653536210336, 0.2485541509955049577 ) ) ;
#621 = CARTESIAN_POINT ( 'NONE',  ( 0.4732858604240530176, 0.3929187339634212517, -0.2683358794462059604 ) ) ;
#622 = B_SPLINE_CURVE_WITH_KNOTS ( 'NONE', 3,
 ( #271, #302, #1178, #46, #1873, #2089, #88, #538, #1415, #2347, #2103, #62, #314, #1218 ),
 .UNSPECIFIED., .F., .F.,
 ( 4, 2, 2, 2, 2, 2, 4 ),
 ( 0.000000000000000000, 0.0005152019742892582823, 0.0007728029614338874234, 0.001030403948578516565, 0.001288004935723145814, 0.001545605922867774847, 0.002060807897157033129 ),
 .UNSPECIFIED. ) ;
#623 = CARTESIAN_POINT ( 'NONE',  ( 0.4607559101237878041, 0.2014915623726584171, -0.2468907466316410948 ) ) ;
#624 = CARTESIAN_POINT ( 'NONE',  ( 0.5760863878537629823, 0.2930151577361587156, 0.2341167253275814042 ) ) ;
#625 = CARTESIAN_POINT ( 'NONE',  ( 0.4600000000000000200, 0.3905487874613409738, -0.3122044916596754538 ) ) ;
#626 = ORIENTED_EDGE ( 'NONE', *, *, #1923, .F. ) ;
#627 = CARTESIAN_POINT ( 'NONE',  ( 0.3492541824980858745, 0.3974187564053461297, -0.1999968273410586694 ) ) ;
#628 = CARTESIAN_POINT ( 'NONE',  ( 0.2147601656356515620, 0.4967503049653270719, -0.05804304834819203063 ) ) ;
#629 = CARTESIAN_POINT ( 'NONE',  ( 0.4774796226118894760, 0.2255350571817900107, 0.2496358881875994640 ) ) ;
#630 = ORIENTED_EDGE ( 'NONE', *, *, #1327, .F. ) ;
#631 = CARTESIAN_POINT ( 'NONE',  ( 0.000000000000000000, 0.5000000000000000000, 0.000000000000000000 ) ) ;
#632 = CARTESIAN_POINT ( 'NONE',  ( 0.4999782276676181247, 0.3845236835873835357, 0.2630003907726317647 ) ) ;
#633 = CARTESIAN_POINT ( 'NONE',  ( 0.5214105369334639528, 0.3121399140899572267, 0.2056434467844740210 ) ) ;
#634 = DIRECTION ( 'NONE',  ( 0.000000000000000000, 0.000000000000000000, -1.000000000000000000 ) ) ;
#635 = CARTESIAN_POINT ( 'NONE',  ( 0.3846153846153845812, -0.3194855331891567340, -0.5000000000000000000 ) ) ;
#636 = EDGE_CURVE ( 'NONE', #2054, #2721, #940, .T. ) ;
#637 = CARTESIAN_POINT ( 'NONE',  ( 0.5000000000000000000, 0.3460837196928330806, 0.1903971086008729718 ) ) ;
#638 = CARTESIAN_POINT ( 'NONE',  ( 0.3119471385711670153, 0.4386564902204660443, 0.2399593373625256709 ) ) ;
#639 = ORIENTED_EDGE ( 'NONE', *, *, #857, .T. ) ;
#640 = DIRECTION ( 'NONE',  ( 1.000000000000000000, 0.000000000000000000, -0.000000000000000000 ) ) ;
#641 = CARTESIAN_POINT ( 'NONE',  ( 0.2421724642302404140, 0.4787080243918181988, -0.1447475222741110290 ) ) ;
#642 = CARTESIAN_POINT ( 'NONE',  ( 0.4585467766757361785, 0.2027150853190368418, -0.2465393077706489466 ) ) ;
#643 = VERTEX_POINT ( 'NONE', #1831 ) ;
#644 = CARTESIAN_POINT ( 'NONE',  ( 0.5000000000000000000, -0.1933073619842588242, -0.5000000000000000000 ) ) ;
#645 = CARTESIAN_POINT ( 'NONE',  ( 0.4657485088959478770, 0.2107673306054301809, 0.2478707136323813898 ) ) ;
#646 = CYLINDRICAL_SURFACE ( 'NONE', #1939, 0.02999999999999998848 ) ;
#647 = CARTESIAN_POINT ( 'NONE',  ( 0.4876838417154713001, 0.1543179552562281565, -0.2628571358355203391 ) ) ;
#648 = CARTESIAN_POINT ( 'NONE',  ( 0.4607200707288628405, 0.2015022164419503770, 0.2468852489403643713 ) ) ;
#649 = EDGE_LOOP ( 'NONE', ( #2242, #2779, #2890, #1991, #2639 ) ) ;
#650 = CARTESIAN_POINT ( 'NONE',  ( 0.4771928267499298548, 0.2251214357234155305, 0.2496183169600866003 ) ) ;
#651 = EDGE_CURVE ( 'NONE', #1761, #1973, #1736, .T. ) ;
#652 = EDGE_CURVE ( 'NONE', #201, #592, #2474, .T. ) ;
#653 = ORIENTED_EDGE ( 'NONE', *, *, #2878, .T. ) ;
#654 = DIRECTION ( 'NONE',  ( 0.000000000000000000, 1.000000000000000000, 0.000000000000000000 ) ) ;
#655 = AXIS2_PLACEMENT_3D ( 'NONE', #2572, #763, #1432 ) ;
#656 = CIRCLE ( 'NONE', #2943, 0.04000000000000001471 ) ;
#657 = B_SPLINE_CURVE_WITH_KNOTS ( 'NONE', 3,
 ( #1810, #376, #2427, #1953, #1507, #1133, #1982, #1966, #616, #2442 ),
 .UNSPECIFIED., .F., .F.,
 ( 4, 2, 2, 2, 4 ),
 ( 0.000000000000000000, 0.0003194769185473619400, 0.0006389538370947238800, 0.0009584307556420858199, 0.001277907674189447760 ),
 .UNSPECIFIED. ) ;
#658 = CARTESIAN_POINT ( 'NONE',  ( 0.5214105369334645079, 0.3121399140899575597, -0.2056434467844734937 ) ) ;
#659 = AXIS2_PLACEMENT_3D ( 'NONE', #2016, #885, #844 ) ;
#660 = VERTEX_POINT ( 'NONE', #2701 ) ;
#661 =( BOUNDED_CURVE ( )  B_SPLINE_CURVE ( 3, ( #1172, #2081, #40, #1854 ),
 .UNSPECIFIED., .F., .T. ) 
 B_SPLINE_CURVE_WITH_KNOTS ( ( 4, 4 ),
 ( 0.6931599075767540530, 1.570796326794896780 ),
 .UNSPECIFIED. ) 
 CURVE ( )  GEOMETRIC_REPRESENTATION_ITEM ( )  RATIONAL_B_SPLINE_CURVE ( ( 1.000000000000000000, 0.9368362683125379675, 0.9368362683125379675, 1.000000000000000000 ) ) 
 REPRESENTATION_ITEM ( '' )  );
#662 = DIRECTION ( 'NONE',  ( 0.000000000000000000, 0.2222222222222222654, 0.9749960430435691272 ) ) ;
#663 = CARTESIAN_POINT ( 'NONE',  ( 0.4301997504454194710, 0.2612696189444378425, -0.4301997504453317633 ) ) ;
#664 = CARTESIAN_POINT ( 'NONE',  ( 0.4933453962269274129, 0.3812542853599774073, -0.2953217236254492839 ) ) ;
#665 = B_SPLINE_CURVE_WITH_KNOTS ( 'NONE', 3,
 ( #191, #1099, #2000, #644 ),
 .UNSPECIFIED., .F., .F.,
 ( 4, 4 ),
 ( 6.254634441385501517E-18, 0.004342920222168599603 ),
 .UNSPECIFIED. ) ;
#666 = DIRECTION ( 'NONE',  ( 0.000000000000000000, 0.000000000000000000, -1.000000000000000000 ) ) ;
#667 = CARTESIAN_POINT ( 'NONE',  ( 0.5908520736000781870, 0.2739187974319358676, 0.2562317299903170142 ) ) ;
#668 = ORIENTED_EDGE ( 'NONE', *, *, #2636, .F. ) ;
#669 = CARTESIAN_POINT ( 'NONE',  ( 0.6499999999999999112, -0.07772576062784986028, -0.3668565198205180899 ) ) ;
#670 = CARTESIAN_POINT ( 'NONE',  ( 0.4620532444272624772, 0.2099212922809141901, 0.2471033058085279899 ) ) ;
#671 = CARTESIAN_POINT ( 'NONE',  ( -0.1300000000000000044, 0.000000000000000000, 0.5000000000000000000 ) ) ;
#672 = EDGE_LOOP ( 'NONE', ( #1388, #2693, #2744, #1427, #1385, #2466 ) ) ;
#673 = EDGE_CURVE ( 'NONE', #2849, #1335, #2405, .T. ) ;
#674 = CARTESIAN_POINT ( 'NONE',  ( 0.5152373248251587157, 0.2866873914198017625, -0.2310851765616132036 ) ) ;
#675 = EDGE_CURVE ( 'NONE', #2881, #440, #554, .T. ) ;
#676 = ORIENTED_EDGE ( 'NONE', *, *, #2433, .F. ) ;
#677 = CARTESIAN_POINT ( 'NONE',  ( 0.4599999999999998535, 0.3532603847140011188, 0.3538461538461538103 ) ) ;
#678 = CARTESIAN_POINT ( 'NONE',  ( 0.4849382432162720469, 0.1659333801718388124, 0.2599216466601841358 ) ) ;
#679 =( BOUNDED_SURFACE ( )  B_SPLINE_SURFACE ( 3, 2, ( 
 ( #111, #2612, #533 ),
 ( #829, #572, #2342 ),
 ( #1897, #1256, #2568 ),
 ( #323, #1684, #1228 ),
 ( #2121, #2817, #1673 ),
 ( #2400, #2134, #1241 ),
 ( #2162, #365, #1270 ),
 ( #1483, #771, #1007 ),
 ( #309, #2178, #2385 ),
 ( #126, #2831, #81 ),
 ( #994, #350, #783 ),
 ( #2593, #1022, #1468 ),
 ( #1925, #557, #2369 ),
 ( #1942, #603, #406 ) ),
 .UNSPECIFIED., .F., .F., .T. ) 
 B_SPLINE_SURFACE_WITH_KNOTS ( ( 4, 2, 2, 2, 2, 2, 4 ),
 ( 3, 3 ),
 ( 6.715426866586081900, 6.857746212509631789, 7.000065558433181678, 7.142384904356731568, 7.284704250280282345, 7.569342942127383012, 7.853981633974482790 ),
 ( 0.000000000000000000, 1.000000000000000000 ),
 .UNSPECIFIED. ) 
 GEOMETRIC_REPRESENTATION_ITEM ( )  RATIONAL_B_SPLINE_SURFACE ( (
 ( 1.000000000000000000, 0.7666431006594573994, 1.000000000000000000),
 ( 1.000000000000000000, 0.7784124684889665025, 1.000000000000000000),
 ( 1.000000000000000000, 0.7913383811791977474, 1.000000000000000000),
 ( 1.000000000000000000, 0.8182302371694613052, 1.000000000000000000),
 ( 1.000000000000000000, 0.8321919661572015903, 1.000000000000000000),
 ( 1.000000000000000000, 0.8599642524879443917, 1.000000000000000000),
 ( 1.000000000000000000, 0.8737733196459669394, 1.000000000000000000),
 ( 1.000000000000000000, 0.9002242818638405142, 1.000000000000000000),
 ( 1.000000000000000000, 0.9128658996920794300, 1.000000000000000000),
 ( 1.000000000000000000, 0.9478112995836807109, 1.000000000000000000),
 ( 1.000000000000000000, 0.9670427587994342433, 1.000000000000000000),
 ( 1.000000000000000000, 0.9931334328313975446, 1.000000000000000000),
 ( 1.000000000000000000, 1.000043313256451238, 1.000000000000000000),
 ( 1.000000000000000000, 1.000000000000000000, 1.000000000000000000) ) ) 
 REPRESENTATION_ITEM ( '' )  SURFACE ( )  );
#680 = CARTESIAN_POINT ( 'NONE',  ( 0.4659090909090908839, 0.3484514888512382780, -0.2476647127011745997 ) ) ;
#681 = CARTESIAN_POINT ( 'NONE',  ( 0.4522640809157541519, 0.2209163698794224251, 0.4522640809157542074 ) ) ;
#682 = DIRECTION ( 'NONE',  ( 1.000000000000000000, 0.000000000000000000, 0.000000000000000000 ) ) ;
#683 = FACE_OUTER_BOUND ( 'NONE', #1796, .T. ) ;
#684 = CARTESIAN_POINT ( 'NONE',  ( 0.6499999999419203700, -0.06415313665482566541, -0.3697321468436802760 ) ) ;
#685 = CARTESIAN_POINT ( 'NONE',  ( 0.5303919226272775234, 0.04978550295909891371, 0.3722866025938585954 ) ) ;
#686 = CARTESIAN_POINT ( 'NONE',  ( 0.6499999999999988010, -0.06489335480244390331, 0.3695753170875065718 ) ) ;
#687 = CARTESIAN_POINT ( 'NONE',  ( 0.5000000000000000000, 0.005216211899074998590, -0.2853077552061992761 ) ) ;
#688 = CARTESIAN_POINT ( 'NONE',  ( 0.4979606519058170644, 0.2780014100611161720, -0.2330318313241858952 ) ) ;
#689 = EDGE_LOOP ( 'NONE', ( #413, #953, #877, #653 ) ) ;
#690 = ADVANCED_FACE ( 'NONE', ( #1389 ), #564, .T. ) ;
#691 = EDGE_CURVE ( 'NONE', #1693, #1165, #94, .T. ) ;
#692 = CARTESIAN_POINT ( 'NONE',  ( 0.4499999999999999556, -0.04999999999999998196, 0.1936491673103708788 ) ) ;
#693 = CARTESIAN_POINT ( 'NONE',  ( 0.5623884090699831084, -0.2518219145081729282, -0.4326064685153886424 ) ) ;
#694 = DIRECTION ( 'NONE',  ( -0.000000000000000000, -0.000000000000000000, 1.000000000000000000 ) ) ;
#695 = CARTESIAN_POINT ( 'NONE',  ( 0.4560915510064895706, 0.3605484255734300314, -0.2462749438420130943 ) ) ;
#696 = CARTESIAN_POINT ( 'NONE',  ( 1.250000000000000000, 0.000000000000000000, 0.000000000000000000 ) ) ;
#697 = CARTESIAN_POINT ( 'NONE',  ( 0.4406087499544358854, 0.3928952566147582703, 0.3092692017866470189 ) ) ;
#698 = ORIENTED_EDGE ( 'NONE', *, *, #2674, .F. ) ;
#699 = CARTESIAN_POINT ( 'NONE',  ( 0.5109692626954170924, -0.03255727618841584153, -0.3743808527240136685 ) ) ;
#700 = CARTESIAN_POINT ( 'NONE',  ( 0.5000000000000000000, 0.3584207495018708611, -0.2514474228372614029 ) ) ;
#701 = CARTESIAN_POINT ( 'NONE',  ( 0.5000000000000457412, 0.04247376973803270589, 0.2535462763719738555 ) ) ;
#702 = AXIS2_PLACEMENT_3D ( 'NONE', #1537, #2143, #1919 ) ;
#703 = CARTESIAN_POINT ( 'NONE',  ( 0.2880209178661152780, 0.4357716060189145146, 0.3744271932259499169 ) ) ;
#704 = CARTESIAN_POINT ( 'NONE',  ( 0.4819415467656160690, 0.2320593594763009915, -0.2497551245851244162 ) ) ;
#705 = EDGE_LOOP ( 'NONE', ( #1975, #2066, #2583, #2380 ) ) ;
#706 = CIRCLE ( 'NONE', #2657, 0.4600000000000000200 ) ;
#707 = CARTESIAN_POINT ( 'NONE',  ( 0.5000000000000000000, 0.1673394999523187543, 0.5000000000000000000 ) ) ;
#708 = CARTESIAN_POINT ( 'NONE',  ( 0.4902214055973578843, 0.1393655004183461388, 0.2660633160621157511 ) ) ;
#709 = EDGE_CURVE ( 'NONE', #970, #2214, #1887, .T. ) ;
#710 = CARTESIAN_POINT ( 'NONE',  ( 0.3119471385730981927, 0.4386564902194877158, -0.2399593373643136296 ) ) ;
#711 = CARTESIAN_POINT ( 'NONE',  ( 0.3911827906461738946, 0.4019476545508556264, 0.3009098389586186695 ) ) ;
#712 = FACE_OUTER_BOUND ( 'NONE', #2012, .T. ) ;
#713 = ORIENTED_EDGE ( 'NONE', *, *, #618, .F. ) ;
#714 = CARTESIAN_POINT ( 'NONE',  ( 0.2822777792426502952, 0.4373394549072807114, -0.1231905703914003419 ) ) ;
#715 = FACE_OUTER_BOUND ( 'NONE', #1051, .T. ) ;
#716 = CARTESIAN_POINT ( 'NONE',  ( 0.5000000000000000000, 0.03683018652338748006, 0.2958039890797831695 ) ) ;
#717 = VERTEX_POINT ( 'NONE', #2826 ) ;
#718 = CARTESIAN_POINT ( 'NONE',  ( 0.5000000000000000000, -0.03772721638718742193, -0.2446670635330547017 ) ) ;
#719 = CARTESIAN_POINT ( 'NONE',  ( 0.5000000000000000000, 0.2198826294862436803, -0.4418369164597966137 ) ) ;
#720 = EDGE_LOOP ( 'NONE', ( #2153, #2730, #1237 ) ) ;
#721 = ORIENTED_EDGE ( 'NONE', *, *, #2056, .T. ) ;
#722 = CARTESIAN_POINT ( 'NONE',  ( 0.4999999999999999445, 0.2088571954999067226, -0.4842849127599323511 ) ) ;
#723 = CARTESIAN_POINT ( 'NONE',  ( 0.4256683610966104370, -0.2687874908532329465, -0.4256683610966104925 ) ) ;
#724 = CARTESIAN_POINT ( 'NONE',  ( 0.4048026045349760738, 0.3736590464391313926, 0.2313235480533713528 ) ) ;
#725 = CARTESIAN_POINT ( 'NONE',  ( 0.1802118288947940627, 0.4686494904591061994, 0.2342753775633087954 ) ) ;
#726 = CARTESIAN_POINT ( 'NONE',  ( 0.4990107058353897562, 0.2580486089757186852, 0.2459925056718615943 ) ) ;
#727 = CARTESIAN_POINT ( 'NONE',  ( 0.5338324424569399484, 0.07428491577558281322, 0.3676858419031957537 ) ) ;
#728 = VERTEX_POINT ( 'NONE', #529 ) ;
#729 = CARTESIAN_POINT ( 'NONE',  ( 0.6479800085939618759, -0.02364884511481814278, -0.3744989331844165159 ) ) ;
#730 = EDGE_CURVE ( 'NONE', #2464, #2534, #2011, .T. ) ;
#731 = CARTESIAN_POINT ( 'NONE',  ( 0.4901556617876461353, 0.2037644525313672961, -0.4999999999999998335 ) ) ;
#732 = CARTESIAN_POINT ( 'NONE',  ( 0.5000000000000000000, -0.001179205472029820406, 0.2007894994998726257 ) ) ;
#733 = VERTEX_POINT ( 'NONE', #2605 ) ;
#734 = CARTESIAN_POINT ( 'NONE',  ( 0.5000000000000001110, 3.175773292634706411E-15, -0.1936491673103574729 ) ) ;
#735 = CARTESIAN_POINT ( 'NONE',  ( 0.4232221755676439656, 0.4441087011366036119, 0.2388431661370106207 ) ) ;
#736 = ORIENTED_EDGE ( 'NONE', *, *, #357, .F. ) ;
#737 = CARTESIAN_POINT ( 'NONE',  ( 0.3378854642854888235, 0.4035639710028285920, 0.1903125779082099345 ) ) ;
#738 = CARTESIAN_POINT ( 'NONE',  ( 0.4698751521029598810, 0.1952243459129535952, 0.2498392872321479607 ) ) ;
#739 = CARTESIAN_POINT ( 'NONE',  ( 0.5000000000000000000, 0.000000000000000000, 0.000000000000000000 ) ) ;
#740 = CARTESIAN_POINT ( 'NONE',  ( 0.3833561766864971854, 0.3218154810469863181, 0.4983630296924255187 ) ) ;
#741 = CARTESIAN_POINT ( 'NONE',  ( 0.6323487915687258099, 0.1197180791229533053, 0.3558743310814089233 ) ) ;
#742 = EDGE_LOOP ( 'NONE', ( #20, #480, #297, #787 ) ) ;
#743 = CARTESIAN_POINT ( 'NONE',  ( 0.5157761814843385695, -0.01134208531398193942, -0.3759145104438891827 ) ) ;
#744 = CARTESIAN_POINT ( 'NONE',  ( 0.5000000000000001110, 0.1750402848739592288, -0.5000000000000001110 ) ) ;
#745 = CARTESIAN_POINT ( 'NONE',  ( 0.5000000000000000000, -0.01152623120979834846, 0.2745936996734796853 ) ) ;
#746 = ORIENTED_EDGE ( 'NONE', *, *, #1829, .F. ) ;
#747 = DIRECTION ( 'NONE',  ( 0.000000000000000000, 0.000000000000000000, -1.000000000000000000 ) ) ;
#748 = EDGE_CURVE ( 'NONE', #1116, #1981, #808, .T. ) ;
#749 = CARTESIAN_POINT ( 'NONE',  ( 0.4309058795505887329, 0.4432907064195245050, 0.2410896046504105439 ) ) ;
#750 = VECTOR ( 'NONE', #247, 39.37007874015748143 ) ;
#751 = CARTESIAN_POINT ( 'NONE',  ( 0.4707755295096941461, 0.3480005853693472484, -0.2482981009280944840 ) ) ;
#752 = AXIS2_PLACEMENT_3D ( 'NONE', #1689, #1244, #2150 ) ;
#753 = CARTESIAN_POINT ( 'NONE',  ( 0.6008453545741566648, 0.2566616852193074894, -0.2737379171414069945 ) ) ;
#754 = CARTESIAN_POINT ( 'NONE',  ( 0.4599999999999998535, 0.3532603847140011188, 0.3538461538461538103 ) ) ;
#755 = AXIS2_PLACEMENT_3D ( 'NONE', #2795, #1681, #541 ) ;
#756 = CARTESIAN_POINT ( 'NONE',  ( 0.4584394395089699259, 0.2023677764731755535, -0.2465212595129757378 ) ) ;
#757 = CARTESIAN_POINT ( 'NONE',  ( 0.4927743438177893953, 0.1171216169870173268, 0.2699007211869421385 ) ) ;
#758 = CARTESIAN_POINT ( 'NONE',  ( 0.2780247754848388375, 0.4402144565615113692, -0.1153587295595434881 ) ) ;
#759 =( BOUNDED_SURFACE ( )  B_SPLINE_SURFACE ( 3, 2, ( 
 ( #910, #1610, #1068 ),
 ( #856, #2655, #2726 ),
 ( #2412, #2188, #1539 ),
 ( #404, #2215, #226 ),
 ( #2278, #2742, #463 ),
 ( #2516, #2040, #687 ),
 ( #479, #1369, #243 ),
 ( #2174, #1149, #2055 ),
 ( #142, #601, #1386 ),
 ( #2777, #1860, #983 ),
 ( #1639, #1163, #718 ),
 ( #288, #2791, #958 ),
 ( #1888, #1445, #999 ),
 ( #1844, #734, #2127 ) ),
 .UNSPECIFIED., .F., .F., .F. ) 
 B_SPLINE_SURFACE_WITH_KNOTS ( ( 4, 2, 2, 2, 2, 2, 4 ),
 ( 3, 3 ),
 ( 0.001686066256081040224, 0.002188183982476662754, 0.002690301708872285501, 0.003192419435267908247, 0.003694537161663530994, 0.004698772614454776488, 0.005703008067246021981 ),
 ( 0.000000000000000000, 1.000000000000000000 ),
 .UNSPECIFIED. ) 
 GEOMETRIC_REPRESENTATION_ITEM ( )  RATIONAL_B_SPLINE_SURFACE ( (
 ( 1.000000000000000000, 0.7637626158259730458, 1.000000000000000000),
 ( 1.000000000000000000, 0.7637610951583946317, 1.000000000000000000),
 ( 1.000000000000000000, 0.7635229622524345450, 1.000000000000000000),
 ( 1.000000000000000000, 0.7625647558220826072, 1.000000000000000000),
 ( 1.000000000000000000, 0.7618336218405539206, 1.000000000000000000),
 ( 1.000000000000000000, 0.7598653486633977217, 1.000000000000000000),
 ( 1.000000000000000000, 0.7586365233667156094, 1.000000000000000000),
 ( 1.000000000000000000, 0.7555904160574409278, 1.000000000000000000),
 ( 1.000000000000000000, 0.7537618424002286988, 1.000000000000000000),
 ( 1.000000000000000000, 0.7474012428938674457, 1.000000000000000000),
 ( 1.000000000000000000, 0.7418410323246387161, 1.000000000000000000),
 ( 1.000000000000000000, 0.7274208819393970238, 1.000000000000000000),
 ( 1.000000000000000000, 0.7183460038212844401, 1.000000000000000000),
 ( 1.000000000000000000, 0.7071067811865253683, 1.000000000000000000) ) ) 
 REPRESENTATION_ITEM ( '' )  SURFACE ( )  );
#760 = CARTESIAN_POINT ( 'NONE',  ( 0.5089952221993405690, -0.04173225487809513468, 0.3732151165893764500 ) ) ;
#761 = CARTESIAN_POINT ( 'NONE',  ( 0.4581879014854735588, 0.03674438115557252665, 0.2451179815231397108 ) ) ;
#762 = EDGE_LOOP ( 'NONE', ( #2598, #1434, #1575, #1648 ) ) ;
#763 = DIRECTION ( 'NONE',  ( 0.000000000000000000, 0.000000000000000000, 1.000000000000000000 ) ) ;
#764 = CARTESIAN_POINT ( 'NONE',  ( 0.6499999999999999112, -0.07772576062784833373, -0.3668565198205184785 ) ) ;
#765 = B_SPLINE_CURVE_WITH_KNOTS ( 'NONE', 3,
 ( #2416, #366, #604, #1271, #1512, #324, #1455, #1674, #1257, #351 ),
 .UNSPECIFIED., .F., .F.,
 ( 4, 2, 2, 2, 4 ),
 ( 2.611104600503255571E-18, 0.0007336803995519017730, 0.001467360799103800944, 0.002201041198655700332, 0.002934721598207599286 ),
 .UNSPECIFIED. ) ;
#766 = ADVANCED_FACE ( 'NONE', ( #2350 ), #1478, .T. ) ;
#767 = CARTESIAN_POINT ( 'NONE',  ( 0.2964239540127242001, 0.4465189883704134832, 0.2255863361668673794 ) ) ;
#768 = FACE_OUTER_BOUND ( 'NONE', #1108, .T. ) ;
#769 = CARTESIAN_POINT ( 'NONE',  ( 0.3394291624018414555, 0.4255975972754816317, 0.2626895845783037142 ) ) ;
#770 = CARTESIAN_POINT ( 'NONE',  ( 0.4586516011836155315, 0.2026146260317167325, -0.2465574293841183429 ) ) ;
#771 = CARTESIAN_POINT ( 'NONE',  ( 0.3444200020637365744, -0.3661362411844045761, 0.3444200020637036008 ) ) ;
#772 = CARTESIAN_POINT ( 'NONE',  ( 0.3492450922325503471, 0.3974236700723774440, 0.1999890839529952224 ) ) ;
#773 = DIRECTION ( 'NONE',  ( -1.000000000000000000, 0.000000000000000000, 0.000000000000000000 ) ) ;
#774 = CARTESIAN_POINT ( 'NONE',  ( 0.4583333333333333148, 0.05000000000000000971, -0.2465033242958173110 ) ) ;
#775 = CARTESIAN_POINT ( 'NONE',  ( 0.5132569760790112179, 0.2826499449020060117, -0.2339161341370362412 ) ) ;
#776 = FACE_OUTER_BOUND ( 'NONE', #8, .T. ) ;
#777 = EDGE_LOOP ( 'NONE', ( #811, #1627, #2558, #1711, #465, #2695, #220, #457, #1431, #1159, #2073, #242, #1151 ) ) ;
#778 = CARTESIAN_POINT ( 'NONE',  ( 0.2288962897865966239, 0.4873033855270588188, 0.1125022520161876316 ) ) ;
#779 = DIRECTION ( 'NONE',  ( 1.000000000000000000, 0.000000000000000000, 0.000000000000000000 ) ) ;
#780 = CARTESIAN_POINT ( 'NONE',  ( 0.4583333333333333148, 0.2022443516585266943, -0.2465033242958173110 ) ) ;
#781 = PERSON_AND_ORGANIZATION ( #511, #233 ) ;
#782 = CARTESIAN_POINT ( 'NONE',  ( 0.1511718946786848039, 0.5000000000000002220, -0.1965234630822902673 ) ) ;
#783 = CARTESIAN_POINT ( 'NONE',  ( 0.1859363054167205986, -0.4665599888978164134, 0.2417171970417506532 ) ) ;
#784 = FACE_OUTER_BOUND ( 'NONE', #777, .T. ) ;
#785 = CARTESIAN_POINT ( 'NONE',  ( 0.4163599533084775262, 0.2812695633595717060, 0.5000000000000000000 ) ) ;
#786 = CARTESIAN_POINT ( 'NONE',  ( 0.4892037010362585980, 0.1460362450222313369, -0.2647046274222250029 ) ) ;
#787 = ORIENTED_EDGE ( 'NONE', *, *, #1704, .F. ) ;
#788 = FACE_BOUND ( 'NONE', #1248, .T. ) ;
#789 = CARTESIAN_POINT ( 'NONE',  ( 0.5000000000000000000, 0.3249995539368810138, 0.3255384615384614988 ) ) ;
#790 = ORIENTED_EDGE ( 'NONE', *, *, #1399, .T. ) ;
#791 = CARTESIAN_POINT ( 'NONE',  ( 0.4732142857142856429, 0.3584207495018520429, 0.2485609090549116829 ) ) ;
#792 = CARTESIAN_POINT ( 'NONE',  ( 0.4741504239711976099, 0.3829424031647588600, 0.2571617153327423466 ) ) ;
#793 = EDGE_LOOP ( 'NONE', ( #1136, #1402, #375, #2009 ) ) ;
#794 = CARTESIAN_POINT ( 'NONE',  ( 0.5422138879057702976, 0.3190903343167457717, -0.1970559888486761169 ) ) ;
#795 = CARTESIAN_POINT ( 'NONE',  ( 0.4732142857142856429, 0.3478127721774977310, -0.2485609090549116829 ) ) ;
#796 = CC_DESIGN_PERSON_AND_ORGANIZATION_ASSIGNMENT ( #377, #1766, ( #520 ) ) ;
#797 = EDGE_CURVE ( 'NONE', #2839, #478, #320, .T. ) ;
#798 = CARTESIAN_POINT ( 'NONE',  ( 0.4689189594822483764, 0.3989196823575177353, -0.2890200460297976948 ) ) ;
#799 = DIRECTION ( 'NONE',  ( 0.000000000000000000, -0.2072686950075955103, -0.9782840528547158687 ) ) ;
#800 = AXIS2_PLACEMENT_3D ( 'NONE', #408, #2686, #634 ) ;
#801 = CIRCLE ( 'NONE', #2459, 0.02000000000000002470 ) ;
#802 = CARTESIAN_POINT ( 'NONE',  ( 0.6444047288386004491, 0.01051624740604979388, 0.3749125784376642900 ) ) ;
#803 = EDGE_CURVE ( 'NONE', #2785, #442, #130, .T. ) ;
#804 = CARTESIAN_POINT ( 'NONE',  ( 0.4726250769288759535, 0.2362241563401351885, 0.2478762740161824796 ) ) ;
#805 = ORIENTED_EDGE ( 'NONE', *, *, #2375, .F. ) ;
#806 = CARTESIAN_POINT ( 'NONE',  ( 0.4972506722498657439, 0.3587053099478326734, -0.2326652122042895676 ) ) ;
#807 = CARTESIAN_POINT ( 'NONE',  ( 0.4648613532850756069, 0.3263532692642706623, 0.3807087263285681700 ) ) ;
#808 = B_SPLINE_CURVE_WITH_KNOTS ( 'NONE', 3,
 ( #2564, #567, #2364, #551 ),
 .UNSPECIFIED., .F., .F.,
 ( 4, 4 ),
 ( 0.000000000000000000, 0.0006694107203570000188 ),
 .UNSPECIFIED. ) ;
#809 = CARTESIAN_POINT ( 'NONE',  ( 0.2530958216949070194, 0.4984784215479651781, -0.04069113158245897532 ) ) ;
#810 = CARTESIAN_POINT ( 'NONE',  ( 0.4692660566066226835, 0.2146890653536224491, 0.2485541509955048467 ) ) ;
#811 = ORIENTED_EDGE ( 'NONE', *, *, #836, .F. ) ;
#812 = CARTESIAN_POINT ( 'NONE',  ( 0.5200000000000000178, 0.3278460744626004453, 0.2179449471770336655 ) ) ;
#813 = LINE ( 'NONE', #2626, #2604 ) ;
#814 = CARTESIAN_POINT ( 'NONE',  ( 0.6499999999999999112, -0.05186518245282900619, -0.3723355913384860383 ) ) ;
#815 = DIRECTION ( 'NONE',  ( 0.000000000000000000, -0.8761613156780585498, 0.4820179964579058285 ) ) ;
#816 = CARTESIAN_POINT ( 'NONE',  ( 0.3846153846153845812, -0.3194855331891567340, 0.5000000000000000000 ) ) ;
#817 = CARTESIAN_POINT ( 'NONE',  ( 0.6499999999999998002, -0.07772576062772426631, 0.3668565198205447353 ) ) ;
#818 = ORIENTED_EDGE ( 'NONE', *, *, #803, .T. ) ;
#819 = LINE ( 'NONE', #2183, #2653 ) ;
#820 = EDGE_CURVE ( 'NONE', #2422, #1104, #65, .T. ) ;
#821 = ADVANCED_FACE ( 'NONE', ( #2838 ), #371, .T. ) ;
#822 = CARTESIAN_POINT ( 'NONE',  ( 0.4979562453563968760, 0.3352804798832624833, 0.2653185055738500608 ) ) ;
#823 = CARTESIAN_POINT ( 'NONE',  ( 0.2099934897085362351, 0.5000044612210886585, -0.01156495449907384530 ) ) ;
#824 = CARTESIAN_POINT ( 'NONE',  ( 0.4690837038044453067, 0.2180701432589602640, 0.2480455939588901981 ) ) ;
#825 = EDGE_LOOP ( 'NONE', ( #1534, #2244, #698, #612 ) ) ;
#826 = CARTESIAN_POINT ( 'NONE',  ( 0.4600000000000000200, 0.000000000000000000, 0.000000000000000000 ) ) ;
#827 = PERSON_AND_ORGANIZATION_ROLE ( 'design_owner' ) ;
#828 = DIRECTION ( 'NONE',  ( -0.000000000000000000, -0.000000000000000000, 1.000000000000000000 ) ) ;
#829 = CARTESIAN_POINT ( 'NONE',  ( 0.5773017498944531534, -0.2309915637633722374, 0.4440782691495309686 ) ) ;
#830 = CARTESIAN_POINT ( 'NONE',  ( 0.3744409935244751853, 0.3856338551820129856, 0.2161826447541039531 ) ) ;
#831 = DIRECTION ( 'NONE',  ( 1.000000000000000000, 0.000000000000000000, 0.000000000000000000 ) ) ;
#832 = CARTESIAN_POINT ( 'NONE',  ( 0.5000000000000000000, -0.2348548665326338214, 0.4609786917579373755 ) ) ;
#833 = ORIENTED_EDGE ( 'NONE', *, *, #449, .T. ) ;
#834 = PLANE ( 'NONE',  #1695 ) ;
#835 = CARTESIAN_POINT ( 'NONE',  ( 0.000000000000000000, 0.000000000000000000, -0.5000000000000000000 ) ) ;
#836 = EDGE_CURVE ( 'NONE', #11, #13, #988, .T. ) ;
#837 = CARTESIAN_POINT ( 'NONE',  ( 0.2910583898394433766, 0.4314337481092922477, 0.1383932909705087033 ) ) ;
#838 = B_SPLINE_CURVE_WITH_KNOTS ( 'NONE', 3,
 ( #774, #114, #339, #2137, #353, #2125, #1010, #86, #2834, #2582, #1676, #2388 ),
 .UNSPECIFIED., .F., .F.,
 ( 4, 2, 2, 2, 2, 4 ),
 ( 0.000000000000000000, 0.0002574766006188117652, 0.0005149532012376235304, 0.001029906402475246844, 0.001544859603712870266, 0.002059812804950493254 ),
 .UNSPECIFIED. ) ;
#839 = CARTESIAN_POINT ( 'NONE',  ( 0.4689189594822484874, 0.3989196823575177353, 0.2890200460297963070 ) ) ;
#840 = VERTEX_POINT ( 'NONE', #1003 ) ;
#841 = DIRECTION ( 'NONE',  ( -0.000000000000000000, -0.000000000000000000, -1.000000000000000000 ) ) ;
#842 = CARTESIAN_POINT ( 'NONE',  ( 0.4996467598653510089, 0.3693429620652843859, 0.2843022981035021046 ) ) ;
#843 = CARTESIAN_POINT ( 'NONE',  ( 0.3253341609239570609, 0.4321727296522203665, -0.2518119440813619270 ) ) ;
#844 = DIRECTION ( 'NONE',  ( 0.000000000000000000, 0.000000000000000000, -1.000000000000000000 ) ) ;
#845 = CARTESIAN_POINT ( 'NONE',  ( 0.4914056341756281587, 0.1307304957985563898, -0.2677064404871994374 ) ) ;
#846 = CARTESIAN_POINT ( 'NONE',  ( 0.5015677320304664510, 0.2715816861964432394, 0.2684964483388083134 ) ) ;
#847 = ORIENTED_EDGE ( 'NONE', *, *, #1509, .F. ) ;
#848 = AXIS2_PLACEMENT_3D ( 'NONE', #1655, #257, #747 ) ;
#849 = CARTESIAN_POINT ( 'NONE',  ( 0.4659090909090908839, 0.2168968143385732461, 0.2476647127011746552 ) ) ;
#850 = CIRCLE ( 'NONE', #2897, 0.4274999999999999911 ) ;
#851 = ORIENTED_EDGE ( 'NONE', *, *, #675, .T. ) ;
#852 = CARTESIAN_POINT ( 'NONE',  ( 0.3791789811120153675, 0.4508694403859415112, -0.2203233999627697559 ) ) ;
#853 = CARTESIAN_POINT ( 'NONE',  ( 0.2499932555523041444, 0.5000033289378856827, -0.01009725480406148922 ) ) ;
#854 = CARTESIAN_POINT ( 'NONE',  ( 0.4727825970721898918, 0.2189682448390815606, -0.2491661743951618657 ) ) ;
#855 = ORIENTED_EDGE ( 'NONE', *, *, #857, .F. ) ;
#856 = CARTESIAN_POINT ( 'NONE',  ( 0.4583333333084699257, 0.04665798463534532453, -0.2465033242916146450 ) ) ;
#857 = EDGE_CURVE ( 'NONE', #2533, #2810, #1691, .T. ) ;
#858 = CARTESIAN_POINT ( 'NONE',  ( 0.4965157628150418390, 0.3928008118283100036, 0.2733445089853562826 ) ) ;
#859 = CARTESIAN_POINT ( 'NONE',  ( 0.4584394395089703700, 0.2023677764731751372, 0.2465212595129758211 ) ) ;
#860 = CARTESIAN_POINT ( 'NONE',  ( 0.4609786917579373200, -0.2348548665326336549, 0.5000000000000000000 ) ) ;
#861 = DIRECTION ( 'NONE',  ( -0.000000000000000000, -1.000000000000000000, -0.000000000000000000 ) ) ;
#862 = CARTESIAN_POINT ( 'NONE',  ( 0.5000000000000001110, 0.3109481572753988732, 0.2047100297955797565 ) ) ;
#863 = CARTESIAN_POINT ( 'NONE',  ( 0.4999999999999996114, -0.07772576062784908313, -0.3668565198205180899 ) ) ;
#864 = CARTESIAN_POINT ( 'NONE',  ( 0.4645632114109937705, 0.2146060303093510480, 0.2474794531415202559 ) ) ;
#865 = DIRECTION ( 'NONE',  ( 0.000000000000000000, -1.000000000000000000, 0.000000000000000000 ) ) ;
#866 = CARTESIAN_POINT ( 'NONE',  ( 0.2195086418167316866, 0.4935452546745897062, 0.08089943740640589964 ) ) ;
#867 = CARTESIAN_POINT ( 'NONE',  ( 0.4659090909090908839, 0.2168968143383994962, -0.2476647127011746552 ) ) ;
#868 = EDGE_LOOP ( 'NONE', ( #920, #2377, #411, #29, #1837, #421, #1654, #1277, #1548, #2201, #2765, #2649, #2173, #1328, #1855, #944 ) ) ;
#869 =( BOUNDED_SURFACE ( )  B_SPLINE_SURFACE ( 3, 2, ( 
 ( #1523, #2425, #388 ),
 ( #170, #1080, #1980 ),
 ( #854, #1751, #2260 ),
 ( #2485, #2924, #2041 ),
 ( #2213, #10, #881 ),
 ( #704, #2956, #434 ),
 ( #2230, #2698, #2010 ),
 ( #1811, #913, #188 ),
 ( #2454, #1580, #2729 ),
 ( #1764, #1354, #1795 ),
 ( #1096, #688, #1552 ),
 ( #1996, #2911, #2711 ),
 ( #674, #1779, #227 ),
 ( #446, #1107, #2057 ),
 ( #464, #1568, #1135 ),
 ( #658, #1594, #402 ) ),
 .UNSPECIFIED., .F., .F., .F. ) 
 B_SPLINE_SURFACE_WITH_KNOTS ( ( 4, 2, 2, 2, 2, 2, 2, 4 ),
 ( 3, 3 ),
 ( -1.169244280389836188E-17, 0.0002225672938146179656, 0.0004451345876292476405, 0.0008902691752585069904, 0.001780538350517025690, 0.002225672938146285203, 0.002670807525775544498, 0.003561076701034063090 ),
 ( 0.000000000000000000, 1.000000000000000000 ),
 .UNSPECIFIED. ) 
 GEOMETRIC_REPRESENTATION_ITEM ( )  RATIONAL_B_SPLINE_SURFACE ( (
 ( 1.000000000000000000, 0.9946938992867555562, 1.000000000000000000),
 ( 1.000000000000000000, 0.9920091331255774803, 1.000000000000000000),
 ( 1.000000000000000000, 0.9888623363993643833, 1.000000000000000000),
 ( 1.000000000000000000, 0.9818620449428984154, 1.000000000000000000),
 ( 1.000000000000000000, 0.9780066160377030027, 1.000000000000000000),
 ( 1.000000000000000000, 0.9655343874507834601, 1.000000000000000000),
 ( 1.000000000000000000, 0.9560205764030833553, 1.000000000000000000),
 ( 1.000000000000000000, 0.9244117398275135677, 1.000000000000000000),
 ( 1.000000000000000000, 0.8990229048663983535, 1.000000000000000000),
 ( 1.000000000000000000, 0.8570552739372577777, 1.000000000000000000),
 ( 1.000000000000000000, 0.8423630356575614320, 1.000000000000000000),
 ( 1.000000000000000000, 0.8116074263769678110, 1.000000000000000000),
 ( 1.000000000000000000, 0.7956088746967683312, 1.000000000000000000),
 ( 1.000000000000000000, 0.7472620822546304220, 1.000000000000000000),
 ( 1.000000000000000000, 0.7135932911971427650, 1.000000000000000000),
 ( 1.000000000000000000, 0.6817159061246752527, 1.000000000000000000) ) ) 
 REPRESENTATION_ITEM ( '' )  SURFACE ( )  );
#870 = B_SPLINE_CURVE_WITH_KNOTS ( 'NONE', 3,
 ( #1660, #2840, #1032, #794, #1698, #2609, #570, #1492, #974, #753, #1481, #78, #1253, #2158, #1672, #2381, #361, #348 ),
 .UNSPECIFIED., .F., .F.,
 ( 4, 2, 2, 2, 2, 2, 2, 2, 4 ),
 ( 0.0005902368810153800667, 0.001144579038166081142, 0.001698921195316782217, 0.002807605509618186970, 0.003916289823919590421, 0.005024974138220993439, 0.006133658452522396456, 0.007242342766823799474, 0.009459711395426607244 ),
 .UNSPECIFIED. ) ;
#871 = CARTESIAN_POINT ( 'NONE',  ( 0.5000000000000000000, 0.000000000000000000, 0.000000000000000000 ) ) ;
#872 = CARTESIAN_POINT ( 'NONE',  ( 0.4983630296923921010, 0.3218154810470034710, -0.3833561766864814757 ) ) ;
#873 = ADVANCED_FACE ( 'NONE', ( #712 ), #1477, .T. ) ;
#874 = CARTESIAN_POINT ( 'NONE',  ( 0.4702730420284447210, 0.3983062130046497451, -0.2836787843949338250 ) ) ;
#875 = CARTESIAN_POINT ( 'NONE',  ( 0.3891934422833701057, 0.3791705774421167408, -0.2247508756191133328 ) ) ;
#876 = CARTESIAN_POINT ( 'NONE',  ( 0.5000000000000000000, 0.3407576274943427408, -0.2000783154901266958 ) ) ;
#877 = ORIENTED_EDGE ( 'NONE', *, *, #2252, .T. ) ;
#878 = DIRECTION ( 'NONE',  ( 0.000000000000000000, 0.000000000000000000, -1.000000000000000000 ) ) ;
#879 = ORIENTED_EDGE ( 'NONE', *, *, #2561, .F. ) ;
#880 = CARTESIAN_POINT ( 'NONE',  ( 0.4700000000004023182, 0.2285927918658399727, -0.2479449471770336921 ) ) ;
#881 = CARTESIAN_POINT ( 'NONE',  ( 0.4703335504714307169, 0.2295728402492140108, -0.2479558461093907540 ) ) ;
#882 = ORIENTED_EDGE ( 'NONE', *, *, #1488, .T. ) ;
#883 = CARTESIAN_POINT ( 'NONE',  ( 0.4946856566467850436, 0.3945895222857243034, 0.2767967576661883866 ) ) ;
#884 = CARTESIAN_POINT ( 'NONE',  ( 0.4357027686426689916, 0.2463538929224217966, -0.5664135992354896176 ) ) ;
#885 = DIRECTION ( 'NONE',  ( 0.000000000000000000, -1.000000000000000000, 0.000000000000000000 ) ) ;
#886 = EDGE_CURVE ( 'NONE', #1642, #440, #491, .T. ) ;
#887 = CARTESIAN_POINT ( 'NONE',  ( 0.5180847585024613844, 0.2424579722622388911, -0.2912684174466802500 ) ) ;
#888 = CARTESIAN_POINT ( 'NONE',  ( 0.5000000000000000000, 0.3346578554100570480, 0.2092478842505076375 ) ) ;
#889 = ORIENTED_EDGE ( 'NONE', *, *, #2413, .T. ) ;
#890 = CARTESIAN_POINT ( 'NONE',  ( 0.4984729468954546272, 0.3126676041167685272, -0.2283942533172616529 ) ) ;
#891 = ADVANCED_FACE ( 'NONE', ( #2064 ), #1381, .T. ) ;
#892 = ORIENTED_EDGE ( 'NONE', *, *, #2811, .T. ) ;
#893 = VECTOR ( 'NONE', #2772, 39.37007874015748143 ) ;
#894 = CARTESIAN_POINT ( 'NONE',  ( 0.6496285721820143078, -0.05197718962441777446, 0.3716102683817404939 ) ) ;
#895 = AXIS2_PLACEMENT_3D ( 'NONE', #2397, #1210, #1019 ) ;
#896 = CARTESIAN_POINT ( 'NONE',  ( 0.4631818181818179725, 0.2168968143383995240, -0.2674778897172685466 ) ) ;
#897 = CIRCLE ( 'NONE', #1892, 0.02999999999999998848 ) ;
#898 = ORIENTED_EDGE ( 'NONE', *, *, #652, .F. ) ;
#899 = CALENDAR_DATE ( 2026, 25, 3 ) ;
#900 = FACE_OUTER_BOUND ( 'NONE', #1297, .T. ) ;
#901 = CARTESIAN_POINT ( 'NONE',  ( 0.3444854696009447270, -0.3631699250513813482, -0.4478311104812265353 ) ) ;
#902 = FACE_OUTER_BOUND ( 'NONE', #762, .T. ) ;
#903 = CARTESIAN_POINT ( 'NONE',  ( 0.4301997504453626275, 0.2612696189444198569, 0.4301997504453626830 ) ) ;
#904 = CARTESIAN_POINT ( 'NONE',  ( 0.4948219437337829096, 0.3799791380622515313, 0.2939062261125194864 ) ) ;
#905 = CARTESIAN_POINT ( 'NONE',  ( 0.5267774251980205102, 0.2136652882451433311, 0.3112261002203757787 ) ) ;
#906 = ORIENTED_EDGE ( 'NONE', *, *, #2488, .F. ) ;
#907 = CARTESIAN_POINT ( 'NONE',  ( 0.4163599533085392546, 0.2812695633595045375, -0.5000000000000000000 ) ) ;
#908 = CYLINDRICAL_SURFACE ( 'NONE', #2410, 0.5000000000000000000 ) ;
#909 = EDGE_LOOP ( 'NONE', ( #1577, #2042, #1322, #222 ) ) ;
#910 = CARTESIAN_POINT ( 'NONE',  ( 0.4583333333333333148, 0.05000000000000000971, -0.2465033242958173110 ) ) ;
#911 = ADVANCED_FACE ( 'NONE', ( #1264 ), #2156, .F. ) ;
#912 = EDGE_CURVE ( 'NONE', #1917, #943, #2697, .T. ) ;
#913 = CARTESIAN_POINT ( 'NONE',  ( 0.4869065451452013749, 0.2528693706701401478, -0.2441623758350574824 ) ) ;
#914 = ORIENTED_EDGE ( 'NONE', *, *, #453, .F. ) ;
#915 = CARTESIAN_POINT ( 'NONE',  ( 0.5102687377638339683, -0.3106365533764567366, -0.3925144136644692083 ) ) ;
#916 = CARTESIAN_POINT ( 'NONE',  ( 0.4962050278136580506, 0.05000000000000000971, 0.2766965192874372148 ) ) ;
#917 = CARTESIAN_POINT ( 'NONE',  ( 0.4673162377533836009, 0.4412633379208026341, -0.2482101847361896096 ) ) ;
#918 = CARTESIAN_POINT ( 'NONE',  ( 0.5089863852795218913, 0.2746971051887061588, 0.2386863132743306248 ) ) ;
#919 = CARTESIAN_POINT ( 'NONE',  ( 0.3923575026172992364, 0.4490735455483897409, 0.2265885637110276463 ) ) ;
#920 = ORIENTED_EDGE ( 'NONE', *, *, #2893, .T. ) ;
#921 = CARTESIAN_POINT ( 'NONE',  ( 0.4799506420604126578, 0.3894728949141337826, -0.3055981155558126772 ) ) ;
#922 = CARTESIAN_POINT ( 'NONE',  ( 0.5000000000000000000, 0.3807097275380170176, -0.2599996896882462716 ) ) ;
#923 = CARTESIAN_POINT ( 'NONE',  ( 0.5000000000000000000, -0.04937759132671824813, 0.2069084745511803325 ) ) ;
#924 = CARTESIAN_POINT ( 'NONE',  ( 0.5000000000000000000, 0.3467798292865373888, 0.2179449471770336932 ) ) ;
#925 = APPROVAL ( #1682, 'UNSPECIFIED' ) ;
#926 = EDGE_CURVE ( 'NONE', #2534, #440, #2093, .T. ) ;
#927 = DIRECTION ( 'NONE',  ( -0.8443655925652596705, 0.5357674365729199195, 0.000000000000000000 ) ) ;
#928 = ORIENTED_EDGE ( 'NONE', *, *, #2269, .T. ) ;
#929 = ORIENTED_EDGE ( 'NONE', *, *, #470, .F. ) ;
#930 = CARTESIAN_POINT ( 'NONE',  ( 0.5208875068285687693, 0.3182873582435291060, -0.1977346150214010778 ) ) ;
#931 = DIRECTION ( 'NONE',  ( -0.000000000000000000, -1.000000000000000000, -0.000000000000000000 ) ) ;
#932 = CARTESIAN_POINT ( 'NONE',  ( 0.3846153846153845812, 0.3194855331891567340, 0.5000000000000000000 ) ) ;
#933 = CARTESIAN_POINT ( 'NONE',  ( -1.509243859206853501E-16, 0.5000000000000001110, -9.184850993605148438E-17 ) ) ;
#934 = CARTESIAN_POINT ( 'NONE',  ( 0.4703712890039196126, 0.3912070090442086867, 0.3097362674118516179 ) ) ;
#935 = CARTESIAN_POINT ( 'NONE',  ( 0.6193311102589510453, 0.2028525215789079572, 0.3155248773749942393 ) ) ;
#936 = ORIENTED_EDGE ( 'NONE', *, *, #1057, .F. ) ;
#937 = CARTESIAN_POINT ( 'NONE',  ( 0.5186298555093517004, 0.0005474932356869211762, -0.3762034724660895391 ) ) ;
#938 = CARTESIAN_POINT ( 'NONE',  ( 0.4583333333333333148, 0.2022443516585266110, 0.2465033242958173387 ) ) ;
#939 = CARTESIAN_POINT ( 'NONE',  ( 0.5000000000000000000, 0.001190298499944459102, 0.2189208799150675344 ) ) ;
#940 = CIRCLE ( 'NONE', #2846, 0.05000000000000000971 ) ;
#941 = DIRECTION ( 'NONE',  ( -0.8220016250753002796, 0.3104583763484408676, 0.4774190244729001886 ) ) ;
#942 = CARTESIAN_POINT ( 'NONE',  ( 0.4659090909090908839, 0.2168968143383994962, -0.2476647127011746552 ) ) ;
#943 = VERTEX_POINT ( 'NONE', #1739 ) ;
#944 = ORIENTED_EDGE ( 'NONE', *, *, #415, .T. ) ;
#945 = CLOSED_SHELL ( 'NONE', ( #2323, #1324, #2656, #911, #2290, #2228, #104, #2710, #766, #578, #1400, #433, #1358, #1977, #2179, #2393, #1889, #149, #2812, #394, #964, #1870, #1809, #1850, #329, #1145, #1503, #89, #1527, #2160, #2487, #1999, #2787, #1670, #124, #380, #2507, #202, #2728, #1289, #690, #2141, #2792, #58, #277, #1382, #821, #1703, #1078, #873, #528, #1109, #1249, #1961, #979, #596, #1579, #1640, #891, #2844 ) ) ;
#946 = CARTESIAN_POINT ( 'NONE',  ( 0.5000000000000000000, 0.2185366281898263319, -0.4418684507362964919 ) ) ;
#947 = CARTESIAN_POINT ( 'NONE',  ( 0.3085583688346776321, -0.3941501823545086047, -0.4011258794850826037 ) ) ;
#948 = CARTESIAN_POINT ( 'NONE',  ( 0.4583333333333333148, 0.2022443516585266943, 0.2465033242958173110 ) ) ;
#949 = EDGE_CURVE ( 'NONE', #1621, #198, #2727, .T. ) ;
#950 = CARTESIAN_POINT ( 'NONE',  ( 0.4649119107519516514, 0.3592350779228696833, -0.2476886605824016874 ) ) ;
#951 = CARTESIAN_POINT ( 'NONE',  ( 0.2964634228718232012, 0.4464989973716735339, -0.2256228806142432097 ) ) ;
#952 = CARTESIAN_POINT ( 'NONE',  ( 0.3744409935244780163, 0.3856338551820119309, 0.2161826447541056184 ) ) ;
#953 = ORIENTED_EDGE ( 'NONE', *, *, #2357, .F. ) ;
#954 = CARTESIAN_POINT ( 'NONE',  ( 0.2703591036738359765, 0.4454740948169641501, 0.09922442412767587538 ) ) ;
#955 = CARTESIAN_POINT ( 'NONE',  ( 0.4966042931639261804, 0.01918104499447671751, 0.2717126661608332827 ) ) ;
#956 = CARTESIAN_POINT ( 'NONE',  ( 0.4558086893078943103, 0.01002413929056247648, 0.2259287728100219106 ) ) ;
#957 = ORIENTED_EDGE ( 'NONE', *, *, #1039, .F. ) ;
#958 = CARTESIAN_POINT ( 'NONE',  ( 0.5000000000000000000, -0.04748614022404863688, -0.2201700673005599906 ) ) ;
#959 = CARTESIAN_POINT ( 'NONE',  ( 0.4001561714619917276, 0.4475265971548385013, 0.2302864722693884481 ) ) ;
#960 = CARTESIAN_POINT ( 'NONE',  ( 0.2415430295884489764, 0.4791092658633098189, -0.1434135913517509409 ) ) ;
#961 = CARTESIAN_POINT ( 'NONE',  ( 0.4743479266524190385, -0.1653786450238872996, -0.4743479266524190940 ) ) ;
#962 = CARTESIAN_POINT ( 'NONE',  ( 0.3892183211730564918, 0.3793949232367039293, 0.2242778357832277969 ) ) ;
#963 = CARTESIAN_POINT ( 'NONE',  ( 0.4705576995808852803, 0.3479966901182732220, 0.2483045910831247205 ) ) ;
#964 = ADVANCED_FACE ( 'NONE', ( #1933 ), #1694, .T. ) ;
#965 = CARTESIAN_POINT ( 'NONE',  ( 0.5332596413012220538, 0.1508567757997367476, 0.3441670643613999880 ) ) ;
#966 = VERTEX_POINT ( 'NONE', #1050 ) ;
#967 = CARTESIAN_POINT ( 'NONE',  ( 0.4994950021211574387, -0.03434882807709366270, -0.2334287057004623966 ) ) ;
#968 = CARTESIAN_POINT ( 'NONE',  ( 0.6364171782567522584, 0.06668796168020874049, 0.3690378019586013081 ) ) ;
#969 = CARTESIAN_POINT ( 'NONE',  ( 0.4568184110524244335, 0.01672217640373048139, 0.2335028470631485553 ) ) ;
#970 = VERTEX_POINT ( 'NONE', #2866 ) ;
#971 = CARTESIAN_POINT ( 'NONE',  ( 0.4726082324120777778, 0.2187385890223451645, -0.2491400386085205199 ) ) ;
#972 = CARTESIAN_POINT ( 'NONE',  ( 0.4287056094038724230, 0.3952521174925411329, 0.3063514628936295225 ) ) ;
#973 = DIRECTION ( 'NONE',  ( 1.000000000000000000, 0.000000000000000000, 0.000000000000000000 ) ) ;
#974 = CARTESIAN_POINT ( 'NONE',  ( 0.5899737939050800906, 0.2757018756910961099, -0.2545508665884720356 ) ) ;
#975 = CARTESIAN_POINT ( 'NONE',  ( 0.4600000000000000200, 0.3249995539368810138, 0.3255384615384614988 ) ) ;
#976 = CARTESIAN_POINT ( 'NONE',  ( 0.4631818181818181945, 0.2168968143385732461, 0.2674778897172686021 ) ) ;
#977 = CARTESIAN_POINT ( 'NONE',  ( 0.5340308166912183241, 0.1062390270467282599, 0.3602589191933010526 ) ) ;
#978 = CARTESIAN_POINT ( 'NONE',  ( 0.3378854642871535474, 0.4035639710019287008, -0.1903125779096280501 ) ) ;
#979 = ADVANCED_FACE ( 'NONE', ( #1725 ), #869, .T. ) ;
#980 = CARTESIAN_POINT ( 'NONE',  ( 0.5187361385407066594, 0.0009789279451030174269, 0.3762044825453274011 ) ) ;
#981 = CARTESIAN_POINT ( 'NONE',  ( 0.4583333333333333148, 0.05000000000000000971, 0.2465033242958173110 ) ) ;
#982 = ORIENTED_EDGE ( 'NONE', *, *, #1015, .F. ) ;
#983 = CARTESIAN_POINT ( 'NONE',  ( 0.5000000000000000000, -0.03037971781258401449, -0.2560804835459827289 ) ) ;
#984 =( BOUNDED_SURFACE ( )  B_SPLINE_SURFACE ( 3, 2, ( 
 ( #175, #1314, #1968 ),
 ( #2703, #2249, #884 ),
 ( #436, #2915, #379 ),
 ( #2219, #663, #2902 ),
 ( #872, #2685, #215 ),
 ( #1086, #159, #1730 ),
 ( #1986, #1756, #1330 ),
 ( #2672, #1511, #2884 ),
 ( #1541, #2429, #2444 ),
 ( #1570, #1768, #2027 ),
 ( #2475, #424, #2642 ),
 ( #2234, #205, #1111 ) ),
 .UNSPECIFIED., .F., .F., .F. ) 
 B_SPLINE_SURFACE_WITH_KNOTS ( ( 4, 2, 2, 2, 2, 4 ),
 ( 3, 3 ),
 ( 6.751901168156494215, 6.889661226383742232, 7.027421284610991137, 7.302941401065488947, 7.578461517519985868, 7.853981633974482790 ),
 ( 0.000000000000000000, 1.000000000000000000 ),
 .UNSPECIFIED. ) 
 GEOMETRIC_REPRESENTATION_ITEM ( )  RATIONAL_B_SPLINE_SURFACE ( (
 ( 1.000000000000000000, 0.7759091262261151867, 1.000000000000000000),
 ( 1.000000000000000000, 0.7878358169524075638, 1.000000000000000000),
 ( 1.000000000000000000, 0.8006902878323904904, 1.000000000000000000),
 ( 1.000000000000000000, 0.8271131155331507001, 1.000000000000000000),
 ( 1.000000000000000000, 0.8406779095981972150, 1.000000000000000000),
 ( 1.000000000000000000, 0.8808657400555098826, 1.000000000000000000),
 ( 1.000000000000000000, 0.9068924840796575015, 1.000000000000000000),
 ( 1.000000000000000000, 0.9509936842997362971, 1.000000000000000000),
 ( 1.000000000000000000, 0.9690730788802837115, 1.000000000000000000),
 ( 1.000000000000000000, 0.9935731817711792591, 1.000000000000000000),
 ( 1.000000000000000000, 1.000037995635007393, 1.000000000000000000),
 ( 1.000000000000000000, 1.000000000000000000, 1.000000000000000000) ) ) 
 REPRESENTATION_ITEM ( '' )  SURFACE ( )  );
#985 = EDGE_CURVE ( 'NONE', #26, #728, #2620, .T. ) ;
#986 = AXIS2_PLACEMENT_3D ( 'NONE', #1903, #1641, #1626 ) ;
#987 = CARTESIAN_POINT ( 'NONE',  ( 0.4609786917579373200, -0.2348548665326337659, -0.5000000000000000000 ) ) ;
#988 = CIRCLE ( 'NONE', #2595, 0.4274999999999999911 ) ;
#989 = DIRECTION ( 'NONE',  ( 0.000000000000000000, 0.000000000000000000, 1.000000000000000000 ) ) ;
#990 = CARTESIAN_POINT ( 'NONE',  ( 0.4656514743418574964, 0.2106977464937598021, -0.2478576633543552732 ) ) ;
#991 = VECTOR ( 'NONE', #2366, 39.37007874015748143 ) ;
#992 = AXIS2_PLACEMENT_3D ( 'NONE', #218, #17, #1834 ) ;
#993 = CARTESIAN_POINT ( 'NONE',  ( 0.2880209178661151115, 0.4357716060189145146, -0.3744271932259496394 ) ) ;
#994 = CARTESIAN_POINT ( 'NONE',  ( 0.2417171970417505422, -0.4665599888978164134, 0.1859363054167206264 ) ) ;
#995 = CARTESIAN_POINT ( 'NONE',  ( 0.3613903018521101851, 0.3913515664990257492, 0.2086027954000339302 ) ) ;
#996 = DIRECTION ( 'NONE',  ( 0.000000000000000000, -0.6183074883802900379, 0.7859362886474052790 ) ) ;
#997 = CARTESIAN_POINT ( 'NONE',  ( 0.5000000000000001110, 0.3196676122192219638, 0.2242101458355876542 ) ) ;
#998 = EDGE_LOOP ( 'NONE', ( #2157, #474, #721, #260, #1152, #1128 ) ) ;
#999 = CARTESIAN_POINT ( 'NONE',  ( 0.5000000000000000000, -0.04999999993662294917, -0.2067636000416465114 ) ) ;
#1000 = CARTESIAN_POINT ( 'NONE',  ( 0.4811922641374093423, 0.2341735330062838516, 0.4763631544917696914 ) ) ;
#1001 = EDGE_CURVE ( 'NONE', #1028, #41, #2745, .T. ) ;
#1002 = CARTESIAN_POINT ( 'NONE',  ( 0.4741401195200519725, 0.3759407648186556261, 0.2516515933043284026 ) ) ;
#1003 = CARTESIAN_POINT ( 'NONE',  ( 0.6456093708082836224, -1.472666362880149497E-16, -0.3750000000000000555 ) ) ;
#1004 = CARTESIAN_POINT ( 'NONE',  ( 0.4583333333333333148, 0.2022443516585266943, -0.2465033242958173110 ) ) ;
#1005 = DIRECTION ( 'NONE',  ( 0.000000000000000000, 0.000000000000000000, 1.000000000000000000 ) ) ;
#1006 = CARTESIAN_POINT ( 'NONE',  ( -0.5000000000000000000, 0.000000000000000000, 0.5000000000000000000 ) ) ;
#1007 = CARTESIAN_POINT ( 'NONE',  ( 0.3085583688346726361, -0.3941501823545127126, 0.4011258794850461329 ) ) ;
#1008 = CARTESIAN_POINT ( 'NONE',  ( 1.250000000000000000, 0.000000000000000000, 0.000000000000000000 ) ) ;
#1009 = CARTESIAN_POINT ( 'NONE',  ( 1.250000000000000000, 0.000000000000000000, 0.000000000000000000 ) ) ;
#1010 = CARTESIAN_POINT ( 'NONE',  ( 0.4570764950014867822, 0.01840585840710759133, -0.2354317405570582333 ) ) ;
#1011 = CARTESIAN_POINT ( 'NONE',  ( 0.4970145079592837023, 0.003454998060577055882, 0.2648666072561295937 ) ) ;
#1012 = B_SPLINE_CURVE_WITH_KNOTS ( 'NONE', 3,
 ( #1320, #1366, #2722, #2256, #1533, #2664, #2678, #890, #1350, #2006 ),
 .UNSPECIFIED., .F., .F.,
 ( 4, 2, 2, 2, 4 ),
 ( 0.0003141513904975416728, 0.001013076216926224720, 0.001712001043354907659, 0.002410925869783591032, 0.003109850696212273970 ),
 .UNSPECIFIED. ) ;
#1013 = CARTESIAN_POINT ( 'NONE',  ( 0.4878813712707209538, 0.1876643288727981862, 0.5202866107255329498 ) ) ;
#1014 = APPROVAL ( #2245, 'UNSPECIFIED' ) ;
#1015 = EDGE_CURVE ( 'NONE', #2810, #1774, #2500, .T. ) ;
#1016 = CARTESIAN_POINT ( 'NONE',  ( 0.2960628999633265757, 0.4467018623041897896, -0.2252520343689431714 ) ) ;
#1017 = B_SPLINE_CURVE_WITH_KNOTS ( 'NONE', 3,
 ( #1119, #2210, #211, #880 ),
 .UNSPECIFIED., .F., .F.,
 ( 4, 4 ),
 ( 8.673617379884035472E-19, 0.0003141513904975416728 ),
 .UNSPECIFIED. ) ;
#1018 = ORIENTED_EDGE ( 'NONE', *, *, #2071, .T. ) ;
#1019 = DIRECTION ( 'NONE',  ( 0.000000000000000000, 0.000000000000000000, -1.000000000000000000 ) ) ;
#1020 = DIRECTION ( 'NONE',  ( -1.000000000000000000, -0.000000000000000000, -0.000000000000000000 ) ) ;
#1021 = DIRECTION ( 'NONE',  ( 1.000000000000000000, 0.000000000000000000, -0.000000000000000000 ) ) ;
#1022 = CARTESIAN_POINT ( 'NONE',  ( 0.1097815279600474897, -0.4908945402673358660, 0.1097815279600475591 ) ) ;
#1023 = CARTESIAN_POINT ( 'NONE',  ( 0.5000000000000000000, 0.000000000000000000, 0.000000000000000000 ) ) ;
#1024 = CARTESIAN_POINT ( 'NONE',  ( 0.5158898425192519621, -0.01085784292130477328, 0.3759351727687381683 ) ) ;
#1025 = CARTESIAN_POINT ( 'NONE',  ( 0.4830257543111824425, 0.2649478790029179964, 0.2452711504377065310 ) ) ;
#1026 = DIRECTION ( 'NONE',  ( -0.000000000000000000, -0.000000000000000000, -1.000000000000000000 ) ) ;
#1027 = CARTESIAN_POINT ( 'NONE',  ( 0.4848324972623415108, 0.2093947388065937887, 0.5000000000000000000 ) ) ;
#1028 = VERTEX_POINT ( 'NONE', #867 ) ;
#1029 = CARTESIAN_POINT ( 'NONE',  ( 0.2992992736510210472, 0.4775872556133717306, 0.1509029917950578115 ) ) ;
#1030 = CARTESIAN_POINT ( 'NONE',  ( 0.5000000000000000000, -0.04887871586189636991, -0.2114712566004761374 ) ) ;
#1031 = VERTEX_POINT ( 'NONE', #2243 ) ;
#1032 = CARTESIAN_POINT ( 'NONE',  ( 0.5316112906271026617, 0.3242009704164290906, -0.1885296660383925516 ) ) ;
#1033 = AXIS2_PLACEMENT_3D ( 'NONE', #871, #1767, #2248 ) ;
#1034 = PERSON_AND_ORGANIZATION_ROLE ( 'creator' ) ;
#1035 = AXIS2_PLACEMENT_3D ( 'NONE', #2482, #2276, #1762 ) ;
#1036 = CARTESIAN_POINT ( 'NONE',  ( 0.5000000000000000000, 0.3606511688438438501, 0.2783882181415364143 ) ) ;
#1037 = CARTESIAN_POINT ( 'NONE',  ( 0.4673775850411890365, 0.3985650311845285176, -0.2941541120481294125 ) ) ;
#1038 = EDGE_CURVE ( 'NONE', #478, #343, #1085, .T. ) ;
#1039 = EDGE_CURVE ( 'NONE', #1538, #1028, #2719, .T. ) ;
#1040 = CARTESIAN_POINT ( 'NONE',  ( 0.6500000000000000222, -0.04663545637670900995, -0.2201139118923111371 ) ) ;
#1041 = AXIS2_PLACEMENT_3D ( 'NONE', #2732, #931, #1832 ) ;
#1042 = CIRCLE ( 'NONE', #1789, 0.3750000000000000555 ) ;
#1043 = CARTESIAN_POINT ( 'NONE',  ( 0.6327156382570947590, 0.1205462367986314676, -0.3571419082800541545 ) ) ;
#1044 = CARTESIAN_POINT ( 'NONE',  ( 0.5315032150938399091, 0.3242472560092185541, 0.1884496824597529929 ) ) ;
#1045 = ORIENTED_EDGE ( 'NONE', *, *, #2592, .F. ) ;
#1046 = DIRECTION ( 'NONE',  ( 0.000000000000000000, 0.000000000000000000, -1.000000000000000000 ) ) ;
#1047 = B_SPLINE_CURVE_WITH_KNOTS ( 'NONE', 3,
 ( #514, #1424, #249, #1186 ),
 .UNSPECIFIED., .F., .F.,
 ( 4, 4 ),
 ( 0.000000000000000000, 0.0001038573330857177584 ),
 .UNSPECIFIED. ) ;
#1048 = CARTESIAN_POINT ( 'NONE',  ( 0.4882823532863606042, 0.3436650090283104308, 0.2542763943535109039 ) ) ;
#1049 = CARTESIAN_POINT ( 'NONE',  ( 0.2666921652624179573, 0.4480367716288583546, 0.09027885006822579383 ) ) ;
#1050 = CARTESIAN_POINT ( 'NONE',  ( 0.3744409935237892340, 0.3856338551823136895, -0.2161826447537055496 ) ) ;
#1051 = EDGE_LOOP ( 'NONE', ( #301, #1293, #2699, #1589, #805 ) ) ;
#1052 = CARTESIAN_POINT ( 'NONE',  ( 0.000000000000000000, 0.5000000000000000000, 0.000000000000000000 ) ) ;
#1053 = B_SPLINE_CURVE_WITH_KNOTS ( 'NONE', 3,
 ( #2781, #263, #2715, #738, #1644, #1583, #2548, #678, #513, #2505, #708, #1198, #2106, #1614, #1238, #1712 ),
 .UNSPECIFIED., .F., .F.,
 ( 4, 2, 2, 2, 2, 2, 2, 4 ),
 ( 0.000000000000000000, 0.0002660941921771343174, 0.0005321883843542686348, 0.001064376768708535535, 0.001596565153062802110, 0.002128753537417070203, 0.003193130306125607255, 0.004257507074834144742 ),
 .UNSPECIFIED. ) ;
#1054 = CARTESIAN_POINT ( 'NONE',  ( 0.4632264549706027190, 0.3922674094246577647, 0.3100545985032003293 ) ) ;
#1055 = CARTESIAN_POINT ( 'NONE',  ( 0.5200000000000000178, 0.3460837196928394643, -0.1903971086008673930 ) ) ;
#1056 = CARTESIAN_POINT ( 'NONE',  ( 0.4643674054132415630, 0.3290872223894118487, -0.3779792990837624322 ) ) ;
#1057 = EDGE_CURVE ( 'NONE', #87, #1917, #1299, .T. ) ;
#1058 = CARTESIAN_POINT ( 'NONE',  ( 0.4916826623867665003, 0.2819324960384813061, -0.2599029964369612977 ) ) ;
#1059 = CARTESIAN_POINT ( 'NONE',  ( 0.4583333333333333148, 0.2022443516585266388, -0.2465033242958173387 ) ) ;
#1060 = CARTESIAN_POINT ( 'NONE',  ( 0.4962050278136580506, 0.05000000000000000971, 0.2766965192874372148 ) ) ;
#1061 = FACE_OUTER_BOUND ( 'NONE', #261, .T. ) ;
#1062 = EDGE_LOOP ( 'NONE', ( #1365, #210, #2019, #1778, #156 ) ) ;
#1063 =( BOUNDED_SURFACE ( )  B_SPLINE_SURFACE ( 3, 2, ( 
 ( #2707, #863, #669 ),
 ( #1576, #221, #684 ),
 ( #1590, #2495, #458 ),
 ( #967, #2738, #729 ),
 ( #2100, #699, #284 ),
 ( #59, #2302, #1882 ),
 ( #1838, #743, #2553 ),
 ( #1649, #937, #1869 ),
 ( #521, #1428, #1605 ),
 ( #2802, #2344, #2111 ),
 ( #534, #1190, #475 ),
 ( #1441, #298, #2330 ),
 ( #1821, #2756, #2786 ),
 ( #268, #254, #2513 ),
 ( #1173, #2083, #1204 ),
 ( #43, #1380, #1160 ) ),
 .UNSPECIFIED., .F., .F., .T. ) 
 B_SPLINE_SURFACE_WITH_KNOTS ( ( 4, 2, 2, 2, 2, 2, 2, 4 ),
 ( 3, 3 ),
 ( 2.298508605669269400E-17, 0.0006218941725070524854, 0.001243788345014081986, 0.001554735431267596736, 0.001865682517521111486, 0.002176629603774626019, 0.002332103146901383720, 0.002487576690028140986 ),
 ( 0.000000000000000000, 1.000000000000000000 ),
 .UNSPECIFIED. ) 
 GEOMETRIC_REPRESENTATION_ITEM ( )  RATIONAL_B_SPLINE_SURFACE ( (
 ( 1.000000000000000000, 0.7071067811865467956, 1.000000000000000000),
 ( 1.000000000000000000, 0.7129980968145901432, 1.000000000000000000),
 ( 1.000000000000000000, 0.7186302155158298399, 1.000000000000000000),
 ( 1.000000000000000000, 0.7306664818597884414, 1.000000000000000000),
 ( 1.000000000000000000, 0.7369968996215250367, 1.000000000000000000),
 ( 1.000000000000000000, 0.7490839313299747504, 1.000000000000000000),
 ( 1.000000000000000000, 0.7535634847669355763, 1.000000000000000000),
 ( 1.000000000000000000, 0.7641338006441261710, 1.000000000000000000),
 ( 1.000000000000000000, 0.7702556283300807660, 1.000000000000000000),
 ( 1.000000000000000000, 0.7848923066845487906, 1.000000000000000000),
 ( 1.000000000000000000, 0.7935730579860427181, 1.000000000000000000),
 ( 1.000000000000000000, 0.8077018840691407853, 1.000000000000000000),
 ( 1.000000000000000000, 0.8125671512388922268, 1.000000000000000000),
 ( 1.000000000000000000, 0.8215479777356208269, 1.000000000000000000),
 ( 1.000000000000000000, 0.8256393509597101943, 1.000000000000000000),
 ( 1.000000000000000000, 0.8284304890178230130, 1.000000000000000000) ) ) 
 REPRESENTATION_ITEM ( '' )  SURFACE ( )  );
#1064 = CARTESIAN_POINT ( 'NONE',  ( 0.2912711792768928887, 0.4313990067859087008, -0.1378832334232810986 ) ) ;
#1065 = DIRECTION ( 'NONE',  ( -0.000000000000000000, -0.000000000000000000, -1.000000000000000000 ) ) ;
#1066 = DESIGN_CONTEXT ( 'detailed design', #24, 'design' ) ;
#1067 = ORIENTED_EDGE ( 'NONE', *, *, #1566, .T. ) ;
#1068 = CARTESIAN_POINT ( 'NONE',  ( 0.5000000000000000000, 0.05000000000000000971, -0.2958039891549807954 ) ) ;
#1069 = CARTESIAN_POINT ( 'NONE',  ( 0.4999999999999998335, 0.3807097275380320056, 0.2599996896882196817 ) ) ;
#1070 = CARTESIAN_POINT ( 'NONE',  ( 0.5000000000000000000, 0.3460837196928330806, 0.1903971086008729718 ) ) ;
#1071 = CYLINDRICAL_SURFACE ( 'NONE', #659, 0.02999999999999998848 ) ;
#1072 = CARTESIAN_POINT ( 'NONE',  ( 0.4688143120684969412, 0.1962297880628094404, -0.2493937147249657427 ) ) ;
#1073 = CARTESIAN_POINT ( 'NONE',  ( 0.5253570222672405698, 0.3270181088796728641, 0.1836631237022754159 ) ) ;
#1074 = ORIENTED_EDGE ( 'NONE', *, *, #820, .T. ) ;
#1075 = DIRECTION ( 'NONE',  ( -1.344186016770490015E-15, 0.6166104526590920898, 0.7872684101826706859 ) ) ;
#1076 = ORIENTED_EDGE ( 'NONE', *, *, #274, .F. ) ;
#1077 = CARTESIAN_POINT ( 'NONE',  ( 0.4499999999999999556, 0.05000000000000000971, -0.2958039891549807954 ) ) ;
#1078 = ADVANCED_FACE ( 'NONE', ( #776 ), #1494, .T. ) ;
#1079 = CARTESIAN_POINT ( 'NONE',  ( 0.2223594834935795628, 0.4916321003280341717, -0.09177676253915535709 ) ) ;
#1080 = CARTESIAN_POINT ( 'NONE',  ( 0.4690831090412132531, 0.2180692037368701652, -0.2480455351082641036 ) ) ;
#1081 = ORIENTED_EDGE ( 'NONE', *, *, #636, .F. ) ;
#1082 = CARTESIAN_POINT ( 'NONE',  ( 0.3846153846153845812, 0.3194855331891567340, 0.5000000000000000000 ) ) ;
#1083 =( BOUNDED_SURFACE ( )  B_SPLINE_SURFACE ( 3, 2, ( 
 ( #933, #1407, #2098 ),
 ( #1170, #234, #1817 ),
 ( #1601, #2734, #454 ),
 ( #1852, #281, #725 ),
 ( #2031, #1631, #2538 ),
 ( #711, #1866, #1140 ),
 ( #2783, #484, #2947 ),
 ( #1376, #2285, #740 ),
 ( #1646, #903, #1801 ),
 ( #2717, #681, #1362 ),
 ( #1438, #532, #2368 ),
 ( #69, #2800, #2567 ) ),
 .UNSPECIFIED., .F., .F., .F. ) 
 B_SPLINE_SURFACE_WITH_KNOTS ( ( 4, 2, 2, 2, 2, 4 ),
 ( 3, 3 ),
 ( 4.712388980384689674, 4.987909096839188372, 5.263429213293687070, 5.538949329748184880, 5.676709387975433785, 5.814469446202683578 ),
 ( 0.000000000000000000, 1.000000000000000000 ),
 .UNSPECIFIED. ) 
 GEOMETRIC_REPRESENTATION_ITEM ( )  RATIONAL_B_SPLINE_SURFACE ( (
 ( 1.000000000000000000, 1.000000000000000000, 1.000000000000000000),
 ( 1.000000000000000000, 1.000037995635007393, 1.000000000000000000),
 ( 1.000000000000000000, 0.9935731817711791480, 1.000000000000000000),
 ( 1.000000000000000000, 0.9690730788802833784, 1.000000000000000000),
 ( 1.000000000000000000, 0.9509936842996252748, 1.000000000000000000),
 ( 1.000000000000000000, 0.9068924840797674136, 1.000000000000000000),
 ( 1.000000000000000000, 0.8808657400554068539, 1.000000000000000000),
 ( 1.000000000000000000, 0.8406779095982466199, 1.000000000000000000),
 ( 1.000000000000000000, 0.8271131155331485907, 1.000000000000000000),
 ( 1.000000000000000000, 0.8006902878323881589, 1.000000000000000000),
 ( 1.000000000000000000, 0.7878358169524062316, 1.000000000000000000),
 ( 1.000000000000000000, 0.7759091262261144095, 1.000000000000000000) ) ) 
 REPRESENTATION_ITEM ( '' )  SURFACE ( )  );
#1084 = CARTESIAN_POINT ( 'NONE',  ( 0.4667804001895760613, 0.3982297706151658456, 0.2959405670512097464 ) ) ;
#1085 = CIRCLE ( 'NONE', #1460, 0.5000000000000000000 ) ;
#1086 = CARTESIAN_POINT ( 'NONE',  ( 0.4377050040346145421, 0.3724840212359446512, -0.3366961569496519369 ) ) ;
#1087 = CARTESIAN_POINT ( 'NONE',  ( 0.4210739829668317391, -0.2755945385406530224, 0.5000000000000002220 ) ) ;
#1088 = CARTESIAN_POINT ( 'NONE',  ( 0.6007353669306116917, 0.2571965922327111298, -0.2733609598208956437 ) ) ;
#1089 = CARTESIAN_POINT ( 'NONE',  ( 0.5000000000000000000, 0.3278460744626004453, -0.2179449471770336932 ) ) ;
#1090 = ORIENTED_EDGE ( 'NONE', *, *, #1417, .T. ) ;
#1091 = AXIS2_PLACEMENT_3D ( 'NONE', #2920, #878, #2480 ) ;
#1092 = CARTESIAN_POINT ( 'NONE',  ( 0.4843512541904965718, 0.3878157933470825491, -0.3030228649567611177 ) ) ;
#1093 = AXIS2_PLACEMENT_3D ( 'NONE', #68, #2045, #1405 ) ;
#1094 = EDGE_LOOP ( 'NONE', ( #2632, #524, #1196, #1349, #1546, #57, #2925, #818, #928, #2712, #2919, #2941, #2540, #2518, #2059, #2867 ) ) ;
#1095 = CARTESIAN_POINT ( 'NONE',  ( 0.2606547271295678869, 0.4523015322758185963, -0.07278846684361595099 ) ) ;
#1096 = CARTESIAN_POINT ( 'NONE',  ( 0.5089317993787415562, 0.2746000464880046787, -0.2387392201221517352 ) ) ;
#1097 = VERTEX_POINT ( 'NONE', #1669 ) ;
#1098 = CALENDAR_DATE ( 2026, 25, 3 ) ;
#1099 = CARTESIAN_POINT ( 'NONE',  ( 0.5000000000000000000, -0.2755945385406531889, -0.4210739829668315171 ) ) ;
#1100 = CARTESIAN_POINT ( 'NONE',  ( 0.5208901633112044127, 0.3182561351390982840, 0.1977747842801595157 ) ) ;
#1101 = CARTESIAN_POINT ( 'NONE',  ( 0.4882851033127889040, 0.3853994672539868271, -0.3000030253741048369 ) ) ;
#1102 = EDGE_LOOP ( 'NONE', ( #2725, #1074, #892 ) ) ;
#1103 = CARTESIAN_POINT ( 'NONE',  ( 0.4816428877960529653, 0.2316134241338739241, 0.2497630256313319308 ) ) ;
#1104 = VERTEX_POINT ( 'NONE', #2809 ) ;
#1105 = CARTESIAN_POINT ( 'NONE',  ( 0.5000000000000000000, -0.3194855331891567340, 0.3846153846153846922 ) ) ;
#1106 = ORIENTED_EDGE ( 'NONE', *, *, #363, .F. ) ;
#1107 = CARTESIAN_POINT ( 'NONE',  ( 0.5030726029511630726, 0.3001175341871093472, -0.2164862223867566049 ) ) ;
#1108 = EDGE_LOOP ( 'NONE', ( #1824, #2197, #790, #630 ) ) ;
#1109 = ADVANCED_FACE ( 'NONE', ( #28 ), #181, .T. ) ;
#1110 = CARTESIAN_POINT ( 'NONE',  ( 0.4599999999999990763, 0.3905487874613413624, 0.3122044916596751207 ) ) ;
#1111 = CARTESIAN_POINT ( 'NONE',  ( -1.301651459571504259E-15, 0.5000000000000001110, 1.692146897442955556E-15 ) ) ;
#1112 = CARTESIAN_POINT ( 'NONE',  ( 0.4736092173942727523, 0.3913122367075371755, -0.2658435832012566724 ) ) ;
#1113 = EDGE_CURVE ( 'NONE', #2810, #2533, #1267, .T. ) ;
#1114 = CARTESIAN_POINT ( 'NONE',  ( 0.3744409935237891229, 0.3856338551823136895, -0.2161826447537055218 ) ) ;
#1115 = CARTESIAN_POINT ( 'NONE',  ( 0.4688392555630237490, 0.1962108652631434635, 0.2494024604239589993 ) ) ;
#1116 = VERTEX_POINT ( 'NONE', #508 ) ;
#1117 = LINE ( 'NONE', #1336, #2804 ) ;
#1118 = EDGE_LOOP ( 'NONE', ( #882, #1876 ) ) ;
#1119 = CARTESIAN_POINT ( 'NONE',  ( 0.4659090909090908839, 0.2168968143383994962, -0.2476647127011746552 ) ) ;
#1120 = DIRECTION ( 'NONE',  ( 0.000000000000000000, 0.000000000000000000, 1.000000000000000000 ) ) ;
#1121 = VERTEX_POINT ( 'NONE', #2532 ) ;
#1122 = B_SPLINE_CURVE_WITH_KNOTS ( 'NONE', 3,
 ( #2562, #987, #526, #1890 ),
 .UNSPECIFIED., .F., .F.,
 ( 4, 4 ),
 ( 0.000000000000000000, 0.004342920222168595266 ),
 .UNSPECIFIED. ) ;
#1123 = CARTESIAN_POINT ( 'NONE',  ( 0.5199999999999987965, 0.3285604933792755089, -0.1807567486717082117 ) ) ;
#1124 = CARTESIAN_POINT ( 'NONE',  ( 0.4646642971989717874, 0.3912033715973876058, -0.3113856468081324103 ) ) ;
#1125 = CARTESIAN_POINT ( 'NONE',  ( 0.5000000000000000000, 0.3677720081789803697, 0.2179449471770336932 ) ) ;
#1126 = EDGE_CURVE ( 'NONE', #1031, #2881, #2865, .T. ) ;
#1127 = CARTESIAN_POINT ( 'NONE',  ( 0.4890210242724198908, 0.1471852358661697446, 0.2644775208611118145 ) ) ;
#1128 = ORIENTED_EDGE ( 'NONE', *, *, #1657, .T. ) ;
#1129 = CARTESIAN_POINT ( 'NONE',  ( 0.4932228818695373329, 0.2491354677171839782, 0.2481950285998745509 ) ) ;
#1130 = VECTOR ( 'NONE', #2586, 39.37007874015748143 ) ;
#1131 = VERTEX_POINT ( 'NONE', #303 ) ;
#1132 = CARTESIAN_POINT ( 'NONE',  ( 0.4600000000000000200, 0.3905487874613409738, -0.3122044916596754538 ) ) ;
#1133 = CARTESIAN_POINT ( 'NONE',  ( 0.4912117124422946679, 0.3417427777076351703, -0.2568673062080663039 ) ) ;
#1134 = AXIS2_PLACEMENT_3D ( 'NONE', #1292, #1075, #2196 ) ;
#1135 = CARTESIAN_POINT ( 'NONE',  ( 0.5000000000000000000, 0.3205196477124852561, -0.2235574351443558039 ) ) ;
#1136 = ORIENTED_EDGE ( 'NONE', *, *, #2857, .F. ) ;
#1137 = DIRECTION ( 'NONE',  ( -0.000000000000000000, 1.000000000000000000, -0.000000000000000000 ) ) ;
#1138 = CARTESIAN_POINT ( 'NONE',  ( 0.5902188670302807028, -0.2094536270738077410, -0.4540145131002160661 ) ) ;
#1139 = CARTESIAN_POINT ( 'NONE',  ( 0.4732142857142856429, 0.3584207495018520429, 0.2485609090549116829 ) ) ;
#1140 = CARTESIAN_POINT ( 'NONE',  ( 0.3009098389586433164, 0.4019476545508404164, 0.3911827906461740612 ) ) ;
#1141 = DIRECTION ( 'NONE',  ( 0.000000000000000000, 0.000000000000000000, -1.000000000000000000 ) ) ;
#1142 = CARTESIAN_POINT ( 'NONE',  ( 0.6293803568116115299, 0.1459813249459886719, 0.3455473082877309476 ) ) ;
#1143 = ORIENTED_EDGE ( 'NONE', *, *, #797, .T. ) ;
#1144 = CARTESIAN_POINT ( 'NONE',  ( 0.4845608067222491600, 0.2360040797331227347, 0.2495931225125517516 ) ) ;
#1145 = ADVANCED_FACE ( 'NONE', ( #47 ), #2322, .T. ) ;
#1146 = CARTESIAN_POINT ( 'NONE',  ( 0.5200000000000000178, 0.3460837196928330806, 0.1903971086008729718 ) ) ;
#1147 = CARTESIAN_POINT ( 'NONE',  ( 0.4128975367017784781, 0.3993936647264031969, -0.3008360344365629824 ) ) ;
#1148 = ORIENTED_EDGE ( 'NONE', *, *, #344, .F. ) ;
#1149 = CARTESIAN_POINT ( 'NONE',  ( 0.4999999999999942824, 0.01542997315640269769, -0.2405268131138734444 ) ) ;
#1150 = CARTESIAN_POINT ( 'NONE',  ( 0.4620532444272276718, 0.2099212922808488535, -0.2471033058085226886 ) ) ;
#1151 = ORIENTED_EDGE ( 'NONE', *, *, #2252, .F. ) ;
#1152 = ORIENTED_EDGE ( 'NONE', *, *, #274, .T. ) ;
#1153 = CARTESIAN_POINT ( 'NONE',  ( 0.4278477985853986754, 0.3780338582034135086, 0.3291136912195374853 ) ) ;
#1154 = CARTESIAN_POINT ( 'NONE',  ( -0.1300000000000000044, 0.000000000000000000, -0.5000000000000000000 ) ) ;
#1155 = CARTESIAN_POINT ( 'NONE',  ( 0.4613313734427698098, 0.2069108510951049307, 0.2470100869067732852 ) ) ;
#1156 = CARTESIAN_POINT ( 'NONE',  ( 0.4300340259339551774, 0.3660573938053732213, -0.2401725980023351747 ) ) ;
#1157 = CARTESIAN_POINT ( 'NONE',  ( 0.4989187465278662748, 0.3728436454884251905, 0.2872125647835723772 ) ) ;
#1158 = CARTESIAN_POINT ( 'NONE',  ( 0.3543515524883912304, 0.4191672338934925302, 0.2725781172986528333 ) ) ;
#1159 = ORIENTED_EDGE ( 'NONE', *, *, #985, .F. ) ;
#1160 = CARTESIAN_POINT ( 'NONE',  ( 0.6348201112546212332, 0.08333333333332962334, -0.3656235161413393664 ) ) ;
#1161 = CARTESIAN_POINT ( 'NONE',  ( 0.4962527327203899996, 0.04274064087723596084, 0.2768118776555360538 ) ) ;
#1162 = CARTESIAN_POINT ( 'NONE',  ( 0.6006784282679360487, 0.2569874763171769994, 0.2734256372113116895 ) ) ;
#1163 = CARTESIAN_POINT ( 'NONE',  ( 0.5000000000000000000, 0.002051784468181595128, -0.2223808685608357483 ) ) ;
#1164 = CARTESIAN_POINT ( 'NONE',  ( 0.4488031626451645661, 0.3914380724172291659, 0.3111038594529204060 ) ) ;
#1165 = VERTEX_POINT ( 'NONE', #1656 ) ;
#1166 = EDGE_CURVE ( 'NONE', #1353, #2214, #1122, .T. ) ;
#1167 = ORIENTED_EDGE ( 'NONE', *, *, #618, .T. ) ;
#1168 = CARTESIAN_POINT ( 'NONE',  ( 0.4326064685153775402, -0.2518219145081899701, -0.5623884090700136396 ) ) ;
#1169 = DIRECTION ( 'NONE',  ( 1.000000000000000000, 0.000000000000000000, 0.000000000000000000 ) ) ;
#1170 = CARTESIAN_POINT ( 'NONE',  ( 0.05969864499770102806, 0.5000000000000001110, 0.04592203461361622080 ) ) ;
#1171 = CARTESIAN_POINT ( 'NONE',  ( 0.4964372333614384680, 0.2740270324603844010, 0.2352835804850794132 ) ) ;
#1172 = CARTESIAN_POINT ( 'NONE',  ( 0.5000000000000000000, -0.3194855331891567340, 0.3846153846153846922 ) ) ;
#1173 = CARTESIAN_POINT ( 'NONE',  ( 0.4962529265993891880, 0.04271114272732093320, -0.2768123464870997363 ) ) ;
#1174 =( BOUNDED_SURFACE ( )  B_SPLINE_SURFACE ( 3, 2, ( 
 ( #378, #1069, #2901 ),
 ( #2671, #632, #2189 ),
 ( #2176, #2684, #842 ),
 ( #2399, #858, #2870 ),
 ( #174, #883, #1329 ),
 ( #2233, #2218, #2883 ),
 ( #391, #1495, #2927 ),
 ( #144, #2641, #1526 ),
 ( #158, #2627, #2204 ),
 ( #1510, #1985, #1540 ),
 ( #1084, #2658, #2428 ),
 ( #2013, #423, #364 ),
 ( #1554, #1054, #1955 ),
 ( #1110, #1741, #1300 ) ),
 .UNSPECIFIED., .F., .F., .F. ) 
 B_SPLINE_SURFACE_WITH_KNOTS ( ( 4, 2, 2, 2, 2, 2, 4 ),
 ( 3, 3 ),
 ( 0.000000000000000000, 5.791061879987579404E-05, 0.0001158212375997515881, 0.0001737318563996273686, 0.0002316424751995031762, 0.0003474637127992547371, 0.0004632849503990063523 ),
 ( 0.000000000000000000, 1.000000000000000000 ),
 .UNSPECIFIED. ) 
 GEOMETRIC_REPRESENTATION_ITEM ( )  RATIONAL_B_SPLINE_SURFACE ( (
 ( 1.000000000000000000, 0.7544360362902186035, 1.000000000000000000),
 ( 1.000000000000000000, 0.7547384428148763424, 1.000000000000000000),
 ( 1.000000000000000000, 0.7603098750019550156, 1.000000000000000000),
 ( 1.000000000000000000, 0.7795855049741291509, 1.000000000000000000),
 ( 1.000000000000000000, 0.7932030626576539456, 1.000000000000000000),
 ( 1.000000000000000000, 0.8234781534870817543, 1.000000000000000000),
 ( 1.000000000000000000, 0.8403755012088612864, 1.000000000000000000),
 ( 1.000000000000000000, 0.8731733171158583273, 1.000000000000000000),
 ( 1.000000000000000000, 0.8892845622809982808, 1.000000000000000000),
 ( 1.000000000000000000, 0.9344339844477921320, 1.000000000000000000),
 ( 1.000000000000000000, 0.9586904356826446705, 1.000000000000000000),
 ( 1.000000000000000000, 0.9916125076096096169, 1.000000000000000000),
 ( 1.000000000000000000, 1.000047313991965670, 1.000000000000000000),
 ( 1.000000000000000000, 1.000000000000000000, 1.000000000000000000) ) ) 
 REPRESENTATION_ITEM ( '' )  SURFACE ( )  );
#1175 = CARTESIAN_POINT ( 'NONE',  ( 1.250000000000000000, 0.000000000000000000, 0.4274999999999999911 ) ) ;
#1176 = CARTESIAN_POINT ( 'NONE',  ( 0.5000000000000000000, 0.02348876230292080633, 0.2930817636138540738 ) ) ;
#1177 = AXIS2_PLACEMENT_3D ( 'NONE', #1195, #1875, #2793 ) ;
#1178 = CARTESIAN_POINT ( 'NONE',  ( 0.4527831682222217546, 0.001101852138982451152, 0.2069365317889155786 ) ) ;
#1179 = CIRCLE ( 'NONE', #1558, 0.2000000000000000111 ) ;
#1180 = CARTESIAN_POINT ( 'NONE',  ( 0.4537598228026339386, 0.4414657197781167164, 0.2466504490438934383 ) ) ;
#1181 = ORIENTED_EDGE ( 'NONE', *, *, #2811, .F. ) ;
#1182 = CIRCLE ( 'NONE', #559, 0.01999999999999997960 ) ;
#1183 = EDGE_CURVE ( 'NONE', #2024, #1693, #2184, .T. ) ;
#1184 = CARTESIAN_POINT ( 'NONE',  ( 0.5000000000000000000, 0.3346578554100518854, -0.2092478842505126613 ) ) ;
#1185 = CARTESIAN_POINT ( 'NONE',  ( 0.2615639171954743381, -0.4306088727662254478, -0.2615639171954403652 ) ) ;
#1186 = CARTESIAN_POINT ( 'NONE',  ( 0.4699999999999999734, 0.3482521402222504281, -0.2479449471770336921 ) ) ;
#1187 = CARTESIAN_POINT ( 'NONE',  ( 0.4188394700921552749, 0.3978884715085101997, -0.3028263191772002649 ) ) ;
#1188 = CARTESIAN_POINT ( 'NONE',  ( 0.4908015706954651503, 0.1349219993677844565, 0.2668863679433070013 ) ) ;
#1189 = VERTEX_POINT ( 'NONE', #764 ) ;
#1190 = CARTESIAN_POINT ( 'NONE',  ( 0.5259931182833778029, 0.02958272116313868938, -0.3749466761724815633 ) ) ;
#1191 = CARTESIAN_POINT ( 'NONE',  ( 0.6360033506544482407, 0.06999088092913358095, 0.3684260248290741613 ) ) ;
#1192 = CARTESIAN_POINT ( 'NONE',  ( 0.4508086320904094446, 3.300508218728537770E-17, 0.1971985620215506441 ) ) ;
#1193 = ORIENTED_EDGE ( 'NONE', *, *, #2308, .T. ) ;
#1194 = CARTESIAN_POINT ( 'NONE',  ( 0.4710382031969630456, 0.2166459171274648376, -0.2488956228873349663 ) ) ;
#1195 = CARTESIAN_POINT ( 'NONE',  ( 0.4499999999999999556, 0.5000000000000000000, 0.2958039891549807954 ) ) ;
#1196 = ORIENTED_EDGE ( 'NONE', *, *, #1437, .T. ) ;
#1197 = DIRECTION ( 'NONE',  ( 0.000000000000000000, 0.000000000000000000, -1.000000000000000000 ) ) ;
#1198 = CARTESIAN_POINT ( 'NONE',  ( 0.4927975475294444907, 0.1190009307112751685, 0.2697761897389666097 ) ) ;
#1199 = EDGE_CURVE ( 'NONE', #1121, #643, #1555, .T. ) ;
#1200 = DIRECTION ( 'NONE',  ( 0.000000000000000000, -0.7065207694280020156, -0.7076923076923077316 ) ) ;
#1201 = CARTESIAN_POINT ( 'NONE',  ( 0.4700000000004023182, 0.2285927918658399727, -0.2479449471770336921 ) ) ;
#1202 = CARTESIAN_POINT ( 'NONE',  ( 0.3395235753580765348, 0.4255569128794080003, 0.2627521485358738085 ) ) ;
#1203 = EDGE_CURVE ( 'NONE', #1394, #2849, #2648, .T. ) ;
#1204 = CARTESIAN_POINT ( 'NONE',  ( 0.6350112260100814199, 0.07995391134854476500, -0.3663937578963121777 ) ) ;
#1205 = CARTESIAN_POINT ( 'NONE',  ( 0.4499999999999999556, 0.5000000000000000000, -0.2958039891549807954 ) ) ;
#1206 = CARTESIAN_POINT ( 'NONE',  ( 0.5000000000000000000, 0.05000000000000002359, 0.2958039891549807399 ) ) ;
#1207 = CARTESIAN_POINT ( 'NONE',  ( -0.5000393700787402196, 0.000000000000000000, 0.000000000000000000 ) ) ;
#1208 = CARTESIAN_POINT ( 'NONE',  ( 0.4771514267242401020, 0.2580839297533041865, 0.4519155193950499250 ) ) ;
#1209 = CARTESIAN_POINT ( 'NONE',  ( -0.5000393700787402196, 0.000000000000000000, 0.000000000000000000 ) ) ;
#1210 = DIRECTION ( 'NONE',  ( 0.000000000000000000, -1.000000000000000000, 0.000000000000000000 ) ) ;
#1211 = CARTESIAN_POINT ( 'NONE',  ( 0.5000000000000000000, 0.3278460744626004453, -0.2179449471770336932 ) ) ;
#1212 = CARTESIAN_POINT ( 'NONE',  ( 0.4622143893745654375, 0.2067405692461084799, -0.2471943453384997103 ) ) ;
#1213 = FACE_OUTER_BOUND ( 'NONE', #909, .T. ) ;
#1214 = CARTESIAN_POINT ( 'NONE',  ( 0.2500123403087597951, 0.4599909754797049666, 0.01899904692218100377 ) ) ;
#1215 = CARTESIAN_POINT ( 'NONE',  ( 0.4991820847729732669, -0.03051481666754958175, 0.2373758171348279711 ) ) ;
#1216 = CARTESIAN_POINT ( 'NONE',  ( 0.5000000000000000000, -0.04999999999999995420, 0.1936491673103708511 ) ) ;
#1217 = ORIENTED_EDGE ( 'NONE', *, *, #544, .F. ) ;
#1218 = CARTESIAN_POINT ( 'NONE',  ( 0.4583333333333333148, 0.05000000000000000971, 0.2465033242958173110 ) ) ;
#1219 = VECTOR ( 'NONE', #1137, 39.37007874015748143 ) ;
#1220 = CARTESIAN_POINT ( 'NONE',  ( 0.4134119778977634052, 0.3708098467469223558, 0.2346918816665866103 ) ) ;
#1221 = CARTESIAN_POINT ( 'NONE',  ( 0.2099943190066337617, 0.5000038929298965540, -0.01140130393408280741 ) ) ;
#1222 = CARTESIAN_POINT ( 'NONE',  ( 0.5000000000000000000, 0.3645715524343289271, 0.2805130712740912524 ) ) ;
#1223 = CIRCLE ( 'NONE', #515, 0.03000000000000001971 ) ;
#1224 = CARTESIAN_POINT ( 'NONE',  ( 0.4606131654433293643, 0.2072730129983781922, -0.2468886862573832774 ) ) ;
#1225 =( NAMED_UNIT ( * ) SI_UNIT ( $, .STERADIAN. ) SOLID_ANGLE_UNIT ( ) );
#1226 =( GEOMETRIC_REPRESENTATION_CONTEXT ( 3 ) GLOBAL_UNCERTAINTY_ASSIGNED_CONTEXT ( ( #2607 ) ) GLOBAL_UNIT_ASSIGNED_CONTEXT ( ( #1713, #1699, #1225 ) ) REPRESENTATION_CONTEXT ( 'NONE', 'WORKASPACE' ) );
#1227 = CARTESIAN_POINT ( 'NONE',  ( 0.6456093708082836224, -1.472666362880149497E-16, -0.3750000000000000555 ) ) ;
#1228 = CARTESIAN_POINT ( 'NONE',  ( 0.4068245479556655830, -0.2916443388934273906, 0.5288719123423640811 ) ) ;
#1229 = CARTESIAN_POINT ( 'NONE',  ( 0.4553101214981828959, 0.3606778033991797638, -0.2461344570904328288 ) ) ;
#1230 = FACE_OUTER_BOUND ( 'NONE', #2934, .T. ) ;
#1231 = CARTESIAN_POINT ( 'NONE',  ( 0.4902280820091718394, 0.1393170522355023366, -0.2660725829064190529 ) ) ;
#1232 = CARTESIAN_POINT ( 'NONE',  ( 0.5214105369334639528, 0.3121399140899571711, -0.2056434467844740765 ) ) ;
#1233 = EDGE_CURVE ( 'NONE', #592, #1031, #2613, .T. ) ;
#1234 = CARTESIAN_POINT ( 'NONE',  ( 0.4774367227599860541, 0.3474875943768449549, 0.2490159323034408789 ) ) ;
#1235 = CARTESIAN_POINT ( 'NONE',  ( 0.2464253786691775194, 0.4760083471056600346, -0.1533637141091707679 ) ) ;
#1236 = CARTESIAN_POINT ( 'NONE',  ( 0.4668565009546520317, 0.2193853478449492300, 0.2477951231637018914 ) ) ;
#1237 = ORIENTED_EDGE ( 'NONE', *, *, #886, .F. ) ;
#1238 = CARTESIAN_POINT ( 'NONE',  ( 0.4958781638354551879, 0.06387166119703700795, 0.2759061080342027905 ) ) ;
#1239 = DATE_TIME_ROLE ( 'creation_date' ) ;
#1240 = CARTESIAN_POINT ( 'NONE',  ( 0.3846153846153845812, -0.3194855331891567340, 0.5000000000000000000 ) ) ;
#1241 = CARTESIAN_POINT ( 'NONE',  ( 0.3613447680467310463, -0.3463994685810303786, 0.4697481984607583261 ) ) ;
#1242 = CARTESIAN_POINT ( 'NONE',  ( -6.829619984160658046E-17, -0.5000000000000000000, -6.829619984160658046E-17 ) ) ;
#1243 = CARTESIAN_POINT ( 'NONE',  ( 0.3846153846153845812, 0.3194855331891567340, 0.5000000000000000000 ) ) ;
#1244 = DIRECTION ( 'NONE',  ( -1.000000000000000000, 0.000000000000000000, 0.000000000000000000 ) ) ;
#1245 = VERTEX_POINT ( 'NONE', #1294 ) ;
#1246 = DIRECTION ( 'NONE',  ( 1.000000000000000000, 0.000000000000000000, 0.000000000000000000 ) ) ;
#1247 = CARTESIAN_POINT ( 'NONE',  ( 0.5000000000000001110, 0.3299505947675241413, 0.2719571049827469444 ) ) ;
#1248 = EDGE_LOOP ( 'NONE', ( #2224, #855 ) ) ;
#1249 = ADVANCED_FACE ( 'NONE', ( #2185 ), #1874, .T. ) ;
#1250 = CARTESIAN_POINT ( 'NONE',  ( 0.2327895418242281467, 0.4847496006425482951, 0.1230066247900171439 ) ) ;
#1251 = CARTESIAN_POINT ( 'NONE',  ( 0.000000000000000000, 0.000000000000000000, 0.5000000000000000000 ) ) ;
#1252 = ORIENTED_EDGE ( 'NONE', *, *, #730, .F. ) ;
#1253 = CARTESIAN_POINT ( 'NONE',  ( 0.6166562508773084650, 0.2136627656283588972, -0.3085037219085712268 ) ) ;
#1254 = PERSON_AND_ORGANIZATION ( #511, #233 ) ;
#1255 = CYLINDRICAL_SURFACE ( 'NONE', #1696, 0.2500000000000000000 ) ;
#1256 = CARTESIAN_POINT ( 'NONE',  ( 0.4591289382141975906, -0.2061659240337213594, 0.4591289382142598186 ) ) ;
#1257 = CARTESIAN_POINT ( 'NONE',  ( 0.4962691847521877309, 0.04023787136368550676, -0.2768516613941502946 ) ) ;
#1258 = CARTESIAN_POINT ( 'NONE',  ( 0.6348201112546311142, 0.08333333333333348136, -0.3656235161413385892 ) ) ;
#1259 = CARTESIAN_POINT ( 'NONE',  ( 0.4849474951496051123, 0.1659052765281681108, -0.2599298636525128603 ) ) ;
#1260 = CARTESIAN_POINT ( 'NONE',  ( 0.4983183438383736452, -0.01981241457783239693, 0.2476519725404602579 ) ) ;
#1261 = CARTESIAN_POINT ( 'NONE',  ( 0.5000000000000001110, 0.2951343550827965623, 0.4021513207187208394 ) ) ;
#1262 = CIRCLE ( 'NONE', #225, 0.1300000000000000044 ) ;
#1263 = CARTESIAN_POINT ( 'NONE',  ( 0.2332760554799658270, 0.4844325239316972787, -0.1242511471930036471 ) ) ;
#1264 = FACE_OUTER_BOUND ( 'NONE', #347, .T. ) ;
#1265 = ORIENTED_EDGE ( 'NONE', *, *, #1923, .T. ) ;
#1266 = DIRECTION ( 'NONE',  ( 0.000000000000000000, -0.6166104526590958645, 0.7872684101826677994 ) ) ;
#1267 = CIRCLE ( 'NONE', #986, 0.3750000000000000555 ) ;
#1268 = PERSON_AND_ORGANIZATION ( #511, #233 ) ;
#1269 = EDGE_CURVE ( 'NONE', #26, #1097, #1827, .T. ) ;
#1270 = CARTESIAN_POINT ( 'NONE',  ( 0.3444854696009451711, -0.3631699250513811261, 0.4478311104812571219 ) ) ;
#1271 = CARTESIAN_POINT ( 'NONE',  ( 0.4983141271416967055, -0.01975966630193929166, -0.2477004615291500955 ) ) ;
#1272 = TOROIDAL_SURFACE ( 'NONE', #1788, 0.4600000000000000200, 0.04000000000000000083 ) ;
#1273 = CIRCLE ( 'NONE', #2805, 0.3750000000000000555 ) ;
#1274 = CARTESIAN_POINT ( 'NONE',  ( 0.5203173221120753755, 0.007303417301057610680, 0.3761846020220125930 ) ) ;
#1275 = APPROVAL_PERSON_ORGANIZATION ( #1268, #925, #2589 ) ;
#1276 = CARTESIAN_POINT ( 'NONE',  ( 0.3119471385711670153, 0.4386564902204660443, 0.2399593373625256709 ) ) ;
#1277 = ORIENTED_EDGE ( 'NONE', *, *, #1057, .T. ) ;
#1278 = CARTESIAN_POINT ( 'NONE',  ( 1.250000000000000000, 0.000000000000000000, 0.000000000000000000 ) ) ;
#1279 = DIRECTION ( 'NONE',  ( -1.115825695746418650E-13, 0.9782840528547108727, 0.2072686950076187418 ) ) ;
#1280 = CARTESIAN_POINT ( 'NONE',  ( 0.2628099394878821160, 0.4937999822242583048, -0.07997237033009091389 ) ) ;
#1281 = CARTESIAN_POINT ( 'NONE',  ( 0.4727472570967777843, 0.3969252699749384883, 0.2736833398980983434 ) ) ;
#1282 = ORIENTED_EDGE ( 'NONE', *, *, #294, .F. ) ;
#1283 = DIRECTION ( 'NONE',  ( 0.000000000000000000, 0.000000000000000000, 1.000000000000000000 ) ) ;
#1284 =( BOUNDED_CURVE ( )  B_SPLINE_CURVE ( 3, ( #1781, #2714, #1153, #677 ),
 .UNSPECIFIED., .F., .F. ) 
 B_SPLINE_CURVE_WITH_KNOTS ( ( 4, 4 ),
 ( 5.288964446915417561, 5.498615546527996223 ),
 .UNSPECIFIED. ) 
 CURVE ( )  GEOMETRIC_REPRESENTATION_ITEM ( )  RATIONAL_B_SPLINE_CURVE ( ( 1.000000000000000000, 0.9963405541644517749, 0.9963405541644517749, 1.000000000000000000 ) ) 
 REPRESENTATION_ITEM ( '' )  );
#1285 = CARTESIAN_POINT ( 'NONE',  ( 0.6356021552836406130, 0.06950463274350231202, -0.3687753695231482665 ) ) ;
#1286 = CARTESIAN_POINT ( 'NONE',  ( -1.213864479283684172E-16, -0.5000000000000001110, 1.056257864264592206E-16 ) ) ;
#1287 = CARTESIAN_POINT ( 'NONE',  ( 0.4641734469096421289, 0.3593298979312894992, -0.2475866395044616919 ) ) ;
#1288 = CARTESIAN_POINT ( 'NONE',  ( 0.4890609633989034810, 0.1469406096197635736, -0.2645287606030770067 ) ) ;
#1289 = ADVANCED_FACE ( 'NONE', ( #2634 ), #342, .T. ) ;
#1290 = CARTESIAN_POINT ( 'NONE',  ( 0.5000000000000000000, 0.3346581469762164862, -0.2092475119085975555 ) ) ;
#1291 = ORIENTED_EDGE ( 'NONE', *, *, #2375, .T. ) ;
#1292 = CARTESIAN_POINT ( 'NONE',  ( 0.5200000000000000178, 0.3278460744626004453, -0.2179449471770336377 ) ) ;
#1293 = ORIENTED_EDGE ( 'NONE', *, *, #2339, .F. ) ;
#1294 = CARTESIAN_POINT ( 'NONE',  ( 0.5000000000000000000, 0.3278460744626004453, 0.2179449471770336932 ) ) ;
#1295 = CARTESIAN_POINT ( 'NONE',  ( 0.2637629080877894605, 0.4653397671653567436, -0.1831681283454261178 ) ) ;
#1296 = DIRECTION ( 'NONE',  ( 0.000000000000000000, 1.000000000000000000, 0.000000000000000000 ) ) ;
#1297 = EDGE_LOOP ( 'NONE', ( #889, #2494, #2663, #566 ) ) ;
#1298 = CARTESIAN_POINT ( 'NONE',  ( 0.1300000000000000044, 1.592040838891559342E-17, 0.5000000000000000000 ) ) ;
#1299 = B_SPLINE_CURVE_WITH_KNOTS ( 'NONE', 3,
 ( #2116, #719, #2778, #2294 ),
 .UNSPECIFIED., .F., .F.,
 ( 4, 4 ),
 ( 0.000000000000000000, 0.005972701903188231201 ),
 .UNSPECIFIED. ) ;
#1300 = CARTESIAN_POINT ( 'NONE',  ( 0.4599999999999961897, 0.3905487874613411403, 0.3122044916596753983 ) ) ;
#1301 = CARTESIAN_POINT ( 'NONE',  ( 0.5204220729540616208, 0.3237533239631404380, 0.1894947126301151086 ) ) ;
#1302 = CARTESIAN_POINT ( 'NONE',  ( 0.5000000000000001110, 0.3670158974625301607, -0.2824043265049097085 ) ) ;
#1303 = CARTESIAN_POINT ( 'NONE',  ( 0.5548366827097939158, 0.3118242490450636173, -0.2085557262806988776 ) ) ;
#1304 = CARTESIAN_POINT ( 'NONE',  ( 0.4758245207756299777, 0.2927217260207876093, 0.2508371297823831503 ) ) ;
#1305 = CARTESIAN_POINT ( 'NONE',  ( 0.4756950913684396820, 0.2229696802180138049, 0.2495038437261596909 ) ) ;
#1306 = EDGE_CURVE ( 'NONE', #1761, #1131, #510, .T. ) ;
#1307 = ORIENTED_EDGE ( 'NONE', *, *, #1306, .T. ) ;
#1308 = DIRECTION ( 'NONE',  ( -0.000000000000000000, -0.000000000000000000, -1.000000000000000000 ) ) ;
#1309 = CARTESIAN_POINT ( 'NONE',  ( 0.3052195413677245561, 0.4753178082924159886, -0.1577330029519615484 ) ) ;
#1310 = CARTESIAN_POINT ( 'NONE',  ( 0.4659090909090908839, 0.3484514888512382780, 0.2476647127011745997 ) ) ;
#1311 = ORIENTED_EDGE ( 'NONE', *, *, #2635, .T. ) ;
#1312 = CARTESIAN_POINT ( 'NONE',  ( 0.1511718946786849149, 0.5000000000000002220, 0.1965234630822904061 ) ) ;
#1313 = CARTESIAN_POINT ( 'NONE',  ( 0.6348201112546305591, 0.08333333333333332871, -0.3656235161413384782 ) ) ;
#1314 = CARTESIAN_POINT ( 'NONE',  ( 0.4687552393968714703, 0.1810781446445242360, -0.4687552393968718034 ) ) ;
#1315 = CARTESIAN_POINT ( 'NONE',  ( 0.4999782276676136283, 0.3845236835873822034, -0.2630003907726288781 ) ) ;
#1316 = CARTESIAN_POINT ( 'NONE',  ( 0.5637500239275761160, 0.3052076175817847181, -0.2182907712349227702 ) ) ;
#1317 = CARTESIAN_POINT ( 'NONE',  ( 0.5143703243421707816, 0.2508783204527477717, 0.2849487269772431608 ) ) ;
#1318 = ORIENTED_EDGE ( 'NONE', *, *, #2563, .T. ) ;
#1319 = AXIS2_PLACEMENT_3D ( 'NONE', #1717, #2180, #1469 ) ;
#1320 = CARTESIAN_POINT ( 'NONE',  ( 0.4700000000004023182, 0.2285927918658399727, -0.2479449471770336921 ) ) ;
#1321 = LOCAL_TIME ( 17, 50, 51.00000000000000000, #334 ) ;
#1322 = ORIENTED_EDGE ( 'NONE', *, *, #1721, .F. ) ;
#1323 = CARTESIAN_POINT ( 'NONE',  ( 0.4220988048922481028, 0.3971253586360334320, -0.3038111430026712023 ) ) ;
#1324 = ADVANCED_FACE ( 'NONE', ( #1061 ), #1962, .F. ) ;
#1325 = CARTESIAN_POINT ( 'NONE',  ( 0.2607457813786905332, 0.4522368099762740790, 0.07307691421705453383 ) ) ;
#1326 = CARTESIAN_POINT ( 'NONE',  ( 0.4683404691136612841, 0.3482136138643616707, 0.2479993905502456963 ) ) ;
#1327 = EDGE_CURVE ( 'NONE', #2396, #1886, #2502, .T. ) ;
#1328 = ORIENTED_EDGE ( 'NONE', *, *, #2030, .F. ) ;
#1329 = CARTESIAN_POINT ( 'NONE',  ( 0.4972988950845148026, 0.3758520303504005455, 0.2900030715207923548 ) ) ;
#1330 = CARTESIAN_POINT ( 'NONE',  ( 0.3009098389586670752, 0.4019476545508260390, -0.3911827906461727844 ) ) ;
#1331 = B_SPLINE_CURVE_WITH_KNOTS ( 'NONE', 3,
 ( #2888, #1690, #1500, #2404, #563, #806, #1707, #369 ),
 .UNSPECIFIED., .F., .F.,
 ( 4, 2, 2, 4 ),
 ( 0.0001038573330857177584, 0.0004301485241121375219, 0.0007564397151385573396, 0.001409022097191399252 ),
 .UNSPECIFIED. ) ;
#1332 = CARTESIAN_POINT ( 'NONE',  ( 0.4982963603425456522, 0.3737777097105820512, -0.2881144859565553662 ) ) ;
#1333 = CARTESIAN_POINT ( 'NONE',  ( 0.4082657402474147434, 0.4459179784784428890, -0.2341318007868220530 ) ) ;
#1334 = CARTESIAN_POINT ( 'NONE',  ( 0.4864710253571677967, 0.2861255029163649599, 0.2563704631339740470 ) ) ;
#1335 = VERTEX_POINT ( 'NONE', #1520 ) ;
#1336 = CARTESIAN_POINT ( 'NONE',  ( 1.250000000000000000, 4.592425496802573602E-17, -0.3750000000000000555 ) ) ;
#1337 = B_SPLINE_CURVE_WITH_KNOTS ( 'NONE', 3,
 ( #1227, #2133, #814, #2611 ),
 .UNSPECIFIED., .F., .F.,
 ( 4, 4 ),
 ( 0.002154503994365061965, 0.004162019736654675069 ),
 .UNSPECIFIED. ) ;
#1338 = ORIENTED_EDGE ( 'NONE', *, *, #691, .F. ) ;
#1339 = CARTESIAN_POINT ( 'NONE',  ( 0.3395235753583267790, 0.4255569128793330047, -0.2627521485359637365 ) ) ;
#1340 = DIRECTION ( 'NONE',  ( -1.000000000000000000, -0.000000000000000000, -0.000000000000000000 ) ) ;
#1341 = ORIENTED_EDGE ( 'NONE', *, *, #2097, .T. ) ;
#1342 = DATE_AND_TIME ( #899, #1845 ) ;
#1343 = EDGE_CURVE ( 'NONE', #1097, #660, #2421, .T. ) ;
#1344 = CARTESIAN_POINT ( 'NONE',  ( 0.5000000000000001110, 0.2375608866462126101, -0.4561388721059290163 ) ) ;
#1345 = FACE_OUTER_BOUND ( 'NONE', #608, .T. ) ;
#1346 = CARTESIAN_POINT ( 'NONE',  ( 0.4724762478797670529, 0.3954943195473567541, -0.2733972422763518706 ) ) ;
#1347 = CARTESIAN_POINT ( 'NONE',  ( 0.3714639287896188136, 0.4121421226897380441, -0.2833812458119123190 ) ) ;
#1348 = CARTESIAN_POINT ( 'NONE',  ( 0.5000000000000000000, 0.3174294989766980324, 0.1973370496554952003 ) ) ;
#1349 = ORIENTED_EDGE ( 'NONE', *, *, #1904, .T. ) ;
#1350 = CARTESIAN_POINT ( 'NONE',  ( 0.5000000000000001110, 0.3204993209064521120, -0.2235730064814553664 ) ) ;
#1351 = VERTEX_POINT ( 'NONE', #1678 ) ;
#1352 = DIRECTION ( 'NONE',  ( -0.000000000000000000, -0.000000000000000000, -1.000000000000000000 ) ) ;
#1353 = VERTEX_POINT ( 'NONE', #1461 ) ;
#1354 = CARTESIAN_POINT ( 'NONE',  ( 0.4964254767383401434, 0.2739981281918869027, -0.2352984934199855160 ) ) ;
#1355 = ORIENTED_EDGE ( 'NONE', *, *, #2876, .F. ) ;
#1356 = CARTESIAN_POINT ( 'NONE',  ( 0.5000000000000000000, 0.3249995539368810138, 0.3255384615384614988 ) ) ;
#1357 = CARTESIAN_POINT ( 'NONE',  ( 0.4380737577893299983, -0.2479128009886961137, -0.4380737577892702683 ) ) ;
#1358 = ADVANCED_FACE ( 'NONE', ( #1749, #1535 ), #2908, .F. ) ;
#1359 = CARTESIAN_POINT ( 'NONE',  ( 0.4699999999999999734, 0.5000000000000000000, 0.2783882181415010537 ) ) ;
#1360 =( BOUNDED_CURVE ( )  B_SPLINE_CURVE ( 3, ( #1898, #2856, #2355, #816 ),
 .UNSPECIFIED., .F., .F. ) 
 B_SPLINE_CURVE_WITH_KNOTS ( ( 4, 4 ),
 ( 4.712388980384689674, 5.590025399602832401 ),
 .UNSPECIFIED. ) 
 CURVE ( )  GEOMETRIC_REPRESENTATION_ITEM ( )  RATIONAL_B_SPLINE_CURVE ( ( 1.000000000000000000, 0.9368362683125379675, 0.9368362683125379675, 1.000000000000000000 ) ) 
 REPRESENTATION_ITEM ( '' )  );
#1361 = AXIS2_PLACEMENT_3D ( 'NONE', #1077, #2836, #2406 ) ;
#1362 = CARTESIAN_POINT ( 'NONE',  ( 0.4239175183891570331, 0.2661223396258273199, 0.5510927739059100494 ) ) ;
#1363 = CARTESIAN_POINT ( 'NONE',  ( 0.4912643028836433112, 0.2617952714880408815, 0.2411702582191304067 ) ) ;
#1364 = CARTESIAN_POINT ( 'NONE',  ( 0.4499999999999999556, 0.000000000000000000, 0.000000000000000000 ) ) ;
#1365 = ORIENTED_EDGE ( 'NONE', *, *, #1001, .T. ) ;
#1366 = CARTESIAN_POINT ( 'NONE',  ( 0.4729755090758409053, 0.2372779889509725459, -0.2479449471769938074 ) ) ;
#1367 = FACE_OUTER_BOUND ( 'NONE', #649, .T. ) ;
#1368 = ORIENTED_EDGE ( 'NONE', *, *, #1166, .T. ) ;
#1369 = CARTESIAN_POINT ( 'NONE',  ( 0.5000000000000056621, 0.02138724742421194494, -0.2451130396621978291 ) ) ;
#1370 = CIRCLE ( 'NONE', #1134, 0.01999999999999999348 ) ;
#1371 = CARTESIAN_POINT ( 'NONE',  ( 1.250000000000000000, 0.000000000000000000, 0.3750000000000000555 ) ) ;
#1372 = ORIENTED_EDGE ( 'NONE', *, *, #2931, .F. ) ;
#1373 = CARTESIAN_POINT ( 'NONE',  ( 0.5204201905934024985, 0.3237747628812813749, -0.1894557432329403157 ) ) ;
#1374 = CARTESIAN_POINT ( 'NONE',  ( 0.4697481984607256855, -0.3463994685810308782, -0.3613447680467307688 ) ) ;
#1375 = CARTESIAN_POINT ( 'NONE',  ( 0.000000000000000000, 0.5000000000000000000, 0.000000000000000000 ) ) ;
#1376 = CARTESIAN_POINT ( 'NONE',  ( 0.4983630296924253522, 0.3218154810469863181, 0.3833561766864972409 ) ) ;
#1377 = CARTESIAN_POINT ( 'NONE',  ( 0.4741401658164327571, 0.3759717833198510384, 0.2516760042381762652 ) ) ;
#1378 = CARTESIAN_POINT ( 'NONE',  ( 0.5295593048842766049, 0.1963898005867406316, 0.3214951632426904515 ) ) ;
#1379 = EDGE_LOOP ( 'NONE', ( #430, #1947, #1901 ) ) ;
#1380 = CARTESIAN_POINT ( 'NONE',  ( 0.5338324424569327320, 0.07428491577558236914, -0.3676858419031959202 ) ) ;
#1381 =( BOUNDED_SURFACE ( )  B_SPLINE_SURFACE ( 3, 2, ( 
 ( #1835, #1818, #2 ),
 ( #2047, #2131, #2827 ),
 ( #1680, #2032, #2587 ),
 ( #2523, #485, #2080 ),
 ( #2300, #552, #266 ),
 ( #918, #2948, #1802 ),
 ( #2718, #1171, #455 ),
 ( #726, #1363, #1853 ),
 ( #1505, #1479, #2853 ),
 ( #2441, #2896, #2408 ),
 ( #2880, #584, #1490 ),
 ( #629, #2395, #106 ),
 ( #2623, #1951, #140 ),
 ( #599, #2606, #2668 ),
 ( #155, #824, #1236 ),
 ( #810, #359, #374 ) ),
 .UNSPECIFIED., .F., .F., .F. ) 
 B_SPLINE_SURFACE_WITH_KNOTS ( ( 4, 2, 2, 2, 2, 2, 2, 4 ),
 ( 3, 3 ),
 ( 0.000000000000000000, 0.0008939534757913355405, 0.001340930213687003365, 0.001787906951582671081, 0.002681860427374006730, 0.003128837165269674446, 0.003352325534217508521, 0.003575813903165342162 ),
 ( 0.000000000000000000, 1.000000000000000000 ),
 .UNSPECIFIED. ) 
 GEOMETRIC_REPRESENTATION_ITEM ( )  RATIONAL_B_SPLINE_SURFACE ( (
 ( 1.000000000000000000, 0.6817159061246840235, 1.000000000000000000),
 ( 1.000000000000000000, 0.7132625814397276498, 1.000000000000000000),
 ( 1.000000000000000000, 0.7471788987082246258, 1.000000000000000000),
 ( 1.000000000000000000, 0.7955731620984832775, 1.000000000000000000),
 ( 1.000000000000000000, 0.8113356762136806344, 1.000000000000000000),
 ( 1.000000000000000000, 0.8420058332951959601, 1.000000000000000000),
 ( 1.000000000000000000, 0.8569550925769335858, 1.000000000000000000),
 ( 1.000000000000000000, 0.8990339550607172603, 1.000000000000000000),
 ( 1.000000000000000000, 0.9239477762265145833, 1.000000000000000000),
 ( 1.000000000000000000, 0.9557991777900897157, 1.000000000000000000),
 ( 1.000000000000000000, 0.9654215541283507340, 1.000000000000000000),
 ( 1.000000000000000000, 0.9779639914135870304, 1.000000000000000000),
 ( 1.000000000000000000, 0.9818353697539458080, 1.000000000000000000),
 ( 1.000000000000000000, 0.9888564437871291135, 1.000000000000000000),
 ( 1.000000000000000000, 0.9920080812521415714, 1.000000000000000000),
 ( 1.000000000000000000, 0.9946938992868682439, 1.000000000000000000) ) ) 
 REPRESENTATION_ITEM ( '' )  SURFACE ( )  );
#1382 = ADVANCED_FACE ( 'NONE', ( #2724 ), #1770, .T. ) ;
#1383 = CARTESIAN_POINT ( 'NONE',  ( 0.4741504239712230895, 0.3829424031647557514, -0.2571617153327540595 ) ) ;
#1384 = CARTESIAN_POINT ( 'NONE',  ( 0.6329895603330810694, 0.1113439363028724122, 0.3583787231423098407 ) ) ;
#1385 = ORIENTED_EDGE ( 'NONE', *, *, #2015, .F. ) ;
#1386 = CARTESIAN_POINT ( 'NONE',  ( 0.5000000000000000000, -0.01660802080510212497, -0.2702895896610469362 ) ) ;
#1387 = CARTESIAN_POINT ( 'NONE',  ( 0.4078528270435665126, 0.4462354768687297746, 0.2334257770082326378 ) ) ;
#1388 = ORIENTED_EDGE ( 'NONE', *, *, #2192, .T. ) ;
#1389 = FACE_OUTER_BOUND ( 'NONE', #276, .T. ) ;
#1390 = CARTESIAN_POINT ( 'NONE',  ( 0.5000000000000000000, 0.3249995539368810138, -0.3255384615384615543 ) ) ;
#1391 = CARTESIAN_POINT ( 'NONE',  ( 1.250000000000000000, 0.000000000000000000, 0.3750000000000000555 ) ) ;
#1392 = CARTESIAN_POINT ( 'NONE',  ( 0.4386803451025204081, 0.3639512408851076630, -0.2425266991088948498 ) ) ;
#1393 = CARTESIAN_POINT ( 'NONE',  ( 0.4600000000000000200, 0.3905487874613408628, 0.3122044916596754538 ) ) ;
#1394 = VERTEX_POINT ( 'NONE', #2937 ) ;
#1395 = CARTESIAN_POINT ( 'NONE',  ( 0.2669231625581112155, 0.4478747916234895321, 0.09087606671009421100 ) ) ;
#1396 = CARTESIAN_POINT ( 'NONE',  ( 0.6352995702539965261, 0.07663052945422105244, 0.3671024668129533319 ) ) ;
#1397 = CARTESIAN_POINT ( 'NONE',  ( 0.4534386548572666431, 0.002475001558722678911, 0.2107959170779861724 ) ) ;
#1398 = DIRECTION ( 'NONE',  ( 0.000000000000000000, 0.000000000000000000, -1.000000000000000000 ) ) ;
#1399 = EDGE_CURVE ( 'NONE', #2952, #1886, #2922, .T. ) ;
#1400 = ADVANCED_FACE ( 'NONE', ( #1367 ), #460, .T. ) ;
#1401 = CARTESIAN_POINT ( 'NONE',  ( 0.4599999999999998535, 0.3532603847140011188, 0.3538461538461538103 ) ) ;
#1402 = ORIENTED_EDGE ( 'NONE', *, *, #470, .T. ) ;
#1403 = DIRECTION ( 'NONE',  ( 0.000000000000000000, 1.598721155460225418E-14, -1.000000000000000000 ) ) ;
#1404 = CARTESIAN_POINT ( 'NONE',  ( 0.4676297858051340905, -0.1853526636296125296, -0.4676297858050772471 ) ) ;
#1405 = DIRECTION ( 'NONE',  ( 0.000000000000000000, 0.000000000000000000, 1.000000000000000000 ) ) ;
#1406 = B_SPLINE_CURVE_WITH_KNOTS ( 'NONE', 3,
 ( #100, #1485, #1946, #1706, #383, #1231, #786, #562, #1259, #1516, #2874, #2820, #2418, #1059 ),
 .UNSPECIFIED., .F., .F.,
 ( 4, 2, 2, 2, 2, 2, 4 ),
 ( 0.000000000000000000, 0.001057710954119127572, 0.002115421908238255145, 0.002644277385297819256, 0.003173132862357383368, 0.003701988339416947479, 0.004230843816476512025 ),
 .UNSPECIFIED. ) ;
#1407 = CARTESIAN_POINT ( 'NONE',  ( -1.213864479283684172E-16, 0.5000000000000001110, -1.056257864264592206E-16 ) ) ;
#1408 = CARTESIAN_POINT ( 'NONE',  ( 0.4732142857140727021, 0.3584207495018281731, 0.2485609090548887012 ) ) ;
#1409 = CARTESIAN_POINT ( 'NONE',  ( 0.3791789811118752573, 0.4508694403857871347, 0.2203233999627773054 ) ) ;
#1410 = VERTEX_POINT ( 'NONE', #1105 ) ;
#1411 = CARTESIAN_POINT ( 'NONE',  ( 0.2966316668195727035, 0.4279309488091866953, -0.1456653789178925795 ) ) ;
#1412 = CARTESIAN_POINT ( 'NONE',  ( 0.5000000000000000000, 0.3606393852575763281, -0.2783882235231360802 ) ) ;
#1413 = CARTESIAN_POINT ( 'NONE',  ( 0.4999999999999942824, 0.002484668313713839834, 0.2223813019149137871 ) ) ;
#1414 = ORIENTED_EDGE ( 'NONE', *, *, #2211, .T. ) ;
#1415 = CARTESIAN_POINT ( 'NONE',  ( 0.4570266121782039503, 0.01861829469193385447, 0.2351755745434257194 ) ) ;
#1416 = AXIS2_PLACEMENT_3D ( 'NONE', #1777, #654, #2467 ) ;
#1417 = EDGE_CURVE ( 'NONE', #1028, #444, #1017, .T. ) ;
#1418 = CARTESIAN_POINT ( 'NONE',  ( 0.3818110412996563729, 0.3824049223766415317, 0.2204631728112080025 ) ) ;
#1419 = ORIENTED_EDGE ( 'NONE', *, *, #2876, .T. ) ;
#1420 = EDGE_CURVE ( 'NONE', #643, #1774, #1446, .T. ) ;
#1421 = CC_DESIGN_APPROVAL ( #925, ( #1452 ) ) ;
#1422 = CARTESIAN_POINT ( 'NONE',  ( 0.3245038725622161890, 0.4107972185944369081, 0.1789136963777112344 ) ) ;
#1423 = CARTESIAN_POINT ( 'NONE',  ( 0.2984197853035610581, -0.4467165101608492894, -0.2295536810027111740 ) ) ;
#1424 = CARTESIAN_POINT ( 'NONE',  ( 0.4672733905926647613, 0.3483180119743312653, -0.2478525077890505190 ) ) ;
#1425 = CARTESIAN_POINT ( 'NONE',  ( 0.4583333333333333148, 0.2022443516585266388, -0.2465033242958173387 ) ) ;
#1426 = CARTESIAN_POINT ( 'NONE',  ( 0.3528166652661948732, 0.4588572334422277299, 0.2030314677538125889 ) ) ;
#1427 = ORIENTED_EDGE ( 'NONE', *, *, #651, .T. ) ;
#1428 = CARTESIAN_POINT ( 'NONE',  ( 0.5202248230453128119, 0.006936747297228729528, -0.3761929751260084664 ) ) ;
#1429 = DIRECTION ( 'NONE',  ( 0.000000000000000000, -0.8761613156780585498, -0.4820179964579058285 ) ) ;
#1430 = CARTESIAN_POINT ( 'NONE',  ( 0.5000000000000000000, 0.03483442887840781932, 0.2518489145989113998 ) ) ;
#1431 = ORIENTED_EDGE ( 'NONE', *, *, #308, .T. ) ;
#1432 = DIRECTION ( 'NONE',  ( 1.000000000000000000, 0.000000000000000000, 0.000000000000000000 ) ) ;
#1433 = CARTESIAN_POINT ( 'NONE',  ( 0.4696751890117468187, 0.3895182579201627027, 0.3134892769248122102 ) ) ;
#1434 = ORIENTED_EDGE ( 'NONE', *, *, #1945, .T. ) ;
#1435 = DIRECTION ( 'NONE',  ( 1.000000000000000000, 0.000000000000000000, 0.000000000000000000 ) ) ;
#1436 = DIRECTION ( 'NONE',  ( 0.000000000000000000, -0.7872684101826672443, -0.6166104526590961976 ) ) ;
#1437 = EDGE_CURVE ( 'NONE', #2530, #1394, #400, .T. ) ;
#1438 = CARTESIAN_POINT ( 'NONE',  ( 0.5664135992356095217, 0.2463538929224960428, 0.4357027686426316326 ) ) ;
#1439 = B_SPLINE_CURVE_WITH_KNOTS ( 'NONE', 3,
 ( #2115, #27, #2320, #2544, #775, #2808, #1902, #1668, #1677, #1625, #2761, #2070, #2559, #971, #1194, #2584 ),
 .UNSPECIFIED., .F., .F.,
 ( 4, 2, 2, 2, 2, 2, 2, 4 ),
 ( 0.000000000000000000, 0.0008047608875224682374, 0.001207141331283701543, 0.001609521775044934957, 0.002414282662567400484, 0.002816663106328632163, 0.003017853328209247135, 0.003219043550089862107 ),
 .UNSPECIFIED. ) ;
#1440 = CARTESIAN_POINT ( 'NONE',  ( 0.4600000000000000200, 0.3905487874613409738, -0.3122044916596754538 ) ) ;
#1441 = CARTESIAN_POINT ( 'NONE',  ( 0.4966069774576255536, 0.01905331899237206611, -0.2716685535426986431 ) ) ;
#1442 = DIRECTION ( 'NONE',  ( 0.000000000000000000, 0.000000000000000000, 1.000000000000000000 ) ) ;
#1443 = CARTESIAN_POINT ( 'NONE',  ( 0.6132304713186023104, 0.2253185968270055850, 0.3000819562660765882 ) ) ;
#1444 = ORIENTED_EDGE ( 'NONE', *, *, #2636, .T. ) ;
#1445 = CARTESIAN_POINT ( 'NONE',  ( 0.5000000000000000000, -0.001563762061577667669, -0.2005131155497308915 ) ) ;
#1446 = B_SPLINE_CURVE_WITH_KNOTS ( 'NONE', 3,
 ( #2022, #686, #894, #1793, #1549, #2498 ),
 .UNSPECIFIED., .F., .F.,
 ( 4, 2, 4 ),
 ( 0.000000000000000000, 0.0009966136737331254217, 0.001993227347466250410 ),
 .UNSPECIFIED. ) ;
#1447 = CARTESIAN_POINT ( 'NONE',  ( 0.5000000000000000000, 0.3628183920165471976, -0.2791338345213107974 ) ) ;
#1448 = ORIENTED_EDGE ( 'NONE', *, *, #2015, .T. ) ;
#1449 = CARTESIAN_POINT ( 'NONE',  ( 0.4683404691136600628, 0.3482136138643618373, -0.2479993905502454743 ) ) ;
#1450 = FACE_OUTER_BOUND ( 'NONE', #389, .T. ) ;
#1451 = DIRECTION ( 'NONE',  ( 0.000000000000000000, 0.000000000000000000, -1.000000000000000000 ) ) ;
#1452 = PRODUCT_DEFINITION ( 'UNKNOWN', '', #42, #1066 ) ;
#1453 = EDGE_CURVE ( 'NONE', #1410, #2049, #2891, .T. ) ;
#1454 = CARTESIAN_POINT ( 'NONE',  ( 0.4741628267196851820, 0.3913697864594382070, -0.2637938645581627828 ) ) ;
#1455 = CARTESIAN_POINT ( 'NONE',  ( 0.4967520511933166683, 0.01215463435223904098, -0.2693347089661108362 ) ) ;
#1456 = CARTESIAN_POINT ( 'NONE',  ( 0.4976843565410823400, -0.01031550826834381693, 0.2554495428335936125 ) ) ;
#1457 = CARTESIAN_POINT ( 'NONE',  ( 0.5420949263425222098, 0.3191533613138047287, 0.1969535422651481349 ) ) ;
#1458 = ORIENTED_EDGE ( 'NONE', *, *, #2951, .T. ) ;
#1459 = CARTESIAN_POINT ( 'NONE',  ( 0.6420992486478612760, 0.02796393078696299966, 0.3742157455340238692 ) ) ;
#1460 = AXIS2_PLACEMENT_3D ( 'NONE', #212, #1120, #2279 ) ;
#1461 = CARTESIAN_POINT ( 'NONE',  ( 0.5000000000000000000, -0.1933073619842588242, -0.5000000000000000000 ) ) ;
#1462 = ORIENTED_EDGE ( 'NONE', *, *, #2097, .F. ) ;
#1463 = CARTESIAN_POINT ( 'NONE',  ( 0.2214712155093389867, 0.4922190983082499471, -0.09071048736430346870 ) ) ;
#1464 = CARTESIAN_POINT ( 'NONE',  ( 0.5000000000000000000, 0.3688036515514537816, 0.2837875557175585373 ) ) ;
#1465 = CARTESIAN_POINT ( 'NONE',  ( 0.4699999999999999734, 0.3584207495018520429, 0.2783882181415010537 ) ) ;
#1466 = CALENDAR_DATE ( 2026, 25, 3 ) ;
#1467 = DIRECTION ( 'NONE',  ( 0.000000000000000000, 0.000000000000000000, 1.000000000000000000 ) ) ;
#1468 = CARTESIAN_POINT ( 'NONE',  ( 0.09487439395533751874, -0.4932031855979420176, 0.1233367121419249729 ) ) ;
#1469 = DIRECTION ( 'NONE',  ( 0.5022360259020987039, 0.000000000000000000, -0.8647305790164162564 ) ) ;
#1470 = CARTESIAN_POINT ( 'NONE',  ( 0.4983871436284098566, -0.02061420425432422196, 0.2467545919429717238 ) ) ;
#1471 = CARTESIAN_POINT ( 'NONE',  ( 0.5000000000000000000, -0.1933073619842588797, 0.5000000000000000000 ) ) ;
#1472 = ORIENTED_EDGE ( 'NONE', *, *, #258, .T. ) ;
#1473 = FACE_OUTER_BOUND ( 'NONE', #2954, .T. ) ;
#1474 = EDGE_CURVE ( 'NONE', #2295, #2486, #1686, .T. ) ;
#1475 = CARTESIAN_POINT ( 'NONE',  ( 0.5000000000000000000, 0.1673394999523187543, 0.5000000000000000000 ) ) ;
#1476 = EDGE_LOOP ( 'NONE', ( #1167, #851, #461 ) ) ;
#1477 =( BOUNDED_SURFACE ( )  B_SPLINE_SURFACE ( 3, 2, ( 
 ( #1408, #2286, #1618 ),
 ( #2770, #1587, #18 ),
 ( #1377, #2510, #2268 ),
 ( #1632, #1906, #2351 ) ),
 .UNSPECIFIED., .F., .F., .F. ) 
 B_SPLINE_SURFACE_WITH_KNOTS ( ( 4, 4 ),
 ( 3, 3 ),
 ( 8.604074381281415316E-05, 0.0002536300319178260440 ),
 ( 0.000000000000000000, 1.000000000000000000 ),
 .UNSPECIFIED. ) 
 GEOMETRIC_REPRESENTATION_ITEM ( )  RATIONAL_B_SPLINE_SURFACE ( (
 ( 1.000000000000000000, 0.7440238091404598464, 1.000000000000000000),
 ( 1.000000000000000000, 0.7505937681666798866, 1.000000000000000000),
 ( 1.000000000000000000, 0.7543515708599186631, 1.000000000000000000),
 ( 1.000000000000000000, 0.7544360362903849149, 1.000000000000000000) ) ) 
 REPRESENTATION_ITEM ( '' )  SURFACE ( )  );
#1478 = CYLINDRICAL_SURFACE ( 'NONE', #1600, 0.5000000000000000000 ) ;
#1479 = CARTESIAN_POINT ( 'NONE',  ( 0.4869970486757346229, 0.2530523504296417481, 0.2441156118976437472 ) ) ;
#1480 = ORIENTED_EDGE ( 'NONE', *, *, #1599, .T. ) ;
#1481 = CARTESIAN_POINT ( 'NONE',  ( 0.6054163288888140260, 0.2465166060318882413, -0.2829234046526020729 ) ) ;
#1482 = CARTESIAN_POINT ( 'NONE',  ( 0.5000000000000000000, 0.000000000000000000, 0.000000000000000000 ) ) ;
#1483 = CARTESIAN_POINT ( 'NONE',  ( 0.4011258794850460219, -0.3941501823545270344, 0.3085583688346560383 ) ) ;
#1484 = CARTESIAN_POINT ( 'NONE',  ( 0.5000000000000000000, 0.000000000000000000, 0.5000000000000000000 ) ) ;
#1485 = CARTESIAN_POINT ( 'NONE',  ( 0.4958781795530189940, 0.06387099416507929783, -0.2759061460418760214 ) ) ;
#1486 = CARTESIAN_POINT ( 'NONE',  ( 0.1300000000000000044, 1.592040838891559342E-17, -0.5000000000000000000 ) ) ;
#1487 = CARTESIAN_POINT ( 'NONE',  ( 0.4999999999999999445, 0.2375608866462308733, 0.4561388721058943774 ) ) ;
#1488 = EDGE_CURVE ( 'NONE', #2092, #2054, #1179, .T. ) ;
#1489 = CARTESIAN_POINT ( 'NONE',  ( 0.2194419423891888488, 0.4935901246571429146, -0.08061420337410844794 ) ) ;
#1490 = CARTESIAN_POINT ( 'NONE',  ( 0.4729783425449275991, 0.2372403807680542598, 0.2478484747107854991 ) ) ;
#1491 = ORIENTED_EDGE ( 'NONE', *, *, #2247, .F. ) ;
#1492 = CARTESIAN_POINT ( 'NONE',  ( 0.5837531338343500131, 0.2844495996662053661, -0.2446911581410530223 ) ) ;
#1493 = CARTESIAN_POINT ( 'NONE',  ( 0.3119471385711670153, 0.4386564902204660443, 0.2399593373625256709 ) ) ;
#1494 =( BOUNDED_SURFACE ( )  B_SPLINE_SURFACE ( 3, 2, ( 
 ( #63, #2517, #1433 ),
 ( #259, #315, #1164 ),
 ( #2762, #1180, #972 ),
 ( #1220, #749, #2129 ),
 ( #1861, #735, #289 ),
 ( #2823, #1387, #2072 ),
 ( #1418, #959, #2307 ),
 ( #2104, #92, #495 ) ),
 .UNSPECIFIED., .F., .F., .F. ) 
 B_SPLINE_SURFACE_WITH_KNOTS ( ( 4, 2, 2, 4 ),
 ( 3, 3 ),
 ( 0.004480597686930900408, 0.006068945378604879287, 0.006863119224441868726, 0.007657293070278859033 ),
 ( 0.000000000000000000, 1.000000000000000000 ),
 .UNSPECIFIED. ) 
 GEOMETRIC_REPRESENTATION_ITEM ( )  RATIONAL_B_SPLINE_SURFACE ( (
 ( 1.000000000000000000, 0.4338540807965421409, 1.000000000000000000),
 ( 1.000000000000000000, 0.4393225859320366578, 1.000000000000000000),
 ( 1.000000000000000000, 0.4501345756233546269, 1.000000000000000000),
 ( 1.000000000000000000, 0.4714793927641218740, 1.000000000000000000),
 ( 1.000000000000000000, 0.4794417736010935238, 1.000000000000000000),
 ( 1.000000000000000000, 0.4961881700687773566, 1.000000000000000000),
 ( 1.000000000000000000, 0.5050181647078137992, 1.000000000000000000),
 ( 1.000000000000000000, 0.5140947060621527953, 1.000000000000000000) ) ) 
 REPRESENTATION_ITEM ( '' )  SURFACE ( )  );
#1495 = CARTESIAN_POINT ( 'NONE',  ( 0.4886057501368445410, 0.3975368163360862850, 0.2859308253891136298 ) ) ;
#1496 = CARTESIAN_POINT ( 'NONE',  ( 0.6456093708083738836, -8.910355468781731768E-13, 0.3750000000000000555 ) ) ;
#1497 = DIRECTION ( 'NONE',  ( 1.000000000000000000, 0.000000000000000000, 0.000000000000000000 ) ) ;
#1498 = CARTESIAN_POINT ( 'NONE',  ( 0.6435485734435977268, 0.01718586055555443998, 0.3746650058815254591 ) ) ;
#1499 = CARTESIAN_POINT ( 'NONE',  ( 0.4981284722311498103, 0.3109214536203556145, 0.2294508916562919276 ) ) ;
#1500 = CARTESIAN_POINT ( 'NONE',  ( 0.4785548137361488319, 0.3489290627941417644, -0.2470003221442579888 ) ) ;
#1501 = DIRECTION ( 'NONE',  ( 0.000000000000000000, -1.000000000000000000, 0.000000000000000000 ) ) ;
#1502 = CC_DESIGN_PERSON_AND_ORGANIZATION_ASSIGNMENT ( #781, #827, ( #118 ) ) ;
#1503 = ADVANCED_FACE ( 'NONE', ( #2039 ), #2504, .F. ) ;
#1504 = CARTESIAN_POINT ( 'NONE',  ( 0.2777348829666051455, 0.4404113824618118289, -0.1147997590456388689 ) ) ;
#1505 = CARTESIAN_POINT ( 'NONE',  ( 0.4935122987311723608, 0.2495818580053798252, 0.2481023145075261782 ) ) ;
#1506 = ORIENTED_EDGE ( 'NONE', *, *, #949, .T. ) ;
#1507 = CARTESIAN_POINT ( 'NONE',  ( 0.4957194568635505671, 0.3374148873766982248, -0.2625264422691334087 ) ) ;
#1508 = VECTOR ( 'NONE', #1340, 39.37007874015748143 ) ;
#1509 = EDGE_CURVE ( 'NONE', #728, #2360, #414, .T. ) ;
#1510 = CARTESIAN_POINT ( 'NONE',  ( 0.4682730920480830394, 0.3988418124755207517, 0.2912330142991432780 ) ) ;
#1511 = CARTESIAN_POINT ( 'NONE',  ( 0.2538903278277855891, 0.4349251975428186645, -0.2538903278278190068 ) ) ;
#1512 = CARTESIAN_POINT ( 'NONE',  ( 0.4977812526166047191, -0.01248905082696532762, -0.2540433074388313006 ) ) ;
#1513 = AXIS2_PLACEMENT_3D ( 'NONE', #98, #2163, #1497 ) ;
#1514 = AXIS2_PLACEMENT_3D ( 'NONE', #1009, #84, #2149 ) ;
#1515 = LINE ( 'NONE', #207, #1935 ) ;
#1516 = CARTESIAN_POINT ( 'NONE',  ( 0.4806012055048664577, 0.1785871675979739392, -0.2561574695164625659 ) ) ;
#1517 = EDGE_LOOP ( 'NONE', ( #2468, #1524, #2483, #736, #1181, #615 ) ) ;
#1518 = DIRECTION ( 'NONE',  ( 0.000000000000000000, 0.000000000000000000, -1.000000000000000000 ) ) ;
#1519 = CARTESIAN_POINT ( 'NONE',  ( 0.4659090909090908839, 0.2168968143385732461, 0.2476647127011746552 ) ) ;
#1520 = CARTESIAN_POINT ( 'NONE',  ( 0.6348201112546304481, 0.08333333333333332871, 0.3656235161413384782 ) ) ;
#1521 = ORIENTED_EDGE ( 'NONE', *, *, #1567, .F. ) ;
#1522 = CARTESIAN_POINT ( 'NONE',  ( 0.2581396055096569775, 0.4541029146938980743, -0.06393540267674971411 ) ) ;
#1523 = CARTESIAN_POINT ( 'NONE',  ( 0.4692660566066773620, 0.2146890653534579418, -0.2485541509955214168 ) ) ;
#1524 = ORIENTED_EDGE ( 'NONE', *, *, #2687, .T. ) ;
#1525 = CARTESIAN_POINT ( 'NONE',  ( 0.4699999999999999734, 0.5000000000000000000, -0.2479449471770336921 ) ) ;
#1526 = CARTESIAN_POINT ( 'NONE',  ( 0.4900772140918677189, 0.3841555047914060883, 0.2985170458528693671 ) ) ;
#1527 = ADVANCED_FACE ( 'NONE', ( #492 ), #1791, .T. ) ;
#1528 = EDGE_CURVE ( 'NONE', #1335, #2333, #1971, .T. ) ;
#1529 = CARTESIAN_POINT ( 'NONE',  ( 0.4824887911398414997, 0.3885890740992514747, -0.3041674046916627017 ) ) ;
#1530 = CARTESIAN_POINT ( 'NONE',  ( 0.5197816635150565023, 0.2380103212138806323, -0.2945199932012530497 ) ) ;
#1531 = CARTESIAN_POINT ( 'NONE',  ( 0.4815215969579492716, 0.1758090945945181560, 0.2569705006634117606 ) ) ;
#1532 = EDGE_LOOP ( 'NONE', ( #1804, #676, #1997, #1936 ) ) ;
#1533 = CARTESIAN_POINT ( 'NONE',  ( 0.4854738908320934132, 0.2716010525921853103, -0.2439198419202263657 ) ) ;
#1534 = ORIENTED_EDGE ( 'NONE', *, *, #489, .T. ) ;
#1535 = FACE_BOUND ( 'NONE', #1792, .T. ) ;
#1536 = CARTESIAN_POINT ( 'NONE',  ( 0.2666395799453161186, 0.4480735142519069458, -0.09015117804425679116 ) ) ;
#1537 = CARTESIAN_POINT ( 'NONE',  ( 0.4600000000000000200, 0.3249995539368810138, -0.3255384615384615543 ) ) ;
#1538 = VERTEX_POINT ( 'NONE', #2402 ) ;
#1539 = CARTESIAN_POINT ( 'NONE',  ( 0.5000000000000000000, 0.03674590474140809748, -0.2951311504974787336 ) ) ;
#1540 = CARTESIAN_POINT ( 'NONE',  ( 0.4824887911398450524, 0.3885890740992484216, 0.3041674046916617580 ) ) ;
#1541 = CARTESIAN_POINT ( 'NONE',  ( 0.2342753775633073243, 0.4686494904590864374, -0.1802118288948639790 ) ) ;
#1542 = CARTESIAN_POINT ( 'NONE',  ( 0.5000000000000001110, 0.3807097275380317281, -0.2599996896882196817 ) ) ;
#1543 = EDGE_CURVE ( 'NONE', #87, #1353, #2645, .T. ) ;
#1544 = CARTESIAN_POINT ( 'NONE',  ( 0.6499999999999999112, 0.000000000000000000, 0.000000000000000000 ) ) ;
#1545 = CARTESIAN_POINT ( 'NONE',  ( 0.5039179330756400343, 0.3335781662685039506, 0.1714601806025443931 ) ) ;
#1546 = ORIENTED_EDGE ( 'NONE', *, *, #597, .T. ) ;
#1547 = CYLINDRICAL_SURFACE ( 'NONE', #1091, 0.05000000000000000971 ) ;
#1548 = ORIENTED_EDGE ( 'NONE', *, *, #294, .T. ) ;
#1549 = CARTESIAN_POINT ( 'NONE',  ( 0.6470375725354654550, -0.01291628067386296590, 0.3749999999999693578 ) ) ;
#1550 = B_SPLINE_CURVE_WITH_KNOTS ( 'NONE', 3,
 ( #150, #832, #1732, #2004 ),
 .UNSPECIFIED., .F., .F.,
 ( 4, 4 ),
 ( 0.000000000000000000, 0.004342920222168592664 ),
 .UNSPECIFIED. ) ;
#1551 = CARTESIAN_POINT ( 'NONE',  ( 0.2500136554464432725, 0.4999932599176217241, 0.02069644836078376321 ) ) ;
#1552 = CARTESIAN_POINT ( 'NONE',  ( 0.4905072649471081125, 0.2858009723069775410, -0.2399542609057171982 ) ) ;
#1553 = VERTEX_POINT ( 'NONE', #1471 ) ;
#1554 = CARTESIAN_POINT ( 'NONE',  ( 0.4617863980661334744, 0.3933300495087029280, 0.3087253023807668972 ) ) ;
#1555 = CIRCLE ( 'NONE', #605, 0.1500000000000000222 ) ;
#1556 = CARTESIAN_POINT ( 'NONE',  ( 0.5200000000000196687, 0.3285604933792873883, 0.1807567486716966376 ) ) ;
#1557 = CARTESIAN_POINT ( 'NONE',  ( 0.4824950323620733617, 0.3980074614685576995, -0.2931588302002332003 ) ) ;
#1558 = AXIS2_PLACEMENT_3D ( 'NONE', #2008, #1565, #2680 ) ;
#1559 = CARTESIAN_POINT ( 'NONE',  ( 0.4815236119352546695, 0.1758061550425834008, -0.2569716971582150511 ) ) ;
#1560 = CARTESIAN_POINT ( 'NONE',  ( 0.4817357349488539664, 0.3372875908982776449, 0.1638965558699636005 ) ) ;
#1561 = ORIENTED_EDGE ( 'NONE', *, *, #1306, .F. ) ;
#1562 = AXIS2_PLACEMENT_3D ( 'NONE', #2596, #113, #996 ) ;
#1563 = CARTESIAN_POINT ( 'NONE',  ( 0.5216878312592209133, 0.3088807300739856432, 0.2098364638214790245 ) ) ;
#1564 = ORIENTED_EDGE ( 'NONE', *, *, #2056, .F. ) ;
#1565 = DIRECTION ( 'NONE',  ( 0.000000000000000000, 1.000000000000000000, 0.000000000000000000 ) ) ;
#1566 = EDGE_CURVE ( 'NONE', #1761, #1538, #1406, .T. ) ;
#1567 = EDGE_CURVE ( 'NONE', #1131, #2092, #838, .T. ) ;
#1568 = CARTESIAN_POINT ( 'NONE',  ( 0.5023691730338368799, 0.3061857739137784362, -0.2101206009490568793 ) ) ;
#1569 = CARTESIAN_POINT ( 'NONE',  ( 0.5000000000000000000, 0.3246358693596537726, -0.3759427605805429895 ) ) ;
#1570 = CARTESIAN_POINT ( 'NONE',  ( 0.1193863378377961054, 0.4936343409672682148, -0.09183564449060037382 ) ) ;
#1571 = CARTESIAN_POINT ( 'NONE',  ( 0.4732055642840470311, 0.3962925355192903343, -0.3022029434871784104 ) ) ;
#1572 =( BOUNDED_CURVE ( )  B_SPLINE_CURVE ( 3, ( #368, #1719, #2631, #1276 ),
 .UNSPECIFIED., .F., .F. ) 
 B_SPLINE_CURVE_WITH_KNOTS ( ( 4, 4 ),
 ( 4.712388980384689674, 5.212950992306067732 ),
 .UNSPECIFIED. ) 
 CURVE ( )  GEOMETRIC_REPRESENTATION_ITEM ( )  RATIONAL_B_SPLINE_CURVE ( ( 1.000000000000000000, 0.9792285743130277886, 0.9792285743130277886, 1.000000000000000000 ) ) 
 REPRESENTATION_ITEM ( '' )  );
#1573 = CARTESIAN_POINT ( 'NONE',  ( 0.4784375059894815374, 0.1831245706539520457, -0.2545966075618167901 ) ) ;
#1574 = CARTESIAN_POINT ( 'NONE',  ( 0.4876391895557792844, 0.1545187461771791448, 0.2628080703123832351 ) ) ;
#1575 = ORIENTED_EDGE ( 'NONE', *, *, #1343, .F. ) ;
#1576 = CARTESIAN_POINT ( 'NONE',  ( 0.5000000000000000000, -0.04389359318831979190, -0.2232494668701837659 ) ) ;
#1577 = ORIENTED_EDGE ( 'NONE', *, *, #2771, .F. ) ;
#1578 = CARTESIAN_POINT ( 'NONE',  ( 0.4583333333333333148, 0.5000000000000000000, 0.2465033242958173387 ) ) ;
#1579 = ADVANCED_FACE ( 'NONE', ( #546 ), #321, .T. ) ;
#1580 = CARTESIAN_POINT ( 'NONE',  ( 0.4912633741346063565, 0.2617951891851836854, -0.2411683801003667027 ) ) ;
#1581 = EDGE_LOOP ( 'NONE', ( #2737, #2038 ) ) ;
#1582 = CARTESIAN_POINT ( 'NONE',  ( 0.6348201112546308922, 0.05000000000000000971, -0.2193741096848031424 ) ) ;
#1583 = CARTESIAN_POINT ( 'NONE',  ( 0.4779543076882589170, 0.1846072895513702905, 0.2541098740625416519 ) ) ;
#1584 = CARTESIAN_POINT ( 'NONE',  ( 0.4946856566467884853, 0.3945895222857213058, -0.2767967576661868878 ) ) ;
#1585 = B_SPLINE_CURVE_WITH_KNOTS ( 'NONE', 3,
 ( #633, #1100, #1301, #1556 ),
 .UNSPECIFIED., .F., .F.,
 ( 4, 4 ),
 ( 0.000000000000000000, 0.0007581688464803756303 ),
 .UNSPECIFIED. ) ;
#1586 = CARTESIAN_POINT ( 'NONE',  ( 0.4490661991681521581, 0.3919004625638068950, -0.3105205813503386647 ) ) ;
#1587 = CARTESIAN_POINT ( 'NONE',  ( 0.5000000000000001110, 0.3665207645011593351, 0.2519745178620794723 ) ) ;
#1588 = FACE_OUTER_BOUND ( 'NONE', #1846, .T. ) ;
#1589 = ORIENTED_EDGE ( 'NONE', *, *, #1199, .F. ) ;
#1590 = CARTESIAN_POINT ( 'NONE',  ( 0.4998961896907356817, -0.04098104246038821591, -0.2264410077129479504 ) ) ;
#1591 = DIRECTION ( 'NONE',  ( 0.000000000000000000, 0.000000000000000000, -1.000000000000000000 ) ) ;
#1592 = CARTESIAN_POINT ( 'NONE',  ( 0.3655781847616047520, 0.4544005349388090531, -0.2123306536011482781 ) ) ;
#1593 = ORIENTED_EDGE ( 'NONE', *, *, #1474, .F. ) ;
#1594 = CARTESIAN_POINT ( 'NONE',  ( 0.5000000000000000000, 0.3109481572753989842, -0.2047100297955787573 ) ) ;
#1595 = ORIENTED_EDGE ( 'NONE', *, *, #912, .F. ) ;
#1596 = DIRECTION ( 'NONE',  ( 0.09151142362222880466, -0.9709049855592647438, -0.2212897836837406373 ) ) ;
#1597 = CARTESIAN_POINT ( 'NONE',  ( 0.4440782691495298584, -0.2309915637633740415, -0.5773017498943969761 ) ) ;
#1598 = CARTESIAN_POINT ( 'NONE',  ( 0.4620484965590276327, 0.2065487674820423170, 0.2471313014972585931 ) ) ;
#1599 = EDGE_CURVE ( 'NONE', #1245, #2360, #445, .T. ) ;
#1600 = AXIS2_PLACEMENT_3D ( 'NONE', #1209, #1435, #1197 ) ;
#1601 = CARTESIAN_POINT ( 'NONE',  ( 0.1193863378378326456, 0.4936343409672575011, 0.09183564449063848223 ) ) ;
#1602 = CARTESIAN_POINT ( 'NONE',  ( 0.3383795893395875609, 0.4631123849894989708, -0.1924809793503668987 ) ) ;
#1603 = CARTESIAN_POINT ( 'NONE',  ( 0.3119471385711796163, 0.4386564902204724836, 0.2399593373625135695 ) ) ;
#1604 = ORIENTED_EDGE ( 'NONE', *, *, #53, .T. ) ;
#1605 = CARTESIAN_POINT ( 'NONE',  ( 0.6407909683270052170, 0.03670300937862915752, -0.3732597340358013160 ) ) ;
#1606 = VECTOR ( 'NONE', #607, 39.37007874015748143 ) ;
#1607 = CARTESIAN_POINT ( 'NONE',  ( 0.4988327814968492868, 0.1825300188580612215, -0.4999999999999998335 ) ) ;
#1608 = VECTOR ( 'NONE', #2386, 39.37007874015748143 ) ;
#1609 = CARTESIAN_POINT ( 'NONE',  ( 0.4999999999999998335, -0.001079249925234268114, 0.2080554481265840527 ) ) ;
#1610 = CARTESIAN_POINT ( 'NONE',  ( 0.5000000000000000000, 0.05000000000000001665, -0.2535462764185549278 ) ) ;
#1611 = DIRECTION ( 'NONE',  ( 0.5343163921012757944, 0.8420787570065776384, -0.07354835232779059762 ) ) ;
#1612 = ORIENTED_EDGE ( 'NONE', *, *, #53, .F. ) ;
#1613 = CARTESIAN_POINT ( 'NONE',  ( 0.5000000000000000000, 0.2694922680507818025, 0.3809538587482864669 ) ) ;
#1614 = CARTESIAN_POINT ( 'NONE',  ( 0.4953956056621422466, 0.07771749638607357291, 0.2747755468201056872 ) ) ;
#1615 = CARTESIAN_POINT ( 'NONE',  ( 0.4676347033020146204, 0.2157811314058111218, 0.2479022422812739990 ) ) ;
#1616 = CARTESIAN_POINT ( 'NONE',  ( 0.5000000000000001110, 0.3653817070332645023, 0.2219784696968211402 ) ) ;
#1617 = EDGE_CURVE ( 'NONE', #2082, #2422, #1572, .T. ) ;
#1618 = CARTESIAN_POINT ( 'NONE',  ( 0.5000000000000000000, 0.3584207495018414402, 0.2783882181415010537 ) ) ;
#1619 = EDGE_CURVE ( 'NONE', #1553, #1410, #1550, .T. ) ;
#1620 = CARTESIAN_POINT ( 'NONE',  ( 0.3378854642854896007, 0.4035639710028282034, 0.1903125779082105451 ) ) ;
#1621 = VERTEX_POINT ( 'NONE', #2182 ) ;
#1622 = CARTESIAN_POINT ( 'NONE',  ( 0.2526224373470533635, 0.4580873122887402227, -0.03730256560054949488 ) ) ;
#1623 = CARTESIAN_POINT ( 'NONE',  ( 0.6350104566010820184, 0.07996751672712727743, 0.3663906569427399229 ) ) ;
#1624 = CARTESIAN_POINT ( 'NONE',  ( 0.4499999999999999556, 3.414809992080329023E-17, 0.1936491673103708788 ) ) ;
#1625 = CARTESIAN_POINT ( 'NONE',  ( 0.4844869643628323952, 0.2358932873414959774, -0.2495981777246081279 ) ) ;
#1626 = DIRECTION ( 'NONE',  ( 0.000000000000000000, 0.000000000000000000, -1.000000000000000000 ) ) ;
#1627 = ORIENTED_EDGE ( 'NONE', *, *, #2932, .T. ) ;
#1628 = CARTESIAN_POINT ( 'NONE',  ( 0.5000000000000000000, 0.1789275763356729665, -0.5123840470236094014 ) ) ;
#1629 = CARTESIAN_POINT ( 'NONE',  ( 0.05455636859988559351, -0.4999999999997730704, -0.05455636859988562126 ) ) ;
#1630 = CARTESIAN_POINT ( 'NONE',  ( 0.4378679598098762504, 0.3637930096846898054, 0.2427891412962822903 ) ) ;
#1631 = CARTESIAN_POINT ( 'NONE',  ( 0.2538903278278147879, 0.4349251975427552153, 0.2538903278278150100 ) ) ;
#1632 = CARTESIAN_POINT ( 'NONE',  ( 0.4741504239712127644, 0.3829424031647567506, 0.2571617153327530048 ) ) ;
#1633 = CARTESIAN_POINT ( 'NONE',  ( 0.5336852862248164797, 0.1365057909368174449, 0.3499166661183477633 ) ) ;
#1634 = CARTESIAN_POINT ( 'NONE',  ( 0.3127029260207566108, 0.4178463634942432003, 0.1665080559392826676 ) ) ;
#1635 = APPROVAL ( #2869, 'UNSPECIFIED' ) ;
#1636 = EDGE_CURVE ( 'NONE', #1843, #1245, #2764, .T. ) ;
#1637 = CARTESIAN_POINT ( 'NONE',  ( 0.4938621054950068645, 0.1970328145407572729, -0.5000000000000001110 ) ) ;
#1638 = CARTESIAN_POINT ( 'NONE',  ( 0.4549722746270571938, 0.006445055958120645204, 0.2202159841234217208 ) ) ;
#1639 = CARTESIAN_POINT ( 'NONE',  ( 0.4550276131981155769, 0.006136391806343015516, -0.2203247452708787524 ) ) ;
#1640 = ADVANCED_FACE ( 'NONE', ( #683 ), #2384, .T. ) ;
#1641 = DIRECTION ( 'NONE',  ( 1.000000000000000000, 0.000000000000000000, 0.000000000000000000 ) ) ;
#1642 = VERTEX_POINT ( 'NONE', #195 ) ;
#1643 = CARTESIAN_POINT ( 'NONE',  ( 0.3528166652662036440, 0.4588572334422547083, 0.2030314677538200274 ) ) ;
#1644 = CARTESIAN_POINT ( 'NONE',  ( 0.4720962022533832236, 0.1927555558233273458, 0.2508961002723419931 ) ) ;
#1645 = CARTESIAN_POINT ( 'NONE',  ( 0.5000000000000000000, -0.04999999999999995420, 0.2026593612912543363 ) ) ;
#1646 = CARTESIAN_POINT ( 'NONE',  ( 0.5170675078837109195, 0.3038530633559254901, 0.3977442368336283618 ) ) ;
#1647 = CARTESIAN_POINT ( 'NONE',  ( 0.5339482775747801391, 0.09050999698323705656, 0.3644657701837001329 ) ) ;
#1648 = ORIENTED_EDGE ( 'NONE', *, *, #1269, .F. ) ;
#1649 = CARTESIAN_POINT ( 'NONE',  ( 0.4979455301047290838, -0.01436414336558882766, -0.2521336540423763650 ) ) ;
#1650 = TOROIDAL_SURFACE ( 'NONE', #1883, 0.2250000000000000611, 0.1499999999999999944 ) ;
#1651 = B_SPLINE_CURVE_WITH_KNOTS ( 'NONE', 3,
 ( #2944, #843, #392, #2014 ),
 .UNSPECIFIED., .F., .F.,
 ( 4, 4 ),
 ( 0.000000000000000000, 0.001446228410111516285 ),
 .UNSPECIFIED. ) ;
#1652 = FACE_OUTER_BOUND ( 'NONE', #1102, .T. ) ;
#1653 = CARTESIAN_POINT ( 'NONE',  ( 0.5000000000000000000, -0.04999999987852749017, 0.2003308172962565414 ) ) ;
#1654 = ORIENTED_EDGE ( 'NONE', *, *, #1543, .F. ) ;
#1655 = CARTESIAN_POINT ( 'NONE',  ( -0.5000393700787402196, 0.000000000000000000, 0.000000000000000000 ) ) ;
#1656 = CARTESIAN_POINT ( 'NONE',  ( 0.5000000000000000000, 0.3244321963061003733, -0.2783882181415010537 ) ) ;
#1657 = EDGE_CURVE ( 'NONE', #2957, #2617, #341, .T. ) ;
#1658 = VECTOR ( 'NONE', #390, 39.37007874015748143 ) ;
#1659 = CARTESIAN_POINT ( 'NONE',  ( 0.2818898488298752225, 0.4546567088215388019, 0.2089488916581268563 ) ) ;
#1660 = CARTESIAN_POINT ( 'NONE',  ( 0.5199999999999892486, 0.3285604933792755089, -0.1807567486717082117 ) ) ;
#1661 = B_SPLINE_CURVE_WITH_KNOTS ( 'NONE', 3,
 ( #96, #1036, #2120, #2590 ),
 .UNSPECIFIED., .F., .F.,
 ( 4, 4 ),
 ( 1.284779116925970181E-16, 0.0001675614095599358691 ),
 .UNSPECIFIED. ) ;
#1662 = DIRECTION ( 'NONE',  ( 0.8443655925557341790, -0.5357674365879321332, 0.000000000000000000 ) ) ;
#1663 = CARTESIAN_POINT ( 'NONE',  ( 0.4600000000000000200, 0.3905487874613408628, 0.3122044916596754538 ) ) ;
#1664 = CARTESIAN_POINT ( 'NONE',  ( 0.2664680774861468149, 0.4481442571111948769, -0.09102410836463065147 ) ) ;
#1665 = CARTESIAN_POINT ( 'NONE',  ( 0.4999999999999990563, -0.04390143773878996125, 0.2232404959694469226 ) ) ;
#1666 = CARTESIAN_POINT ( 'NONE',  ( 0.5000000000000000000, -0.0008023143629628067723, 0.1971708314025006348 ) ) ;
#1667 = EDGE_LOOP ( 'NONE', ( #2271, #2102, #713, #1458, #2807, #2821 ) ) ;
#1668 = CARTESIAN_POINT ( 'NONE',  ( 0.4987810150923024932, 0.2576847952440062817, -0.2461112670348357123 ) ) ;
#1669 = CARTESIAN_POINT ( 'NONE',  ( 0.5000000000000000000, 0.3244321963061003733, 0.2783882181415010537 ) ) ;
#1670 = ADVANCED_FACE ( 'NONE', ( #1588 ), #2177, .F. ) ;
#1671 = CARTESIAN_POINT ( 'NONE',  ( 0.3124916220460251526, 0.4179727748484032279, 0.1662826137610400878 ) ) ;
#1672 = CARTESIAN_POINT ( 'NONE',  ( 0.6247811225910772093, 0.1771629328855172658, -0.3308202715132814720 ) ) ;
#1673 = CARTESIAN_POINT ( 'NONE',  ( 0.3925144136644694859, -0.3106365533764562370, 0.5102687377638025490 ) ) ;
#1674 = CARTESIAN_POINT ( 'NONE',  ( 0.4963791596980947629, 0.03065279804837636735, -0.2753434407430969122 ) ) ;
#1675 = CARTESIAN_POINT ( 'NONE',  ( 0.5239623404157839337, 0.02174781788786409389, 0.3755335496116899430 ) ) ;
#1676 = CARTESIAN_POINT ( 'NONE',  ( 0.4515210575112542646, 2.939048704121219787E-17, -0.2003256684413771416 ) ) ;
#1677 = CARTESIAN_POINT ( 'NONE',  ( 0.4930780028837347673, 0.2489135943997890232, -0.2482317943016841277 ) ) ;
#1678 = CARTESIAN_POINT ( 'NONE',  ( 0.4699999999999999734, 0.3482521402222504281, -0.2479449471770336921 ) ) ;
#1679 = CARTESIAN_POINT ( 'NONE',  ( 0.2146237678892303768, 0.4968430522141518701, -0.05721878870475603784 ) ) ;
#1680 = CARTESIAN_POINT ( 'NONE',  ( 0.5200586328669923875, 0.2982299607277174580, 0.2217685889082202932 ) ) ;
#1681 = DIRECTION ( 'NONE',  ( -0.000000000000000000, -0.000000000000000000, -1.000000000000000000 ) ) ;
#1682 = APPROVAL_STATUS ( 'not_yet_approved' ) ;
#1683 = DIRECTION ( 'NONE',  ( 1.000000000000000000, 0.000000000000000000, 0.000000000000000000 ) ) ;
#1684 = CARTESIAN_POINT ( 'NONE',  ( 0.4380737577893291101, -0.2479128009886978901, 0.4380737577892694357 ) ) ;
#1685 = EDGE_CURVE ( 'NONE', #440, #2411, #203, .T. ) ;
#1686 = B_SPLINE_CURVE_WITH_KNOTS ( 'NONE', 3,
 ( #2258, #223, #184, #1147, #1323, #2953, #2053, #1132 ),
 .UNSPECIFIED., .F., .F.,
 ( 4, 2, 2, 4 ),
 ( 0.01996642092950509997, 0.02145880468518690867, 0.02220499656302781649, 0.02295118844086872084 ),
 .UNSPECIFIED. ) ;
#1687 = DIRECTION ( 'NONE',  ( 0.000000000000000000, 0.000000000000000000, 1.000000000000000000 ) ) ;
#1688 = CARTESIAN_POINT ( 'NONE',  ( 0.4848324972623415108, 0.2093947388065937887, 0.5000000000000000000 ) ) ;
#1689 = CARTESIAN_POINT ( 'NONE',  ( 0.5199999999999999067, 0.000000000000000000, 0.000000000000000000 ) ) ;
#1690 = CARTESIAN_POINT ( 'NONE',  ( 0.4742821069232427411, 0.3482521402222685247, -0.2479449471770337476 ) ) ;
#1691 = CIRCLE ( 'NONE', #462, 0.3750000000000000555 ) ;
#1692 = CARTESIAN_POINT ( 'NONE',  ( 0.4699999999999999734, 0.5000000000000000000, -0.2783882181415010537 ) ) ;
#1693 = VERTEX_POINT ( 'NONE', #501 ) ;
#1694 = PLANE ( 'NONE',  #2262 ) ;
#1695 = AXIS2_PLACEMENT_3D ( 'NONE', #2861, #1246, #2151 ) ;
#1696 = AXIS2_PLACEMENT_3D ( 'NONE', #1940, #2352, #2147 ) ;
#1697 = ORIENTED_EDGE ( 'NONE', *, *, #1812, .T. ) ;
#1698 = CARTESIAN_POINT ( 'NONE',  ( 0.5471591233832494572, 0.3163049477887344141, -0.2015100260565120538 ) ) ;
#1699 =( NAMED_UNIT ( * ) PLANE_ANGLE_UNIT ( ) SI_UNIT ( $, .RADIAN. ) );
#1700 = CARTESIAN_POINT ( 'NONE',  ( 0.3119471385730980817, 0.4035639710019287008, -0.2207625903751685437 ) ) ;
#1701 = CARTESIAN_POINT ( 'NONE',  ( 0.3378854642871535474, 0.4035639710019287008, -0.1903125779096280501 ) ) ;
#1702 = DIRECTION ( 'NONE',  ( 0.000000000000000000, 0.000000000000000000, -1.000000000000000000 ) ) ;
#1703 = ADVANCED_FACE ( 'NONE', ( #2048 ), #2696, .T. ) ;
#1704 = EDGE_CURVE ( 'NONE', #2054, #2092, #2801, .T. ) ;
#1705 = CARTESIAN_POINT ( 'NONE',  ( 0.5000000000000000000, 0.3249995539368810138, 0.3255384615384614988 ) ) ;
#1706 = CARTESIAN_POINT ( 'NONE',  ( 0.4938465031099636970, 0.1052516595250652665, -0.2717118102459307183 ) ) ;
#1707 = CARTESIAN_POINT ( 'NONE',  ( 0.5000000000000001110, 0.3633562394731939538, -0.2253963524315077405 ) ) ;
#1708 = DIRECTION ( 'NONE',  ( 0.000000000000000000, 0.000000000000000000, -1.000000000000000000 ) ) ;
#1709 = CARTESIAN_POINT ( 'NONE',  ( 0.2815996165452385180, 0.4377579884665177556, 0.1229776094354903399 ) ) ;
#1710 = CARTESIAN_POINT ( 'NONE',  ( 0.4673775850411892030, 0.3985650311845285731, 0.2941541120481284688 ) ) ;
#1711 = ORIENTED_EDGE ( 'NONE', *, *, #2109, .T. ) ;
#1712 = CARTESIAN_POINT ( 'NONE',  ( 0.4962050278136580506, 0.05000000000000000971, 0.2766965192874372148 ) ) ;
#1713 =( CONVERSION_BASED_UNIT ( 'INCH', #2398 ) LENGTH_UNIT ( ) NAMED_UNIT ( #2713 ) );
#1714 = APPLICATION_CONTEXT ( 'configuration controlled 3d designs of mechanical parts and assemblies' ) ;
#1715 = DIRECTION ( 'NONE',  ( 0.000000000000000000, -8.881784197001252323E-16, 1.000000000000000000 ) ) ;
#1716 = CARTESIAN_POINT ( 'NONE',  ( 0.3492450922335422758, 0.3974236700718933313, -0.1999890839536686282 ) ) ;
#1717 = CARTESIAN_POINT ( 'NONE',  ( 0.3543515524883912859, 0.3856338551820132077, 0.2507718679147606378 ) ) ;
#1718 = CARTESIAN_POINT ( 'NONE',  ( 0.6291632216520773868, 0.1552291731746689718, -0.3433442122469292368 ) ) ;
#1719 = CARTESIAN_POINT ( 'NONE',  ( 0.1096029718322900776, 0.5000000000000000000, 0.08430997833253085771 ) ) ;
#1720 = CYLINDRICAL_SURFACE ( 'NONE', #83, 0.5000000000000000000 ) ;
#1721 = EDGE_CURVE ( 'NONE', #1410, #2669, #661, .T. ) ;
#1722 = CARTESIAN_POINT ( 'NONE',  ( 0.4999999999999999445, 0.1750197057399833778, 0.5000000000000000000 ) ) ;
#1723 = EDGE_CURVE ( 'NONE', #2669, #2049, #2484, .T. ) ;
#1724 = CARTESIAN_POINT ( 'NONE',  ( 0.2224651064159491598, 0.4915617499979820781, 0.09214045705502631189 ) ) ;
#1725 = FACE_OUTER_BOUND ( 'NONE', #1062, .T. ) ;
#1726 = ORIENTED_EDGE ( 'NONE', *, *, #1015, .T. ) ;
#1727 = CARTESIAN_POINT ( 'NONE',  ( 0.000000000000000000, 0.000000000000000000, -0.5000000000000000000 ) ) ;
#1728 = APPROVAL_ROLE ( '' ) ;
#1729 = CARTESIAN_POINT ( 'NONE',  ( 0.6456093708082836224, -1.472666362880149497E-16, -0.3750000000000000555 ) ) ;
#1730 = CARTESIAN_POINT ( 'NONE',  ( 0.3366961569496518258, 0.3724840212359446512, -0.4377050040346147086 ) ) ;
#1731 = CYLINDRICAL_SURFACE ( 'NONE', #229, 0.4274999999999999911 ) ;
#1732 = CARTESIAN_POINT ( 'NONE',  ( 0.5000000000000000000, -0.2755945385406532444, 0.4210739829668315171 ) ) ;
#1733 = CARTESIAN_POINT ( 'NONE',  ( 0.4600000000000000200, 0.000000000000000000, 0.000000000000000000 ) ) ;
#1734 = ORIENTED_EDGE ( 'NONE', *, *, #820, .F. ) ;
#1735 = CARTESIAN_POINT ( 'NONE',  ( 1.250000000000000000, 0.000000000000000000, 0.000000000000000000 ) ) ;
#1736 = CIRCLE ( 'NONE', #2264, 0.1500000000000000222 ) ;
#1737 = EDGE_CURVE ( 'NONE', #1981, #2486, #2430, .T. ) ;
#1738 = CARTESIAN_POINT ( 'NONE',  ( 0.2819783982475516093, 0.4375401085153720060, -0.1226624956089464313 ) ) ;
#1739 = CARTESIAN_POINT ( 'NONE',  ( 0.4600000000000000755, 0.3532603847140010078, -0.3538461538461539213 ) ) ;
#1740 = CARTESIAN_POINT ( 'NONE',  ( 0.4499999999999999556, 0.000000000000000000, 0.1936491673103708788 ) ) ;
#1741 = CARTESIAN_POINT ( 'NONE',  ( 0.4599999999999976330, 0.3905487874613413068, 0.3122044916596752318 ) ) ;
#1742 = CARTESIAN_POINT ( 'NONE',  ( 0.4640102613036969914, 0.2087867783928928911, 0.2475380436275283202 ) ) ;
#1743 = CIRCLE ( 'NONE', #466, 0.1300000000000000044 ) ;
#1744 = CARTESIAN_POINT ( 'NONE',  ( 0.4864215882478508113, 0.2861569985119103432, -0.2563440374325238746 ) ) ;
#1745 = AXIS2_PLACEMENT_3D ( 'NONE', #975, #2733, #1200 ) ;
#1746 = CARTESIAN_POINT ( 'NONE',  ( 0.4579339337372135277, 0.2023725545389666314, 0.2464374752467300977 ) ) ;
#1747 = CARTESIAN_POINT ( 'NONE',  ( 0.4967532417950552004, 0.01211282171486712834, 0.2693146813877169143 ) ) ;
#1748 = B_SPLINE_CURVE_WITH_KNOTS ( 'NONE', 3,
 ( #1851, #264, #1645, #293 ),
 .UNSPECIFIED., .F., .F.,
 ( 4, 4 ),
 ( 0.003367905359349478156, 0.004051380653426346276 ),
 .UNSPECIFIED. ) ;
#1749 = FACE_OUTER_BOUND ( 'NONE', #313, .T. ) ;
#1750 = CARTESIAN_POINT ( 'NONE',  ( 0.2500113627741631928, 0.4599916903741678165, 0.01879955985063820265 ) ) ;
#1751 = CARTESIAN_POINT ( 'NONE',  ( 0.4703491979371598464, 0.2204288802310312434, -0.2480816322557116982 ) ) ;
#1752 = ORIENTED_EDGE ( 'NONE', *, *, #1685, .F. ) ;
#1753 = CARTESIAN_POINT ( 'NONE',  ( 0.4692660566066224614, 0.2146890653536210336, 0.2485541509955049577 ) ) ;
#1754 = EDGE_CURVE ( 'NONE', #2617, #569, #1784, .T. ) ;
#1755 = CARTESIAN_POINT ( 'NONE',  ( 0.3744409935244751853, 0.3856338551820129856, 0.2161826447541039531 ) ) ;
#1756 = CARTESIAN_POINT ( 'NONE',  ( 0.3377354498064319976, 0.3750361267223386030, -0.3377354498063971922 ) ) ;
#1757 = DIRECTION ( 'NONE',  ( 0.000000000000000000, 0.000000000000000000, -1.000000000000000000 ) ) ;
#1758 = CARTESIAN_POINT ( 'NONE',  ( 0.4579294652841718327, 0.2023739499734465985, -0.2464367573072550055 ) ) ;
#1759 = CARTESIAN_POINT ( 'NONE',  ( 0.5180421511064687845, 0.2425630002457785928, 0.2911908145734254938 ) ) ;
#1760 = DIRECTION ( 'NONE',  ( -1.000000000000000000, -0.000000000000000000, -0.000000000000000000 ) ) ;
#1761 = VERTEX_POINT ( 'NONE', #2871 ) ;
#1762 = DIRECTION ( 'NONE',  ( 0.000000000000000000, 0.000000000000000000, -1.000000000000000000 ) ) ;
#1763 = CARTESIAN_POINT ( 'NONE',  ( 0.2825023464426358322, 0.4543100142212945225, -0.2096880052996518973 ) ) ;
#1764 = CARTESIAN_POINT ( 'NONE',  ( 0.5065548485592477057, 0.2705090907407952106, -0.2407993474673527645 ) ) ;
#1765 = ORIENTED_EDGE ( 'NONE', *, *, #2825, .F. ) ;
#1766 = PERSON_AND_ORGANIZATION_ROLE ( 'classification_officer' ) ;
#1767 = DIRECTION ( 'NONE',  ( 1.000000000000000000, 0.000000000000000000, 0.000000000000000000 ) ) ;
#1768 = CARTESIAN_POINT ( 'NONE',  ( 0.1062274922497197099, 0.4914874978823268181, -0.1062274922497552510 ) ) ;
#1769 = CARTESIAN_POINT ( 'NONE',  ( 0.4767528853313341419, 0.3973388514814691352, -0.2990659303133176850 ) ) ;
#1770 =( BOUNDED_SURFACE ( )  B_SPLINE_SURFACE ( 3, 2, ( 
 ( #2666, #443, #1807 ),
 ( #1339, #852, #2709 ),
 ( #2438, #1592, #627 ),
 ( #1994, #2451, #2241 ) ),
 .UNSPECIFIED., .F., .F., .F. ) 
 B_SPLINE_SURFACE_WITH_KNOTS ( ( 4, 4 ),
 ( 3, 3 ),
 ( 2.168404344971008868E-18, 0.001395886600162877340 ),
 ( 0.000000000000000000, 1.000000000000000000 ),
 .UNSPECIFIED. ) 
 GEOMETRIC_REPRESENTATION_ITEM ( )  RATIONAL_B_SPLINE_SURFACE ( (
 ( 1.000000000000000000, 0.5140947060629980081, 1.000000000000000000),
 ( 1.000000000000000000, 0.5348833323255206551, 1.000000000000000000),
 ( 1.000000000000000000, 0.5512554951485195698, 1.000000000000000000),
 ( 1.000000000000000000, 0.5633212934478774025, 1.000000000000000000) ) ) 
 REPRESENTATION_ITEM ( '' )  SURFACE ( )  );
#1771 = CARTESIAN_POINT ( 'NONE',  ( 0.5800395465357547353, 0.2885535063478595341, -0.2396156750250870993 ) ) ;
#1772 = EDGE_CURVE ( 'NONE', #966, #2921, #550, .T. ) ;
#1773 = CARTESIAN_POINT ( 'NONE',  ( 0.5000000000000000000, 0.3285604933792719007, 0.1807567486717149285 ) ) ;
#1774 = VERTEX_POINT ( 'NONE', #1496 ) ;
#1775 = CARTESIAN_POINT ( 'NONE',  ( 0.4732142857142856429, 0.3584207495018520429, 0.2485609090549116829 ) ) ;
#1776 = ORIENTED_EDGE ( 'NONE', *, *, #709, .F. ) ;
#1777 = CARTESIAN_POINT ( 'NONE',  ( 0.5000000000000000000, 0.05000000000000000971, 0.000000000000000000 ) ) ;
#1778 = ORIENTED_EDGE ( 'NONE', *, *, #2471, .F. ) ;
#1779 = CARTESIAN_POINT ( 'NONE',  ( 0.5013990520429918440, 0.2894641843789876878, -0.2252582712421195288 ) ) ;
#1780 = ORIENTED_EDGE ( 'NONE', *, *, #216, .F. ) ;
#1781 = CARTESIAN_POINT ( 'NONE',  ( 0.3543515524883912304, 0.4191672338934925302, 0.2725781172986528333 ) ) ;
#1782 = CARTESIAN_POINT ( 'NONE',  ( 0.4604298592607780072, 0.2046823880624546732, 0.2468614273562803052 ) ) ;
#1783 = FACE_OUTER_BOUND ( 'NONE', #2665, .T. ) ;
#1784 = CIRCLE ( 'NONE', #1983, 0.02000000000000000736 ) ;
#1785 = DIRECTION ( 'NONE',  ( 0.000000000000000000, 0.000000000000000000, 1.000000000000000000 ) ) ;
#1786 = CARTESIAN_POINT ( 'NONE',  ( 0.4852130184114727962, 0.1643512784897250556, 0.2602877513612044669 ) ) ;
#1787 = VERTEX_POINT ( 'NONE', #2843 ) ;
#1788 = AXIS2_PLACEMENT_3D ( 'NONE', #826, #173, #2202 ) ;
#1789 = AXIS2_PLACEMENT_3D ( 'NONE', #1544, #2644, #666 ) ;
#1790 = CARTESIAN_POINT ( 'NONE',  ( 0.4651685145822380685, 0.3912740859952069661, -0.3112971874071232548 ) ) ;
#1791 =( BOUNDED_SURFACE ( )  B_SPLINE_SURFACE ( 3, 2, ( 
 ( #1624, #505, #1216 ),
 ( #1192, #1666, #1653 ),
 ( #270, #732, #923 ),
 ( #7, #1609, #2069 ),
 ( #1397, #2759, #1823 ),
 ( #536, #939, #2319 ),
 ( #1638, #1413, #45 ),
 ( #956, #300, #2529 ),
 ( #286, #2740, #60 ),
 ( #969, #2304, #74 ),
 ( #25, #2789, #745 ),
 ( #2292, #2557, #523 ),
 ( #2571, #2346, #477 ),
 ( #761, #1430, #1176 ),
 ( #1842, #701, #716 ),
 ( #981, #2332, #1206 ) ),
 .UNSPECIFIED., .F., .F., .F. ) 
 B_SPLINE_SURFACE_WITH_KNOTS ( ( 4, 2, 2, 2, 2, 2, 2, 4 ),
 ( 3, 3 ),
 ( 0.001861409793591735145, 0.002363228656048020800, 0.002865047518504306671, 0.003366866380960592542, 0.003868685243416878413, 0.004370504105873164284, 0.004872322968329449722, 0.005875960693242021464 ),
 ( 0.000000000000000000, 1.000000000000000000 ),
 .UNSPECIFIED. ) 
 GEOMETRIC_REPRESENTATION_ITEM ( )  RATIONAL_B_SPLINE_SURFACE ( (
 ( 1.000000000000000000, 0.7071067811865471286, 1.000000000000000000),
 ( 1.000000000000000000, 0.7128222795681250501, 1.000000000000000000),
 ( 1.000000000000000000, 0.7178562957024398061, 1.000000000000000000),
 ( 1.000000000000000000, 0.7269405599686119546, 1.000000000000000000),
 ( 1.000000000000000000, 0.7310264814680006440, 1.000000000000000000),
 ( 1.000000000000000000, 0.7382840443973640587, 1.000000000000000000),
 ( 1.000000000000000000, 0.7414382240368150301, 1.000000000000000000),
 ( 1.000000000000000000, 0.7470574187848325609, 1.000000000000000000),
 ( 1.000000000000000000, 0.7495377950596683325, 1.000000000000000000),
 ( 1.000000000000000000, 0.7537828703839456468, 1.000000000000000000),
 ( 1.000000000000000000, 0.7555731894614957644, 1.000000000000000000),
 ( 1.000000000000000000, 0.7586279988100644855, 1.000000000000000000),
 ( 1.000000000000000000, 0.7598787584546902174, 1.000000000000000000),
 ( 1.000000000000000000, 0.7628124540095488904, 1.000000000000000000),
 ( 1.000000000000000000, 0.7637636088811968760, 1.000000000000000000),
 ( 1.000000000000000000, 0.7637626158259731568, 1.000000000000000000) ) ) 
 REPRESENTATION_ITEM ( '' )  SURFACE ( )  );
#1792 = EDGE_LOOP ( 'NONE', ( #237, #2824 ) ) ;
#1793 = CARTESIAN_POINT ( 'NONE',  ( 0.6481504644938601567, -0.02597916755223983812, 0.3743272667884274818 ) ) ;
#1794 = ORIENTED_EDGE ( 'NONE', *, *, #308, .F. ) ;
#1795 = CARTESIAN_POINT ( 'NONE',  ( 0.4888809659609344438, 0.2811702222159439546, -0.2413497495595754994 ) ) ;
#1796 = EDGE_LOOP ( 'NONE', ( #1604, #746, #190, #2240 ) ) ;
#1797 = DATE_TIME_ROLE ( 'classification_date' ) ;
#1798 = CARTESIAN_POINT ( 'NONE',  ( 0.5000000000000000000, 0.3278460744626004453, -0.2179449471770337765 ) ) ;
#1799 = DIRECTION ( 'NONE',  ( 0.000000000000000000, 0.000000000000000000, 1.000000000000000000 ) ) ;
#1800 = CARTESIAN_POINT ( 'NONE',  ( -0.5000000000000000000, 0.000000000000000000, 0.5000000000000000000 ) ) ;
#1801 = CARTESIAN_POINT ( 'NONE',  ( 0.3977442368336283063, 0.3038530633559254901, 0.5170675078837110306 ) ) ;
#1802 = CARTESIAN_POINT ( 'NONE',  ( 0.4905448612807277731, 0.2859107029669453737, 0.2399185413783618270 ) ) ;
#1803 = CARTESIAN_POINT ( 'NONE',  ( 0.5208875068285654386, 0.3182873582435230553, 0.1977346150214078779 ) ) ;
#1804 = ORIENTED_EDGE ( 'NONE', *, *, #2037, .T. ) ;
#1805 = CARTESIAN_POINT ( 'NONE',  ( 0.4507352270726649457, 0.2454592623543862540, -0.5000000000000000000 ) ) ;
#1806 = CARTESIAN_POINT ( 'NONE',  ( 0.4962050278136575510, 0.05000000000000644207, 0.2766965192874366042 ) ) ;
#1807 = CARTESIAN_POINT ( 'NONE',  ( 0.3744409935237892340, 0.3856338551823136895, -0.2161826447537055496 ) ) ;
#1808 = ORIENTED_EDGE ( 'NONE', *, *, #239, .T. ) ;
#1809 = ADVANCED_FACE ( 'NONE', ( #1213 ), #679, .F. ) ;
#1810 = CARTESIAN_POINT ( 'NONE',  ( 0.5000000000000000000, 0.3244321963061003733, -0.2783882181415010537 ) ) ;
#1811 = CARTESIAN_POINT ( 'NONE',  ( 0.4933991256057402297, 0.2494082760746093308, -0.2481327588481349600 ) ) ;
#1812 = EDGE_CURVE ( 'NONE', #2530, #2088, #407, .T. ) ;
#1813 = ORIENTED_EDGE ( 'NONE', *, *, #509, .T. ) ;
#1814 = DIRECTION ( 'NONE',  ( 0.000000000000000000, 0.2222222222222222654, -0.9749960430435691272 ) ) ;
#1815 = CARTESIAN_POINT ( 'NONE',  ( 0.04744215277469509412, -0.5000000000000001110, -0.06167479860710364109 ) ) ;
#1816 = CARTESIAN_POINT ( 'NONE',  ( 0.5214105369334639528, 0.3121399140899572267, 0.2056434467844740210 ) ) ;
#1817 = CARTESIAN_POINT ( 'NONE',  ( 0.04592203461361995392, 0.5000000000000001110, 0.05969864499770594773 ) ) ;
#1818 = CARTESIAN_POINT ( 'NONE',  ( 0.4999999999999999445, 0.3109481572753988732, 0.2047100297955797288 ) ) ;
#1819 = CARTESIAN_POINT ( 'NONE',  ( 0.4948450892127064238, 0.08758879496641337747, 0.2736850881039481487 ) ) ;
#1820 = EDGE_LOOP ( 'NONE', ( #2058, #2646, #1612, #914 ) ) ;
#1821 = CARTESIAN_POINT ( 'NONE',  ( 0.4965027057426895096, 0.02416754248015142575, -0.2734011956344756800 ) ) ;
#1822 = CARTESIAN_POINT ( 'NONE',  ( 0.5000000000000000000, 0.3584207495018519873, -0.2783882181415010537 ) ) ;
#1823 = CARTESIAN_POINT ( 'NONE',  ( 0.5000000000000000000, -0.04504999683395007060, 0.2262930289327975686 ) ) ;
#1824 = ORIENTED_EDGE ( 'NONE', *, *, #2071, .F. ) ;
#1825 = DIRECTION ( 'NONE',  ( 0.000000000000000000, -1.000000000000000000, 0.000000000000000000 ) ) ;
#1826 = CARTESIAN_POINT ( 'NONE',  ( 0.4645632114110318511, 0.2146060303091845145, -0.2474794531415255017 ) ) ;
#1827 = B_SPLINE_CURVE_WITH_KNOTS ( 'NONE', 3,
 ( #137, #1234, #102, #1048, #1949, #822, #1247, #595 ),
 .UNSPECIFIED., .F., .F.,
 ( 4, 2, 2, 4 ),
 ( 9.096966653664783297E-17, 0.0003193402220668060672, 0.0006386804441335211698, 0.001277360888266953218 ),
 .UNSPECIFIED. ) ;
#1828 = ORIENTED_EDGE ( 'NONE', *, *, #1543, .T. ) ;
#1829 = EDGE_CURVE ( 'NONE', #2860, #2333, #1585, .T. ) ;
#1830 = EDGE_CURVE ( 'NONE', #1104, #2295, #1651, .T. ) ;
#1831 = CARTESIAN_POINT ( 'NONE',  ( 0.6499999999999999112, -0.07772576062784772311, 0.3668565198205185895 ) ) ;
#1832 = DIRECTION ( 'NONE',  ( 0.000000000000000000, 0.000000000000000000, 1.000000000000000000 ) ) ;
#1833 = CARTESIAN_POINT ( 'NONE',  ( 0.4583333333333333148, 0.2022443516585266943, 0.2465033242958173110 ) ) ;
#1834 = DIRECTION ( 'NONE',  ( 0.000000000000000000, 0.000000000000000000, -1.000000000000000000 ) ) ;
#1835 = CARTESIAN_POINT ( 'NONE',  ( 0.5214105369334640638, 0.3121399140899571711, 0.2056434467844740765 ) ) ;
#1836 = CARTESIAN_POINT ( 'NONE',  ( 0.4962050278136576065, 0.04999999999999867051, 0.2766965192874364377 ) ) ;
#1837 = ORIENTED_EDGE ( 'NONE', *, *, #1453, .T. ) ;
#1838 = CARTESIAN_POINT ( 'NONE',  ( 0.4984060314470828978, -0.02086214504928550137, -0.2465307417717772509 ) ) ;
#1839 = CYLINDRICAL_SURFACE ( 'NONE', #507, 0.05000000000000000971 ) ;
#1840 = AXIS2_PLACEMENT_3D ( 'NONE', #1465, #2575, #1921 ) ;
#1841 = AXIS2_PLACEMENT_3D ( 'NONE', #125, #1467, #1021 ) ;
#1842 = CARTESIAN_POINT ( 'NONE',  ( 0.4583333333230540374, 0.04341509325852480061, 0.2465033242940797842 ) ) ;
#1843 = VERTEX_POINT ( 'NONE', #1070 ) ;
#1844 = CARTESIAN_POINT ( 'NONE',  ( 0.4499999999999969025, 3.414809992080329023E-17, -0.1936491673103575006 ) ) ;
#1845 = LOCAL_TIME ( 17, 50, 51.00000000000000000, #2900 ) ;
#1846 = EDGE_LOOP ( 'NONE', ( #626, #1697, #519, #2773, #1952, #2005 ) ) ;
#1847 = ORIENTED_EDGE ( 'NONE', *, *, #1038, .F. ) ;
#1848 = CARTESIAN_POINT ( 'NONE',  ( 0.5000000000000000000, 0.1673394999523187543, 0.5000000000000000000 ) ) ;
#1849 = CARTESIAN_POINT ( 'NONE',  ( 0.4478311104812263688, -0.3631699250513813482, -0.3444854696009447825 ) ) ;
#1850 = ADVANCED_FACE ( 'NONE', ( #2928 ), #984, .F. ) ;
#1851 = CARTESIAN_POINT ( 'NONE',  ( 0.5000000000000000000, -0.04663545637670861443, 0.2201139118923111926 ) ) ;
#1852 = CARTESIAN_POINT ( 'NONE',  ( 0.2342753775632727686, 0.4686494904590967625, 0.1802118288948273694 ) ) ;
#1853 = CARTESIAN_POINT ( 'NONE',  ( 0.4837960625838794160, 0.2670230558083418471, 0.2449052887547345514 ) ) ;
#1854 = CARTESIAN_POINT ( 'NONE',  ( -6.829619984160658046E-17, -0.5000000000000000000, -6.829619984160658046E-17 ) ) ;
#1855 = ORIENTED_EDGE ( 'NONE', *, *, #1343, .T. ) ;
#1856 = CARTESIAN_POINT ( 'NONE',  ( 0.2819090823824822456, 0.4375497388419901656, 0.1235235284816650625 ) ) ;
#1857 = CARTESIAN_POINT ( 'NONE',  ( 0.5293018143968358791, 0.04449522948757897445, 0.3730608282288173094 ) ) ;
#1858 = CARTESIAN_POINT ( 'NONE',  ( 0.6223419877697183855, 0.1899630810562402128, 0.3236342912800239668 ) ) ;
#1859 = ORIENTED_EDGE ( 'NONE', *, *, #472, .T. ) ;
#1860 = CARTESIAN_POINT ( 'NONE',  ( 0.4999999999999999445, 0.005517180057503633800, -0.2292530621289015080 ) ) ;
#1861 = CARTESIAN_POINT ( 'NONE',  ( 0.4052005532400522747, 0.3735204169890817827, 0.2314905861743721260 ) ) ;
#1862 = B_SPLINE_CURVE_WITH_KNOTS ( 'NONE', 3,
 ( #2647, #2618, #2875, #1232 ),
 .UNSPECIFIED., .F., .F.,
 ( 4, 4 ),
 ( 2.453269466693398698E-18, 0.0007581688464800006048 ),
 .UNSPECIFIED. ) ;
#1863 = CARTESIAN_POINT ( 'NONE',  ( 0.2571636357113040727, 0.4693463453864738510, -0.1726800028723145253 ) ) ;
#1864 = CARTESIAN_POINT ( 'NONE',  ( 0.4011258794850824927, -0.3941501823545086047, -0.3085583688346777431 ) ) ;
#1865 = CARTESIAN_POINT ( 'NONE',  ( 0.1096029718331270192, 0.5000000000000000000, -0.08430997833317462054 ) ) ;
#1866 = CARTESIAN_POINT ( 'NONE',  ( 0.3377354498063929178, 0.3750361267224112671, 0.3377354498063930843 ) ) ;
#1867 = CARTESIAN_POINT ( 'NONE',  ( 0.4939263368073054106, 0.1027881634472531530, 0.2719095606440368185 ) ) ;
#1868 = B_SPLINE_CURVE_WITH_KNOTS ( 'NONE', 3,
 ( #2317, #731, #1637, #1607, #744, #299 ),
 .UNSPECIFIED., .F., .F.,
 ( 4, 2, 4 ),
 ( 8.673617379884035472E-19, 0.0005779840989350417194, 0.001155968197870082571 ),
 .UNSPECIFIED. ) ;
#1869 = CARTESIAN_POINT ( 'NONE',  ( 0.6417821214883757674, 0.03000229320092015137, -0.3738580602476236359 ) ) ;
#1870 = ADVANCED_FACE ( 'NONE', ( #1345 ), #2796, .F. ) ;
#1871 = CARTESIAN_POINT ( 'NONE',  ( 0.5000000000000000000, 0.3743941963186600552, -0.2550196416957482004 ) ) ;
#1872 = DIRECTION ( 'NONE',  ( 0.000000000000000000, -1.000000000000000000, 0.000000000000000000 ) ) ;
#1873 = CARTESIAN_POINT ( 'NONE',  ( 0.4548540372319371250, 0.006037435698895871582, 0.2194430241980872276 ) ) ;
#1874 =( BOUNDED_SURFACE ( )  B_SPLINE_SURFACE ( 3, 2, ( 
 ( #565, #2585, #789 ),
 ( #807, #579, #2621 ),
 ( #1931, #1261, #2152 ),
 ( #330, #1487, #116 ),
 ( #2863, #2198, #1916 ),
 ( #1013, #2140, #2363 ) ),
 .UNSPECIFIED., .F., .F., .T. ) 
 B_SPLINE_SURFACE_WITH_KNOTS ( ( 4, 2, 4 ),
 ( 3, 3 ),
 ( 0.000000000000000000, 0.003003937763650090138, 0.006007875527300180277 ),
 ( 0.000000000000000000, 1.000000000000000000 ),
 .UNSPECIFIED. ) 
 GEOMETRIC_REPRESENTATION_ITEM ( )  RATIONAL_B_SPLINE_SURFACE ( (
 ( 1.000000000000000000, 0.7071067811865469066, 1.000000000000000000),
 ( 1.000000000000000000, 0.7500524400487793564, 1.000000000000000000),
 ( 1.000000000000000000, 0.7899011815373863099, 1.000000000000000000),
 ( 1.000000000000000000, 0.8620063141574595411, 1.000000000000000000),
 ( 1.000000000000000000, 0.8942784664101595116, 1.000000000000000000),
 ( 1.000000000000000000, 0.9211499014188799794, 1.000000000000000000) ) ) 
 REPRESENTATION_ITEM ( '' )  SURFACE ( )  );
#1875 = DIRECTION ( 'NONE',  ( 0.000000000000000000, -1.000000000000000000, 0.000000000000000000 ) ) ;
#1876 = ORIENTED_EDGE ( 'NONE', *, *, #1704, .T. ) ;
#1877 = CARTESIAN_POINT ( 'NONE',  ( 0.4741504239711976099, 0.3829424031647588600, 0.2571617153327423466 ) ) ;
#1878 = CARTESIAN_POINT ( 'NONE',  ( 0.4620484965599532257, 0.2065487674804018514, -0.2471313014974150790 ) ) ;
#1879 = DIRECTION ( 'NONE',  ( 0.000000000000000000, -1.000000000000000000, 0.000000000000000000 ) ) ;
#1880 = DIRECTION ( 'NONE',  ( -0.5343163921161657726, -0.8420787569969506725, -0.07354835232984019422 ) ) ;
#1881 = CARTESIAN_POINT ( 'NONE',  ( 0.3864779799167529228, 0.4068347710231406400, 0.2907857752722551314 ) ) ;
#1882 = CARTESIAN_POINT ( 'NONE',  ( 0.6444788742123940262, 0.009915651463033735638, -0.3749288700722149259 ) ) ;
#1883 = AXIS2_PLACEMENT_3D ( 'NONE', #542, #1683, #1451 ) ;
#1884 = CARTESIAN_POINT ( 'NONE',  ( 0.6417159205257547683, 0.03045868707982627571, 0.3738201289612581579 ) ) ;
#1885 = CARTESIAN_POINT ( 'NONE',  ( 0.6287040613169744274, 0.1518822930480750177, 0.3431636147418575256 ) ) ;
#1886 = VERTEX_POINT ( 'NONE', #1154 ) ;
#1887 = CIRCLE ( 'NONE', #1978, 0.5000000000000000000 ) ;
#1888 = CARTESIAN_POINT ( 'NONE',  ( 0.4515874317759797640, -1.511002992853452435E-15, -0.2006170108433910360 ) ) ;
#1889 = ADVANCED_FACE ( 'NONE', ( #2311 ), #50, .T. ) ;
#1890 = CARTESIAN_POINT ( 'NONE',  ( 0.3846153846153845812, -0.3194855331891567340, -0.5000000000000000000 ) ) ;
#1891 = CIRCLE ( 'NONE', #611, 0.1500000000000000222 ) ;
#1892 = AXIS2_PLACEMENT_3D ( 'NONE', #2549, #1879, #531 ) ;
#1893 = CARTESIAN_POINT ( 'NONE',  ( 0.3119471385730981927, 0.4386564902194877158, -0.2399593373643136296 ) ) ;
#1894 = CARTESIAN_POINT ( 'NONE',  ( 0.6348201112546305591, 0.08333333333333332871, -0.3656235161413384782 ) ) ;
#1895 = PERSON_AND_ORGANIZATION ( #511, #233 ) ;
#1896 = CARTESIAN_POINT ( 'NONE',  ( 0.4585454879086076629, 0.2024912373043790959, -0.2465392890360799394 ) ) ;
#1897 = CARTESIAN_POINT ( 'NONE',  ( 0.5623884090699807770, -0.2518219145082144506, 0.4326064685153620526 ) ) ;
#1898 = CARTESIAN_POINT ( 'NONE',  ( -6.829619984160658046E-17, -0.5000000000000000000, -6.829619984160658046E-17 ) ) ;
#1899 = CARTESIAN_POINT ( 'NONE',  ( 0.4848324972623400120, 0.2093947388065951210, -0.5000000000000000000 ) ) ;
#1900 = CARTESIAN_POINT ( 'NONE',  ( 0.5471269952409315573, 0.3163260204756109251, 0.2014781172597083780 ) ) ;
#1901 = ORIENTED_EDGE ( 'NONE', *, *, #1453, .F. ) ;
#1902 = CARTESIAN_POINT ( 'NONE',  ( 0.5064334293251155916, 0.2703016415835465258, -0.2409003947167369375 ) ) ;
#1903 = CARTESIAN_POINT ( 'NONE',  ( 1.250000000000000000, 0.000000000000000000, 0.000000000000000000 ) ) ;
#1904 = EDGE_CURVE ( 'NONE', #1394, #1131, #2700, .T. ) ;
#1905 = CARTESIAN_POINT ( 'NONE',  ( 0.000000000000000000, 0.000000000000000000, 0.5000000000000000000 ) ) ;
#1906 = CARTESIAN_POINT ( 'NONE',  ( 0.5000000000000000000, 0.3807097275380229018, 0.2599996896882390551 ) ) ;
#1907 = CARTESIAN_POINT ( 'NONE',  ( 0.4659090909090907173, 0.2168968143383995795, -0.2476647127011745997 ) ) ;
#1908 = CARTESIAN_POINT ( 'NONE',  ( 0.3119471385711671263, 0.4035639710028289806, 0.2207625903735236095 ) ) ;
#1909 = CARTESIAN_POINT ( 'NONE',  ( 0.4619755234647311970, 0.3936257094953164448, -0.3083554497605853761 ) ) ;
#1910 = CARTESIAN_POINT ( 'NONE',  ( 0.4043893680192111040, 0.3734329091378626453, -0.2316577074259199287 ) ) ;
#1911 = CARTESIAN_POINT ( 'NONE',  ( 0.5146304743278582450, -0.01631837095270326221, 0.3756359574922961131 ) ) ;
#1912 = CARTESIAN_POINT ( 'NONE',  ( 0.5200000000000196687, 0.3285604933792873883, 0.1807567486716966376 ) ) ;
#1913 = VERTEX_POINT ( 'NONE', #2748 ) ;
#1914 = DIRECTION ( 'NONE',  ( -1.000000000000000000, 0.000000000000000000, 0.000000000000000000 ) ) ;
#1915 = MANIFOLD_SOLID_BREP ( 'Fillet9', #945 ) ;
#1916 = CARTESIAN_POINT ( 'NONE',  ( 0.5000000000000000000, 0.1928408971059168142, 0.4718073578574151772 ) ) ;
#1917 = VERTEX_POINT ( 'NONE', #1390 ) ;
#1918 = CARTESIAN_POINT ( 'NONE',  ( 0.2105828716584776938, 0.4995998664070482875, -0.02305120457539323181 ) ) ;
#1919 = DIRECTION ( 'NONE',  ( 0.000000000000000000, -0.7065207694280020156, 0.7076923076923077316 ) ) ;
#1920 = ORIENTED_EDGE ( 'NONE', *, *, #509, .F. ) ;
#1921 = DIRECTION ( 'NONE',  ( 0.000000000000000000, 0.000000000000000000, -1.000000000000000000 ) ) ;
#1922 = CALENDAR_DATE ( 2026, 25, 3 ) ;
#1923 = EDGE_CURVE ( 'NONE', #2530, #2849, #1053, .T. ) ;
#1924 = FACE_OUTER_BOUND ( 'NONE', #2501, .T. ) ;
#1925 = CARTESIAN_POINT ( 'NONE',  ( 0.06167479860702908961, -0.5000000000000000000, 0.04744215277463781355 ) ) ;
#1926 = DIRECTION ( 'NONE',  ( 1.000000000000000000, 0.000000000000000000, 0.000000000000000000 ) ) ;
#1927 = CARTESIAN_POINT ( 'NONE',  ( 0.5259204570574036453, 0.3265322146054093211, 0.1844435392316798317 ) ) ;
#1928 = DIRECTION ( 'NONE',  ( 1.000000000000000000, 0.000000000000000000, 0.000000000000000000 ) ) ;
#1929 = B_SPLINE_CURVE_WITH_KNOTS ( 'NONE', 3,
 ( #1060, #384, #1959, #1747, #1011, #2599, #1260, #2850, #340, #548 ),
 .UNSPECIFIED., .F., .F.,
 ( 4, 2, 2, 2, 4 ),
 ( 1.301042606982605321E-18, 0.0007366613477172947360, 0.001473322695434588171, 0.002209984043151881714, 0.002946645390869175041 ),
 .UNSPECIFIED. ) ;
#1930 = AXIS2_PLACEMENT_3D ( 'NONE', #2335, #76, #2573 ) ;
#1931 = CARTESIAN_POINT ( 'NONE',  ( 0.4698115271113142977, 0.2998183897727677016, 0.4087731598383648191 ) ) ;
#1932 = CARTESIAN_POINT ( 'NONE',  ( 0.2520828662270384601, 0.4584656455511620377, 0.03712829424827623903 ) ) ;
#1933 = FACE_OUTER_BOUND ( 'NONE', #1118, .T. ) ;
#1934 = AXIS2_PLACEMENT_3D ( 'NONE', #1207, #525, #1398 ) ;
#1935 = VECTOR ( 'NONE', #861, 39.37007874015748143 ) ;
#1936 = ORIENTED_EDGE ( 'NONE', *, *, #1599, .F. ) ;
#1937 = DIRECTION ( 'NONE',  ( 1.000000000000000000, 0.000000000000000000, 0.000000000000000000 ) ) ;
#1938 = CARTESIAN_POINT ( 'NONE',  ( 0.3253341609228551645, 0.4321727296527825835, 0.2518119440804438836 ) ) ;
#1939 = AXIS2_PLACEMENT_3D ( 'NONE', #1359, #2206, #1757 ) ;
#1940 = CARTESIAN_POINT ( 'NONE',  ( 0.5000000000000000000, 0.5000000000000000000, 0.000000000000000000 ) ) ;
#1941 = EDGE_CURVE ( 'NONE', #2024, #1981, #1223, .T. ) ;
#1942 = CARTESIAN_POINT ( 'NONE',  ( 1.162911643578633278E-15, -0.5000000000000001110, 9.187945896788090194E-16 ) ) ;
#1943 = CARTESIAN_POINT ( 'NONE',  ( 0.5000000000000000000, 0.3460837196928367998, -0.1903971086008659497 ) ) ;
#1944 = CARTESIAN_POINT ( 'NONE',  ( 0.4947908053601248746, 0.09313750390104633126, -0.2733546237325271133 ) ) ;
#1945 = EDGE_CURVE ( 'NONE', #2464, #660, #2457, .T. ) ;
#1946 = CARTESIAN_POINT ( 'NONE',  ( 0.4953961192955097514, 0.07770078406477526345, -0.2747768335588096633 ) ) ;
#1947 = ORIENTED_EDGE ( 'NONE', *, *, #1723, .T. ) ;
#1948 = CARTESIAN_POINT ( 'NONE',  ( 0.6456093708083738836, -8.910355468781731768E-13, 0.3750000000000000555 ) ) ;
#1949 = CARTESIAN_POINT ( 'NONE',  ( 0.4911813483047940410, 0.3417653057716542597, 0.2568372844204697691 ) ) ;
#1950 = CARTESIAN_POINT ( 'NONE',  ( 0.2100131807873358292, 0.4999909677769251992, 0.02370379285516469731 ) ) ;
#1951 = CARTESIAN_POINT ( 'NONE',  ( 0.4728550250997934912, 0.2251340975907374087, 0.2480233227191624423 ) ) ;
#1952 = ORIENTED_EDGE ( 'NONE', *, *, #1528, .F. ) ;
#1953 = CARTESIAN_POINT ( 'NONE',  ( 0.4973554669595390831, 0.3349861712127125690, -0.2656259410104709340 ) ) ;
#1954 = PERSON_AND_ORGANIZATION ( #511, #233 ) ;
#1955 = CARTESIAN_POINT ( 'NONE',  ( 0.4646642971990114779, 0.3912033715972602632, 0.3113856468082916162 ) ) ;
#1956 = CARTESIAN_POINT ( 'NONE',  ( 0.4639109976450733197, 0.3959281746603053875, -0.3038173591735554568 ) ) ;
#1957 = CARTESIAN_POINT ( 'NONE',  ( 0.4687405396225453047, 0.3055486555311276442, -0.4027312002911102029 ) ) ;
#1958 = CARTESIAN_POINT ( 'NONE',  ( 0.5039887250294839971, 0.3335554949800373925, -0.1715019909385959440 ) ) ;
#1959 = CARTESIAN_POINT ( 'NONE',  ( 0.4963802016969424136, 0.03058396027076531326, 0.2753274874122496607 ) ) ;
#1960 = EDGE_CURVE ( 'NONE', #2464, #26, #2145, .T. ) ;
#1961 = ADVANCED_FACE ( 'NONE', ( #1450 ), #152, .T. ) ;
#1962 = CYLINDRICAL_SURFACE ( 'NONE', #555, 0.3750000000000000555 ) ;
#1963 = CARTESIAN_POINT ( 'NONE',  ( 0.2466555551815358682, 0.4758239004678458395, 0.1550587249350573182 ) ) ;
#1964 = DIRECTION ( 'NONE',  ( -1.000000000000000000, 0.000000000000000000, 0.000000000000000000 ) ) ;
#1965 = ORIENTED_EDGE ( 'NONE', *, *, #2673, .T. ) ;
#1966 = CARTESIAN_POINT ( 'NONE',  ( 0.4813909196566503734, 0.3465374494889719714, -0.2503479184741844166 ) ) ;
#1967 = DIRECTION ( 'NONE',  ( 0.6484581428580444840, 0.000000000000000000, -0.7612503116328400710 ) ) ;
#1968 = CARTESIAN_POINT ( 'NONE',  ( 0.4460745609419050073, 0.2258705073277310349, -0.5798969292244766649 ) ) ;
#1969 = CARTESIAN_POINT ( 'NONE',  ( 0.4886057501368463729, 0.3975368163360847862, -0.2859308253891148510 ) ) ;
#1970 = CARTESIAN_POINT ( 'NONE',  ( 0.5305045372976369134, 0.1904529451430481135, -0.3250142182909802058 ) ) ;
#1971 = B_SPLINE_CURVE_WITH_KNOTS ( 'NONE', 3,
 ( #2113, #2515, #1384, #2087, #1885, #2806, #1858, #256, #1443, #312, #1162, #2776, #2543, #327, #2372, #1900, #1457, #1044, #1927, #1912 ),
 .UNSPECIFIED., .F., .F.,
 ( 4, 2, 2, 2, 2, 2, 2, 2, 2, 4 ),
 ( 4.336808689942017736E-19, 0.001102520720088491502, 0.002205041440176982569, 0.003307562160265474505, 0.004410082880353966006, 0.005512603600442457508, 0.006615124320530949009, 0.007717645040619440511, 0.008268905400663684527, 0.008820165760707928543 ),
 .UNSPECIFIED. ) ;
#1972 = CARTESIAN_POINT ( 'NONE',  ( 0.4651087931048766833, 0.2966185506078392042, 0.2475905819640215055 ) ) ;
#1973 = VERTEX_POINT ( 'NONE', #1894 ) ;
#1974 = CARTESIAN_POINT ( 'NONE',  ( 0.6356056288955905798, 0.06944320968055059384, 0.3687893691384720452 ) ) ;
#1975 = ORIENTED_EDGE ( 'NONE', *, *, #1183, .F. ) ;
#1976 = CARTESIAN_POINT ( 'NONE',  ( 0.5000000000000000000, 0.000000000000000000, 0.2783882181415010537 ) ) ;
#1977 = ADVANCED_FACE ( 'NONE', ( #768 ), #67, .F. ) ;
#1978 = AXIS2_PLACEMENT_3D ( 'NONE', #2794, #989, #2780 ) ;
#1979 = CARTESIAN_POINT ( 'NONE',  ( 0.2293629116877367036, 0.4869964908771618473, 0.1138298544351097619 ) ) ;
#1980 = CARTESIAN_POINT ( 'NONE',  ( 0.4668561164142273623, 0.2193843378152232348, -0.2477950702319276499 ) ) ;
#1981 = VERTEX_POINT ( 'NONE', #333 ) ;
#1982 = CARTESIAN_POINT ( 'NONE',  ( 0.4883420448445017215, 0.3436376136552038441, -0.2543137327476349685 ) ) ;
#1983 = AXIS2_PLACEMENT_3D ( 'NONE', #1055, #2855, #815 ) ;
#1984 = VECTOR ( 'NONE', #101, 39.37007874015748143 ) ;
#1985 = CARTESIAN_POINT ( 'NONE',  ( 0.4767528853313379167, 0.3973388514814677475, 0.2990659303133184621 ) ) ;
#1986 = CARTESIAN_POINT ( 'NONE',  ( 0.3911827906462406190, 0.4019476545508411935, -0.3009098389586424283 ) ) ;
#1987 = CARTESIAN_POINT ( 'NONE',  ( 0.4632264549708308699, 0.3922674091881397929, -0.3100545983130607586 ) ) ;
#1988 =( BOUNDED_SURFACE ( )  B_SPLINE_SURFACE ( 3, 2, ( 
 ( #1822, #700, #23 ),
 ( #1412, #459, #240 ),
 ( #2052, #1871, #476 ),
 ( #6, #922, #1383 ) ),
 .UNSPECIFIED., .F., .F., .F. ) 
 B_SPLINE_SURFACE_WITH_KNOTS ( ( 4, 4 ),
 ( 3, 3 ),
 ( 8.604074381320681053E-05, 0.0002536300319182837942 ),
 ( 0.000000000000000000, 1.000000000000000000 ),
 .UNSPECIFIED. ) 
 GEOMETRIC_REPRESENTATION_ITEM ( )  RATIONAL_B_SPLINE_SURFACE ( (
 ( 1.000000000000000000, 0.7440238091400901421, 1.000000000000000000),
 ( 1.000000000000000000, 0.7505937681672124606, 1.000000000000000000),
 ( 1.000000000000000000, 0.7543515708595538438, 1.000000000000000000),
 ( 1.000000000000000000, 0.7544360362904988238, 1.000000000000000000) ) ) 
 REPRESENTATION_ITEM ( '' )  SURFACE ( )  );
#1989 = CARTESIAN_POINT ( 'NONE',  ( 0.4930203405873766487, 0.3358196997567362563, -0.1669174817900860586 ) ) ;
#1990 = CARTESIAN_POINT ( 'NONE',  ( 0.4824921654138378813, 0.1731816605557582323, 0.2577802989327194760 ) ) ;
#1991 = ORIENTED_EDGE ( 'NONE', *, *, #357, .T. ) ;
#1992 = CARTESIAN_POINT ( 'NONE',  ( 0.5132991544777745219, 0.2827341173740312574, 0.2338591201741588854 ) ) ;
#1993 = VERTEX_POINT ( 'NONE', #2625 ) ;
#1994 = CARTESIAN_POINT ( 'NONE',  ( 0.3119471385731533708, 0.4386564902195164706, -0.2399593373642611160 ) ) ;
#1995 = CARTESIAN_POINT ( 'NONE',  ( 0.2525558049615190259, 0.4987246130021475987, 0.04107556568532832325 ) ) ;
#1996 = CARTESIAN_POINT ( 'NONE',  ( 0.5132805707883156821, 0.2826996501206149315, -0.2338796323071768157 ) ) ;
#1997 = ORIENTED_EDGE ( 'NONE', *, *, #472, .F. ) ;
#1998 = APPROVAL_DATE_TIME ( #1342, #1014 ) ;
#1999 = ADVANCED_FACE ( 'NONE', ( #108 ), #553, .F. ) ;
#2000 = CARTESIAN_POINT ( 'NONE',  ( 0.5000000000000000000, -0.2348548665326337659, -0.4609786917579373755 ) ) ;
#2001 = CARTESIAN_POINT ( 'NONE',  ( 0.4585454879086089952, 0.2024912373043779301, 0.2465392890360801337 ) ) ;
#2002 = LINE ( 'NONE', #1800, #2512 ) ;
#2003 = CARTESIAN_POINT ( 'NONE',  ( 0.3923575026165748159, 0.4490735455484886063, -0.2265885637106831996 ) ) ;
#2004 = CARTESIAN_POINT ( 'NONE',  ( 0.5000000000000000000, -0.3194855331891567340, 0.3846153846153846922 ) ) ;
#2005 = ORIENTED_EDGE ( 'NONE', *, *, #673, .F. ) ;
#2006 = CARTESIAN_POINT ( 'NONE',  ( 0.5000000000000000000, 0.3278460744626004453, -0.2179449471770336932 ) ) ;
#2007 = ORIENTED_EDGE ( 'NONE', *, *, #1420, .T. ) ;
#2008 = CARTESIAN_POINT ( 'NONE',  ( 0.5000000000000000000, 0.000000000000000000, 0.000000000000000000 ) ) ;
#2009 = ORIENTED_EDGE ( 'NONE', *, *, #2913, .T. ) ;
#2010 = CARTESIAN_POINT ( 'NONE',  ( 0.4747274882659954232, 0.2422025427940484865, -0.2476269608085154561 ) ) ;
#2011 = B_SPLINE_CURVE_WITH_KNOTS ( 'NONE', 3,
 ( #791, #304, #1002, #1877 ),
 .UNSPECIFIED., .F., .F.,
 ( 4, 4 ),
 ( 0.000000000000000000, 0.0006694107203569197879 ),
 .UNSPECIFIED. ) ;
#2012 = EDGE_LOOP ( 'NONE', ( #360, #2389, #93, #2936 ) ) ;
#2013 = CARTESIAN_POINT ( 'NONE',  ( 0.4635252159249277915, 0.3954729165690932247, 0.3047272136842328893 ) ) ;
#2014 = CARTESIAN_POINT ( 'NONE',  ( 0.3543515524875953671, 0.4191672338938191578, -0.2725781172981504019 ) ) ;
#2015 = EDGE_CURVE ( 'NONE', #569, #1973, #870, .T. ) ;
#2016 = CARTESIAN_POINT ( 'NONE',  ( 0.4699999999999999734, 0.5000000000000000000, -0.2179449471770336932 ) ) ;
#2017 = CARTESIAN_POINT ( 'NONE',  ( 0.4852313225293923837, 0.1642867679661280389, -0.2603054584761962387 ) ) ;
#2018 = CARTESIAN_POINT ( 'NONE',  ( 0.5638695867741647660, 0.3050955696619280788, 0.2184394386041318137 ) ) ;
#2019 = ORIENTED_EDGE ( 'NONE', *, *, #2413, .F. ) ;
#2020 = CARTESIAN_POINT ( 'NONE',  ( 0.4918028962798957626, 0.3830659749701622596, -0.2971696584086656601 ) ) ;
#2021 = ORIENTED_EDGE ( 'NONE', *, *, #2339, .T. ) ;
#2022 = CARTESIAN_POINT ( 'NONE',  ( 0.6499999999999999112, -0.07772576062784772311, 0.3668565198205185895 ) ) ;
#2023 = CARTESIAN_POINT ( 'NONE',  ( 0.4584044759094235144, 0.2024012628812630332, -0.2465153495859923050 ) ) ;
#2024 = VERTEX_POINT ( 'NONE', #122 ) ;
#2025 = CARTESIAN_POINT ( 'NONE',  ( 0.5000000000000000000, 0.3460837196928368553, -0.1903971086008660052 ) ) ;
#2026 = CIRCLE ( 'NONE', #2313, 0.05000000000000000971 ) ;
#2027 = CARTESIAN_POINT ( 'NONE',  ( 0.09183564449061698554, 0.4936343409672634408, -0.1193863378377602869 ) ) ;
#2028 = CARTESIAN_POINT ( 'NONE',  ( 0.4965157628150431157, 0.3928008118283070060, -0.2733445089853548393 ) ) ;
#2029 = PRODUCT_RELATED_PRODUCT_CATEGORY ( 'detail', '', ( #118 ) ) ;
#2030 = EDGE_CURVE ( 'NONE', #1097, #1787, #2555, .T. ) ;
#2031 = CARTESIAN_POINT ( 'NONE',  ( 0.2894631104038034586, 0.4500326898983166846, 0.2226639310798256555 ) ) ;
#2032 = CARTESIAN_POINT ( 'NONE',  ( 0.5030737332220378555, 0.3001349004145400512, 0.2164705583149274803 ) ) ;
#2033 = CARTESIAN_POINT ( 'NONE',  ( 0.5197459117406633133, 0.2381032095118496839, 0.2944519233162424809 ) ) ;
#2034 = ORIENTED_EDGE ( 'NONE', *, *, #2308, .F. ) ;
#2035 = AXIS2_PLACEMENT_3D ( 'NONE', #1733, #115, #134 ) ;
#2036 = CARTESIAN_POINT ( 'NONE',  ( 0.4848324972623400120, 0.2093947388065951210, -0.5000000000000000000 ) ) ;
#2037 = EDGE_CURVE ( 'NONE', #1245, #2860, #1182, .T. ) ;
#2038 = ORIENTED_EDGE ( 'NONE', *, *, #836, .T. ) ;
#2039 = FACE_OUTER_BOUND ( 'NONE', #403, .T. ) ;
#2040 = CARTESIAN_POINT ( 'NONE',  ( 0.4999999999999944489, 0.02459531016197673975, -0.2470669637216725001 ) ) ;
#2041 = CARTESIAN_POINT ( 'NONE',  ( 0.4694655603238260255, 0.2270278061968678540, -0.2479529032158391266 ) ) ;
#2042 = ORIENTED_EDGE ( 'NONE', *, *, #2635, .F. ) ;
#2043 = CARTESIAN_POINT ( 'NONE',  ( 0.4999999999999999445, 0.3109481572753990397, -0.2047100297955789239 ) ) ;
#2044 = CARTESIAN_POINT ( 'NONE',  ( 0.3968565546239626318, -0.3093409464139583731, -0.3968565546239627984 ) ) ;
#2045 = DIRECTION ( 'NONE',  ( -1.000000000000000000, 0.000000000000000000, 0.000000000000000000 ) ) ;
#2046 = CARTESIAN_POINT ( 'NONE',  ( 0.4288692003182993373, 0.3955991748911253381, -0.3057945336747191489 ) ) ;
#2047 = CARTESIAN_POINT ( 'NONE',  ( 0.5219680322700247510, 0.3055873656489443424, 0.2140734545979303960 ) ) ;
#2048 = FACE_OUTER_BOUND ( 'NONE', #825, .T. ) ;
#2049 = VERTEX_POINT ( 'NONE', #530 ) ;
#2050 = B_SPLINE_CURVE_WITH_KNOTS ( 'NONE', 3,
 ( #349, #2816, #556, #2341, #1212, #2161, #770, #1896, #756, #1425 ),
 .UNSPECIFIED., .F., .F.,
 ( 4, 3, 3, 4 ),
 ( 0.000000000000000000, 0.0002023932977830142691, 0.0004114971916064558881, 0.0004239748985374075952 ),
 .UNSPECIFIED. ) ;
#2051 = CARTESIAN_POINT ( 'NONE',  ( 0.5214105369334639528, 0.3121399140899572267, 0.2056434467844740210 ) ) ;
#2052 = CARTESIAN_POINT ( 'NONE',  ( 0.5000000000000000000, 0.3628286179319921700, -0.2791418864801039068 ) ) ;
#2053 = CARTESIAN_POINT ( 'NONE',  ( 0.4502882542878812733, 0.3917239727477861422, -0.3107344065041942605 ) ) ;
#2054 = VERTEX_POINT ( 'NONE', #1740 ) ;
#2055 = CARTESIAN_POINT ( 'NONE',  ( 0.5000000000000000000, -0.01147240142839669151, -0.2746352189005000222 ) ) ;
#2056 = EDGE_CURVE ( 'NONE', #1245, #1913, #2670, .T. ) ;
#2057 = CARTESIAN_POINT ( 'NONE',  ( 0.4984367293261313114, 0.3123609926150064942, -0.2286183375095674486 ) ) ;
#2058 = ORIENTED_EDGE ( 'NONE', *, *, #1754, .T. ) ;
#2059 = ORIENTED_EDGE ( 'NONE', *, *, #1960, .T. ) ;
#2060 = CARTESIAN_POINT ( 'NONE',  ( 0.4999999999999999445, 0.3233520313242068123, -0.1893431764456668664 ) ) ;
#2061 = CARTESIAN_POINT ( 'NONE',  ( 0.3444200020638072401, -0.3661362411844661380, -0.3444200020637411819 ) ) ;
#2062 = FACE_OUTER_BOUND ( 'NONE', #2450, .T. ) ;
#2063 = FACE_OUTER_BOUND ( 'NONE', #1667, .T. ) ;
#2064 = FACE_OUTER_BOUND ( 'NONE', #1532, .T. ) ;
#2065 = CARTESIAN_POINT ( 'NONE',  ( 0.6242845331133355380, 0.1794332237252619089, 0.3294109237810451951 ) ) ;
#2066 = ORIENTED_EDGE ( 'NONE', *, *, #1941, .T. ) ;
#2067 = CARTESIAN_POINT ( 'NONE',  ( 0.2583346434814865478, 0.4539629755463305827, 0.06468693451553451934 ) ) ;
#2068 = CARTESIAN_POINT ( 'NONE',  ( 0.5332393498187755210, 0.06761249187927918791, 0.3691185960296832769 ) ) ;
#2069 = CARTESIAN_POINT ( 'NONE',  ( 0.5000000000000000000, -0.04691578633729655973, 0.2198584384535300085 ) ) ;
#2070 = CARTESIAN_POINT ( 'NONE',  ( 0.4771796299850374345, 0.2251025743660615697, -0.2496172362198249839 ) ) ;
#2071 = EDGE_CURVE ( 'NONE', #717, #2396, #9, .T. ) ;
#2072 = CARTESIAN_POINT ( 'NONE',  ( 0.3717351388184337302, 0.4122941667156824752, 0.2829195866652356450 ) ) ;
#2073 = ORIENTED_EDGE ( 'NONE', *, *, #1269, .T. ) ;
#2074 = ORIENTED_EDGE ( 'NONE', *, *, #145, .T. ) ;
#2075 = CARTESIAN_POINT ( 'NONE',  ( 0.4648613532851083030, 0.3263532692642607258, -0.3807087263285781620 ) ) ;
#2076 = CARTESIAN_POINT ( 'NONE',  ( 0.2295536810027359598, -0.4467165101608334132, -0.2984197853035611137 ) ) ;
#2077 = B_SPLINE_CURVE_WITH_KNOTS ( 'NONE', 3,
 ( #2239, #197, #441, #1305, #650, #1103, #1144, #1129, #2274, #2950, #238, #1992, #180, #398, #2935, #209, #1563, #2051 ),
 .UNSPECIFIED., .F., .F.,
 ( 4, 2, 2, 2, 2, 2, 2, 2, 4 ),
 ( 0.000000000000000000, 0.0001999179471079382225, 0.0003998358942158764450, 0.0007996717884317507217, 0.001599343576863497540, 0.001999179471079371925, 0.002399015365295247178, 0.002798851259511121563, 0.003198687153726995948 ),
 .UNSPECIFIED. ) ;
#2078 = LINE ( 'NONE', #54, #2321 ) ;
#2079 = CARTESIAN_POINT ( 'NONE',  ( 0.4696707274524644649, 0.3895186683255139060, -0.3134887669852276515 ) ) ;
#2080 = CARTESIAN_POINT ( 'NONE',  ( 0.4949230635632899111, 0.2994405360606899880, 0.2348119166457134643 ) ) ;
#2081 = CARTESIAN_POINT ( 'NONE',  ( 0.3744271932259495839, -0.4357716060189145146, 0.2880209178661151115 ) ) ;
#2082 = VERTEX_POINT ( 'NONE', #631 ) ;
#2083 = CARTESIAN_POINT ( 'NONE',  ( 0.5332369386520968702, 0.06758536536013887153, -0.3691244208589115061 ) ) ;
#2084 = CARTESIAN_POINT ( 'NONE',  ( 0.4732142857142893067, 0.3478127721774974535, 0.2485609090549120714 ) ) ;
#2085 = CIRCLE ( 'NONE', #2272, 0.4274999999999999911 ) ;
#2086 = CIRCLE ( 'NONE', #516, 0.2250000000000000611 ) ;
#2087 = CARTESIAN_POINT ( 'NONE',  ( 0.6303356856061017588, 0.1385261745598257987, 0.3487739673690556375 ) ) ;
#2088 = VERTEX_POINT ( 'NONE', #1753 ) ;
#2089 = CARTESIAN_POINT ( 'NONE',  ( 0.4557042812484931038, 0.009501995567638400753, 0.2251890786116124421 ) ) ;
#2090 =( BOUNDED_SURFACE ( )  B_SPLINE_SURFACE ( 3, 2, ( 
 ( #2025, #2310, #1123 ),
 ( #2473, #2060, #1373 ),
 ( #1184, #2942, #930 ),
 ( #1798, #2043, #2958 ) ),
 .UNSPECIFIED., .F., .F., .F. ) 
 B_SPLINE_SURFACE_WITH_KNOTS ( ( 4, 4 ),
 ( 3, 3 ),
 ( 1.192622389734054877E-17, 0.0008391596913550185017 ),
 ( 0.000000000000000000, 1.000000000000000000 ),
 .UNSPECIFIED. ) 
 GEOMETRIC_REPRESENTATION_ITEM ( )  RATIONAL_B_SPLINE_SURFACE ( (
 ( 1.000000000000000000, 0.7071067811865693331, 1.000000000000000000),
 ( 1.000000000000000000, 0.6996784827205116963, 1.000000000000000000),
 ( 1.000000000000000000, 0.6913069968173383151, 1.000000000000000000),
 ( 1.000000000000000000, 0.6817159061246749197, 1.000000000000000000) ) ) 
 REPRESENTATION_ITEM ( '' )  SURFACE ( )  );
#2091 = CARTESIAN_POINT ( 'NONE',  ( 0.4687406138417521961, 0.3055482734121446886, 0.4027316066206186318 ) ) ;
#2092 = VERTEX_POINT ( 'NONE', #2955 ) ;
#2093 = B_SPLINE_CURVE_WITH_KNOTS ( 'NONE', 3,
 ( #792, #346, #1281, #839, #1710, #568, #2187, #2638 ),
 .UNSPECIFIED., .F., .F.,
 ( 4, 2, 2, 4 ),
 ( 0.000000000000000000, 0.0008090846235054792966, 0.001213626935258219812, 0.001618169247010960328 ),
 .UNSPECIFIED. ) ;
#2094 = CARTESIAN_POINT ( 'NONE',  ( 0.4583333333333333148, 0.5000000000000000000, -0.2465033242958173387 ) ) ;
#2095 = CARTESIAN_POINT ( 'NONE',  ( 0.3613447680467306578, -0.3463994685810308782, -0.4697481984607257965 ) ) ;
#2096 = CARTESIAN_POINT ( 'NONE',  ( 0.3817056657736871417, 0.3824510891052025907, 0.2204019706441118220 ) ) ;
#2097 = EDGE_CURVE ( 'NONE', #1351, #444, #157, .T. ) ;
#2098 = CARTESIAN_POINT ( 'NONE',  ( -9.184850993605148438E-17, 0.5000000000000001110, -1.194030629168669322E-16 ) ) ;
#2099 = CARTESIAN_POINT ( 'NONE',  ( 0.6153913422157812896, 0.2176732406334649372, 0.3054888771552118354 ) ) ;
#2100 = CARTESIAN_POINT ( 'NONE',  ( 0.4991964893043885354, -0.03068821181428516356, -0.2372001679233157467 ) ) ;
#2101 = FACE_OUTER_BOUND ( 'NONE', #705, .T. ) ;
#2102 = ORIENTED_EDGE ( 'NONE', *, *, #1126, .T. ) ;
#2103 = CARTESIAN_POINT ( 'NONE',  ( 0.4577084580128976121, 0.02708629422938634360, 0.2408832565073087961 ) ) ;
#2104 = CARTESIAN_POINT ( 'NONE',  ( 0.3744409935244751853, 0.3856338551820130967, 0.2161826447541039531 ) ) ;
#2105 = CARTESIAN_POINT ( 'NONE',  ( 0.2960202033971977564, 0.4467234881290546022, 0.2252125013856825786 ) ) ;
#2106 = CARTESIAN_POINT ( 'NONE',  ( 0.4938438068560320193, 0.1052920006073499865, 0.2717067486317414904 ) ) ;
#2107 = DIRECTION ( 'NONE',  ( 1.000000000000000000, 0.000000000000000000, 0.000000000000000000 ) ) ;
#2108 = FACE_BOUND ( 'NONE', #30, .T. ) ;
#2109 = EDGE_CURVE ( 'NONE', #1165, #442, #657, .T. ) ;
#2110 = CARTESIAN_POINT ( 'NONE',  ( 0.3614126579356333191, 0.3913417721575717101, 0.2086157798264160479 ) ) ;
#2111 = CARTESIAN_POINT ( 'NONE',  ( 0.6387901666839517212, 0.05002052792790005059, -0.3717094116857132535 ) ) ;
#2112 = DIRECTION ( 'NONE',  ( 1.000000000000000000, 0.000000000000000000, 0.000000000000000000 ) ) ;
#2113 = CARTESIAN_POINT ( 'NONE',  ( 0.6348201112546304481, 0.08333333333333332871, 0.3656235161413384782 ) ) ;
#2114 = ORIENTED_EDGE ( 'NONE', *, *, #1723, .F. ) ;
#2115 = CARTESIAN_POINT ( 'NONE',  ( 0.5214105369334639528, 0.3121399140899571711, -0.2056434467844740765 ) ) ;
#2116 = CARTESIAN_POINT ( 'NONE',  ( 0.5000000000000000000, 0.1673394999523187821, -0.5000000000000000000 ) ) ;
#2117 = CARTESIAN_POINT ( 'NONE',  ( 0.2459677681956037310, 0.4762585452837945210, 0.1537173324824884502 ) ) ;
#2118 = DIRECTION ( 'NONE',  ( -0.000000000000000000, -0.7859362886474010601, 0.6183074883802954780 ) ) ;
#2119 = CALENDAR_DATE ( 2026, 25, 3 ) ;
#2120 = CARTESIAN_POINT ( 'NONE',  ( 0.5000000000000000000, 0.3628183920165519716, 0.2791338345213145167 ) ) ;
#2121 = CARTESIAN_POINT ( 'NONE',  ( 0.5102687377638344124, -0.3106365533764721687, 0.3925144136644557191 ) ) ;
#2122 = CARTESIAN_POINT ( 'NONE',  ( 0.2521258295109816139, 0.4584339131909795917, 0.03747761675093649186 ) ) ;
#2123 = AXIS2_PLACEMENT_3D ( 'NONE', #262, #2281, #662 ) ;
#2124 = CARTESIAN_POINT ( 'NONE',  ( 0.5024676521015927211, -0.06913504789620553148, 0.3686766311938745044 ) ) ;
#2125 = CARTESIAN_POINT ( 'NONE',  ( 0.4575535399978374329, 0.02401657235460056411, -0.2395168005643517339 ) ) ;
#2126 = AXIS2_PLACEMENT_3D ( 'NONE', #835, #2650, #613 ) ;
#2127 = CARTESIAN_POINT ( 'NONE',  ( 0.5000000000000000000, -0.04999999999999994726, -0.1936491673103457045 ) ) ;
#2128 = EDGE_CURVE ( 'NONE', #2839, #2082, #448, .T. ) ;
#2129 = CARTESIAN_POINT ( 'NONE',  ( 0.3995578943614856993, 0.4030541812680217828, 0.2959158508127197051 ) ) ;
#2130 = DIRECTION ( 'NONE',  ( 0.000000000000000000, 0.000000000000000000, 1.000000000000000000 ) ) ;
#2131 = CARTESIAN_POINT ( 'NONE',  ( 0.5023453702269781163, 0.3062336207566268009, 0.2100662418480480631 ) ) ;
#2132 = CARTESIAN_POINT ( 'NONE',  ( 0.4613313735903563639, 0.2069108511134364892, -0.2470100861124572833 ) ) ;
#2133 = CARTESIAN_POINT ( 'NONE',  ( 0.6484796572161803940, -0.02595811512660954959, -0.3750000000000000555 ) ) ;
#2134 = CARTESIAN_POINT ( 'NONE',  ( 0.3968565546238982944, -0.3093409464139917353, 0.3968565546239300468 ) ) ;
#2135 = CARTESIAN_POINT ( 'NONE',  ( 0.3543515524875953671, 0.4191672338938191578, -0.2725781172981504019 ) ) ;
#2136 = CYLINDRICAL_SURFACE ( 'NONE', #1514, 0.3750000000000000555 ) ;
#2137 = CARTESIAN_POINT ( 'NONE',  ( 0.4581410925031476622, 0.03659049489165745739, -0.2447325720902304158 ) ) ;
#2138 = ORIENTED_EDGE ( 'NONE', *, *, #1474, .T. ) ;
#2139 = CARTESIAN_POINT ( 'NONE',  ( 0.3543515524875953671, 0.4191672338938191578, -0.2725781172981504019 ) ) ;
#2140 = CARTESIAN_POINT ( 'NONE',  ( 0.5000000000000000000, 0.1789275763356729110, 0.5123840470236094014 ) ) ;
#2141 = ADVANCED_FACE ( 'NONE', ( #2882 ), #1272, .T. ) ;
#2142 = CARTESIAN_POINT ( 'NONE',  ( 0.2630517368020445224, 0.4657664081236811415, -0.1820871814373294373 ) ) ;
#2143 = DIRECTION ( 'NONE',  ( -0.000000000000000000, 0.7076923076923077316, 0.7065207694280020156 ) ) ;
#2144 = ORIENTED_EDGE ( 'NONE', *, *, #2269, .F. ) ;
#2145 = LINE ( 'NONE', #95, #991 ) ;
#2146 = DATE_AND_TIME ( #2119, #2946 ) ;
#2147 = DIRECTION ( 'NONE',  ( 0.000000000000000000, 0.000000000000000000, -1.000000000000000000 ) ) ;
#2148 = CARTESIAN_POINT ( 'NONE',  ( 0.4848324972623400120, 0.2093947388065951210, -0.5000000000000000000 ) ) ;
#2149 = DIRECTION ( 'NONE',  ( 0.000000000000000000, 0.000000000000000000, 1.000000000000000000 ) ) ;
#2150 = DIRECTION ( 'NONE',  ( 0.000000000000000000, 0.000000000000000000, 1.000000000000000000 ) ) ;
#2151 = DIRECTION ( 'NONE',  ( 0.000000000000000000, 0.000000000000000000, -1.000000000000000000 ) ) ;
#2152 = CARTESIAN_POINT ( 'NONE',  ( 0.5000000000000000000, 0.2706739195613269144, 0.3826847348055724685 ) ) ;
#2153 = ORIENTED_EDGE ( 'NONE', *, *, #185, .T. ) ;
#2154 = EDGE_CURVE ( 'NONE', #1886, #2396, #1743, .T. ) ;
#2155 = CARTESIAN_POINT ( 'NONE',  ( 0.2221305885424136872, 0.4917853271895583078, 0.09093150287939892606 ) ) ;
#2156 = CYLINDRICAL_SURFACE ( 'NONE', #2356, 0.1300000000000000044 ) ;
#2157 = ORIENTED_EDGE ( 'NONE', *, *, #453, .T. ) ;
#2158 = CARTESIAN_POINT ( 'NONE',  ( 0.6223893071562952573, 0.1897395485239287416, -0.3237672428973254468 ) ) ;
#2159 = MECHANICAL_CONTEXT ( 'NONE', #1714, 'mechanical' ) ;
#2160 = ADVANCED_FACE ( 'NONE', ( #2868 ), #759, .T. ) ;
#2161 = CARTESIAN_POINT ( 'NONE',  ( 0.4604298592607600216, 0.2046823880624373537, -0.2468614273562772243 ) ) ;
#2162 = CARTESIAN_POINT ( 'NONE',  ( 0.4478311104812570109, -0.3631699250513668042, 0.3444854696009617689 ) ) ;
#2163 = DIRECTION ( 'NONE',  ( 0.000000000000000000, 0.000000000000000000, 1.000000000000000000 ) ) ;
#2164 = CARTESIAN_POINT ( 'NONE',  ( 0.4956790276660953953, 0.07232272807010946269, -0.2754245637843479311 ) ) ;
#2165 = CARTESIAN_POINT ( 'NONE',  ( 0.5000000000000000000, 0.3278460744626004453, 0.2179449471770336932 ) ) ;
#2166 = LINE ( 'NONE', #328, #1984 ) ;
#2167 = AXIS2_PLACEMENT_3D ( 'NONE', #1692, #1501, #153 ) ;
#2168 = DIRECTION ( 'NONE',  ( 0.000000000000000000, -1.000000000000000000, 0.000000000000000000 ) ) ;
#2169 = VECTOR ( 'NONE', #1352, 39.37007874015748143 ) ;
#2170 = CARTESIAN_POINT ( 'NONE',  ( 0.2879353252504589511, 0.4824045158784651677, 0.1345081086059634612 ) ) ;
#2171 = CARTESIAN_POINT ( 'NONE',  ( 0.5000000000000000000, 0.000000000000000000, 0.000000000000000000 ) ) ;
#2172 = AXIS2_PLACEMENT_3D ( 'NONE', #75, #941, #2306 ) ;
#2173 = ORIENTED_EDGE ( 'NONE', *, *, #2878, .F. ) ;
#2174 = CARTESIAN_POINT ( 'NONE',  ( 0.4570914557122956468, 0.01926379927312095452, -0.2357012409578359835 ) ) ;
#2175 = APPROVAL_DATE_TIME ( #2367, #925 ) ;
#2176 = CARTESIAN_POINT ( 'NONE',  ( 0.4740431213417305445, 0.3875218405704231595, 0.2611993101967571285 ) ) ;
#2177 =( BOUNDED_SURFACE ( )  B_SPLINE_SURFACE ( 3, 2, ( 
 ( #1746, #1972, #1560 ),
 ( #648, #2194, #2434 ),
 ( #427, #1304, #1545 ),
 ( #1115, #1334, #1073 ),
 ( #2237, #2208, #178 ),
 ( #2706, #846, #2447 ),
 ( #2662, #410, #2018 ),
 ( #1531, #2933, #624 ),
 ( #1990, #1317, #396 ),
 ( #2905, #1759, #2223 ),
 ( #1786, #2033, #667 ),
 ( #1574, #2478, #439 ),
 ( #1127, #905, #473 ),
 ( #1188, #1378, #2315 ),
 ( #2539, #19, #2099 ),
 ( #2270, #71, #935 ),
 ( #757, #56, #486 ),
 ( #2287, #2754, #2065 ),
 ( #1867, #965, #236 ),
 ( #2511, #1633, #2784 ),
 ( #1819, #456, #1142 ),
 ( #282, #977, #741 ),
 ( #2736, #1647, #267 ),
 ( #1836, #727, #2328 ) ),
 .UNSPECIFIED., .F., .F., .T. ) 
 B_SPLINE_SURFACE_WITH_KNOTS ( ( 4, 2, 2, 2, 2, 2, 2, 2, 2, 2, 2, 4 ),
 ( 3, 3 ),
 ( 0.01752054232254143806, 0.01838321747835819711, 0.01924589263417495616, 0.02010856778999171174, 0.02053990536790008953, 0.02097124294580847079, 0.02183391810162522984, 0.02226525567953360762, 0.02269659325744198541, 0.02312793083535036320, 0.02355926841325874446, 0.02442194356907550351 ),
 ( 0.000000000000000000, 1.000000000000000000 ),
 .UNSPECIFIED. ) 
 GEOMETRIC_REPRESENTATION_ITEM ( )  RATIONAL_B_SPLINE_SURFACE ( (
 ( 1.000000000000000000, 0.8460260296211370434, 1.000000000000000000),
 ( 1.000000000000000000, 0.8471843912872007998, 1.000000000000000000),
 ( 1.000000000000000000, 0.8489301997912621633, 1.000000000000000000),
 ( 1.000000000000000000, 0.8528849945513337083, 1.000000000000000000),
 ( 1.000000000000000000, 0.8550529286447899890, 1.000000000000000000),
 ( 1.000000000000000000, 0.8588596249711849540, 1.000000000000000000),
 ( 1.000000000000000000, 0.8604318086686666422, 1.000000000000000000),
 ( 1.000000000000000000, 0.8617141412152203861, 1.000000000000000000),
 ( 1.000000000000000000, 0.8619644187277302194, 1.000000000000000000),
 ( 1.000000000000000000, 0.8620391549702199896, 1.000000000000000000),
 ( 1.000000000000000000, 0.8618599762728509361, 1.000000000000000000),
 ( 1.000000000000000000, 0.8606640469801605242, 1.000000000000000000),
 ( 1.000000000000000000, 0.8589800415292877522, 1.000000000000000000),
 ( 1.000000000000000000, 0.8553529289897560117, 1.000000000000000000),
 ( 1.000000000000000000, 0.8539563022234221146, 1.000000000000000000),
 ( 1.000000000000000000, 0.8509422125096833822, 1.000000000000000000),
 ( 1.000000000000000000, 0.8493212105157931235, 1.000000000000000000),
 ( 1.000000000000000000, 0.8459588521755497803, 1.000000000000000000),
 ( 1.000000000000000000, 0.8442175342354807377, 1.000000000000000000),
 ( 1.000000000000000000, 0.8407256243621324954, 1.000000000000000000),
 ( 1.000000000000000000, 0.8389677895078043735, 1.000000000000000000),
 ( 1.000000000000000000, 0.8339115332376340062, 1.000000000000000000),
 ( 1.000000000000000000, 0.8308409571415487083, 1.000000000000000000),
 ( 1.000000000000000000, 0.8284304890178175729, 1.000000000000000000) ) ) 
 REPRESENTATION_ITEM ( '' )  SURFACE ( )  );
#2178 = CARTESIAN_POINT ( 'NONE',  ( 0.3246135686512808260, -0.3836105473338795591, 0.3246135686512455210 ) ) ;
#2179 = ADVANCED_FACE ( 'NONE', ( #2293 ), #2822, .T. ) ;
#2180 = DIRECTION ( 'NONE',  ( 0.8220016250770411093, -0.3104583763476432834, 0.4774190244704214492 ) ) ;
#2181 = CARTESIAN_POINT ( 'NONE',  ( 0.5760944477561934507, 0.2930102584917066433, -0.2341247019810060170 ) ) ;
#2182 = CARTESIAN_POINT ( 'NONE',  ( 0.5000000000000000000, -0.04999999999999998196, -0.1936491673103708788 ) ) ;
#2183 = CARTESIAN_POINT ( 'NONE',  ( 1.250000000000000000, 0.000000000000000000, 0.4274999999999999911 ) ) ;
#2184 = B_SPLINE_CURVE_WITH_KNOTS ( 'NONE', 3,
 ( #539, #1447, #2348, #2391 ),
 .UNSPECIFIED., .F., .F.,
 ( 4, 4 ),
 ( 0.000000000000000000, 0.0001676674902350633518 ),
 .UNSPECIFIED. ) ;
#2185 = FACE_OUTER_BOUND ( 'NONE', #2455, .T. ) ;
#2186 = CARTESIAN_POINT ( 'NONE',  ( 0.2831989364900602268, 0.4845132442299732722, -0.1254458676560630259 ) ) ;
#2187 = CARTESIAN_POINT ( 'NONE',  ( 0.4619755234647980879, 0.3936257094952965718, 0.3083554497606104117 ) ) ;
#2188 = CARTESIAN_POINT ( 'NONE',  ( 0.5000000000000000000, 0.04242400169509985552, -0.2531289962090043644 ) ) ;
#2189 = CARTESIAN_POINT ( 'NONE',  ( 0.5000000000000001110, 0.3670158974625310488, 0.2824043265049105411 ) ) ;
#2190 = CARTESIAN_POINT ( 'NONE',  ( -9.184850993605148438E-17, -0.5000000000000001110, 1.194030629168669322E-16 ) ) ;
#2191 = CARTESIAN_POINT ( 'NONE',  ( 0.4293121936760515012, 0.3662465263983206154, -0.2399581330701421600 ) ) ;
#2192 = EDGE_CURVE ( 'NONE', #1993, #41, #1439, .T. ) ;
#2193 = CARTESIAN_POINT ( 'NONE',  ( 0.4762091706696952031, 0.1870945493426204864, -0.2531363508093572579 ) ) ;
#2194 = CARTESIAN_POINT ( 'NONE',  ( 0.4704502292741152836, 0.2950860320950544069, 0.2488636384129526702 ) ) ;
#2195 = ORIENTED_EDGE ( 'NONE', *, *, #2449, .F. ) ;
#2196 = DIRECTION ( 'NONE',  ( 0.000000000000000000, -0.7872684101826702419, 0.6166104526590923118 ) ) ;
#2197 = ORIENTED_EDGE ( 'NONE', *, *, #216, .T. ) ;
#2198 = CARTESIAN_POINT ( 'NONE',  ( 0.5000000000000000000, 0.2088571954997432423, 0.4842849127597960712 ) ) ;
#2199 = CARTESIAN_POINT ( 'NONE',  ( 0.2581971050086244723, 0.4540616343046061654, 0.06416162277239097211 ) ) ;
#2200 = CARTESIAN_POINT ( 'NONE',  ( 0.5000000000000000000, -0.04663545637670870464, -0.2201139118923110261 ) ) ;
#2201 = ORIENTED_EDGE ( 'NONE', *, *, #1183, .T. ) ;
#2202 = DIRECTION ( 'NONE',  ( 0.000000000000000000, 0.000000000000000000, -1.000000000000000000 ) ) ;
#2203 = COORDINATED_UNIVERSAL_TIME_OFFSET ( 8, 0, .BEHIND. ) ;
#2204 = CARTESIAN_POINT ( 'NONE',  ( 0.4882851033127872387, 0.3853994672539883815, 0.3000030253741053921 ) ) ;
#2205 = CARTESIAN_POINT ( 'NONE',  ( 0.4586516011836169193, 0.2026146260317155390, 0.2465574293841185927 ) ) ;
#2206 = DIRECTION ( 'NONE',  ( 0.000000000000000000, -1.000000000000000000, 0.000000000000000000 ) ) ;
#2207 = CARTESIAN_POINT ( 'NONE',  ( 0.4758599613424857044, 0.2926988970331600437, -0.2508562854104430251 ) ) ;
#2208 = CARTESIAN_POINT ( 'NONE',  ( 0.4916472951890212273, 0.2819718828090747031, 0.2598704113680507799 ) ) ;
#2209 = VERTEX_POINT ( 'NONE', #2531 ) ;
#2210 = CARTESIAN_POINT ( 'NONE',  ( 0.4673806415945820913, 0.2207620696765341117, -0.2478672708294384908 ) ) ;
#2211 = EDGE_CURVE ( 'NONE', #966, #2295, #325, .T. ) ;
#2212 = CARTESIAN_POINT ( 'NONE',  ( 0.2541035910634812378, 0.4570102805587743511, -0.04603414179266102080 ) ) ;
#2213 = CARTESIAN_POINT ( 'NONE',  ( 0.4774628719027779744, 0.2255109667813570973, -0.2496347245078716082 ) ) ;
#2214 = VERTEX_POINT ( 'NONE', #494 ) ;
#2215 = CARTESIAN_POINT ( 'NONE',  ( 0.5000000000000000000, 0.03507329843464719599, -0.2514997128412647109 ) ) ;
#2216 = AXIS2_PLACEMENT_3D ( 'NONE', #2694, #2227, #640 ) ;
#2217 = CIRCLE ( 'NONE', #655, 0.5000000000000000000 ) ;
#2218 = CARTESIAN_POINT ( 'NONE',  ( 0.4907343182179542684, 0.3969247968131049964, 0.2830603780892396726 ) ) ;
#2219 = CARTESIAN_POINT ( 'NONE',  ( 0.5170675078837378980, 0.3038530633559285432, -0.3977442368336261413 ) ) ;
#2220 = CARTESIAN_POINT ( 'NONE',  ( 0.4948353655326871436, 0.3795727316848874766, -0.2935896579240728221 ) ) ;
#2221 = CIRCLE ( 'NONE', #1745, 0.04000000000000000083 ) ;
#2222 = CARTESIAN_POINT ( 'NONE',  ( 0.5909252900832064892, 0.2738112798740479636, -0.2563497773869055085 ) ) ;
#2223 = CARTESIAN_POINT ( 'NONE',  ( 0.5873580658083269457, 0.2790842890055129089, 0.2505800786059361740 ) ) ;
#2224 = ORIENTED_EDGE ( 'NONE', *, *, #1113, .F. ) ;
#2225 = FACE_OUTER_BOUND ( 'NONE', #537, .T. ) ;
#2226 = ORIENTED_EDGE ( 'NONE', *, *, #651, .F. ) ;
#2227 = DIRECTION ( 'NONE',  ( 0.000000000000000000, 0.000000000000000000, 1.000000000000000000 ) ) ;
#2228 = ADVANCED_FACE ( 'NONE', ( #2334 ), #506, .T. ) ;
#2229 = EDGE_CURVE ( 'NONE', #2209, #970, #2217, .T. ) ;
#2230 = CARTESIAN_POINT ( 'NONE',  ( 0.4848314142991523301, 0.2364116694812075647, -0.2495653175475142371 ) ) ;
#2231 = ORIENTED_EDGE ( 'NONE', *, *, #1488, .F. ) ;
#2232 = APPROVAL_ROLE ( '' ) ;
#2233 = CARTESIAN_POINT ( 'NONE',  ( 0.4724762478797672194, 0.3954943195473560325, 0.2733972422763504828 ) ) ;
#2234 = CARTESIAN_POINT ( 'NONE',  ( -1.723668220446773530E-15, 0.5000000000000001110, 1.301651459571504456E-15 ) ) ;
#2235 = CARTESIAN_POINT ( 'NONE',  ( 0.4682730920480855930, 0.3988418124755205296, -0.2912330142991446658 ) ) ;
#2236 = CARTESIAN_POINT ( 'NONE',  ( 0.5268434373238701784, 0.2133205179787536765, -0.3114407629732422467 ) ) ;
#2237 = CARTESIAN_POINT ( 'NONE',  ( 0.4713923981547556985, 0.1936696118916183262, 0.2505274717829343856 ) ) ;
#2238 = ORIENTED_EDGE ( 'NONE', *, *, #1941, .F. ) ;
#2239 = CARTESIAN_POINT ( 'NONE',  ( 0.4692660566066224614, 0.2146890653536210336, 0.2485541509955049577 ) ) ;
#2240 = ORIENTED_EDGE ( 'NONE', *, *, #1636, .F. ) ;
#2241 = CARTESIAN_POINT ( 'NONE',  ( 0.3378854642871568226, 0.4035639710019269799, -0.1903125779096307979 ) ) ;
#2242 = ORIENTED_EDGE ( 'NONE', *, *, #2750, .F. ) ;
#2243 = CARTESIAN_POINT ( 'NONE',  ( 0.4848324972623415108, 0.2093947388065937887, 0.5000000000000000000 ) ) ;
#2244 = ORIENTED_EDGE ( 'NONE', *, *, #2951, .F. ) ;
#2245 = APPROVAL_STATUS ( 'not_yet_approved' ) ;
#2246 = CC_DESIGN_PERSON_AND_ORGANIZATION_ASSIGNMENT ( #143, #1034, ( #1452 ) ) ;
#2247 = EDGE_CURVE ( 'NONE', #2054, #1394, #622, .T. ) ;
#2248 = DIRECTION ( 'NONE',  ( 0.000000000000000000, 0.000000000000000000, -1.000000000000000000 ) ) ;
#2249 = CARTESIAN_POINT ( 'NONE',  ( 0.4613878563966072321, 0.2006529797831314299, -0.4613878563961321122 ) ) ;
#2250 = B_SPLINE_CURVE_WITH_KNOTS ( 'NONE', 3,
 ( #5, #907, #1805, #2036 ),
 .UNSPECIFIED., .F., .F.,
 ( 4, 4 ),
 ( 1.734723475976806902E-18, 0.003781388631361078112 ),
 .UNSPECIFIED. ) ;
#2251 = CARTESIAN_POINT ( 'NONE',  ( 0.4708825923596530183, 0.3978845107466016939, -0.2811398465915627143 ) ) ;
#2252 = EDGE_CURVE ( 'NONE', #13, #1787, #819, .T. ) ;
#2253 = CARTESIAN_POINT ( 'NONE',  ( 0.4738540753900555291, 0.3583571748594727713, -0.2486290220917322935 ) ) ;
#2254 = CARTESIAN_POINT ( 'NONE',  ( 0.5000000000000000000, 0.3278460744626004453, 0.2179449471770336932 ) ) ;
#2255 = ORIENTED_EDGE ( 'NONE', *, *, #1166, .F. ) ;
#2256 = CARTESIAN_POINT ( 'NONE',  ( 0.4822992130418686796, 0.2630846196362935374, -0.2455047079938477150 ) ) ;
#2257 = ORIENTED_EDGE ( 'NONE', *, *, #2469, .T. ) ;
#2258 = CARTESIAN_POINT ( 'NONE',  ( 0.3543515524875953671, 0.4191672338938191578, -0.2725781172981504019 ) ) ;
#2259 = ORIENTED_EDGE ( 'NONE', *, *, #32, .F. ) ;
#2260 = CARTESIAN_POINT ( 'NONE',  ( 0.4677204265603000510, 0.2219373814073297146, -0.2478709658953223705 ) ) ;
#2261 = EDGE_LOOP ( 'NONE', ( #1414, #103, #1148, #2472 ) ) ;
#2262 = AXIS2_PLACEMENT_3D ( 'NONE', #2171, #1296, #2652 ) ;
#2263 = CARTESIAN_POINT ( 'NONE',  ( 0.5000000000000000000, 0.1663933972204585388, -0.5010466366427617224 ) ) ;
#2264 = AXIS2_PLACEMENT_3D ( 'NONE', #1582, #1596, #1814 ) ;
#2265 = CARTESIAN_POINT ( 'NONE',  ( 0.4068245479556605315, -0.2916443388934352732, -0.5288719123423359925 ) ) ;
#2266 = CARTESIAN_POINT ( 'NONE',  ( 0.3378854642871535474, 0.4035639710019287008, -0.1903125779096280501 ) ) ;
#2267 = CARTESIAN_POINT ( 'NONE',  ( 0.4531411369363129160, 0.4417261004997866114, -0.2461099119702720717 ) ) ;
#2268 = CARTESIAN_POINT ( 'NONE',  ( 0.5000000000000000000, 0.3628286179319907268, 0.2791418864800993549 ) ) ;
#2269 = EDGE_CURVE ( 'NONE', #442, #1116, #2166, .T. ) ;
#2270 = CARTESIAN_POINT ( 'NONE',  ( 0.4923327775513894888, 0.1217115129381389493, 0.2691817234778181578 ) ) ;
#2271 = ORIENTED_EDGE ( 'NONE', *, *, #165, .F. ) ;
#2272 = AXIS2_PLACEMENT_3D ( 'NONE', #1023, #1926, #1702 ) ;
#2273 = CIRCLE ( 'NONE', #2601, 0.4274999999999999911 ) ;
#2274 = CARTESIAN_POINT ( 'NONE',  ( 0.4987849392560705364, 0.2576899136162402182, 0.2461120284930231605 ) ) ;
#2275 = CARTESIAN_POINT ( 'NONE',  ( 0.5338324424569406146, 0.07428491577559068193, 0.3676858419031943104 ) ) ;
#2276 = DIRECTION ( 'NONE',  ( 1.000000000000000000, 0.000000000000000000, 0.000000000000000000 ) ) ;
#2277 = ORIENTED_EDGE ( 'NONE', *, *, #1233, .F. ) ;
#2278 = CARTESIAN_POINT ( 'NONE',  ( 0.4580389498791676006, 0.03370388063606429702, -0.2438008795454710276 ) ) ;
#2279 = DIRECTION ( 'NONE',  ( 1.000000000000000000, 0.000000000000000000, 0.000000000000000000 ) ) ;
#2280 = ORIENTED_EDGE ( 'NONE', *, *, #258, .F. ) ;
#2281 = DIRECTION ( 'NONE',  ( -0.09151142362222880466, 0.9709049855592647438, -0.2212897836837406373 ) ) ;
#2282 = CARTESIAN_POINT ( 'NONE',  ( 0.4591289382141984787, -0.2061659240337196664, -0.4591289382142605957 ) ) ;
#2283 = CARTESIAN_POINT ( 'NONE',  ( 0.4599999999999976885, 0.3905487874613413068, -0.3122044916596752873 ) ) ;
#2284 = B_SPLINE_CURVE_WITH_KNOTS ( 'NONE', 3,
 ( #109, #769, #1938, #1493 ),
 .UNSPECIFIED., .F., .F.,
 ( 4, 4 ),
 ( 0.000000000000000000, 0.001446228410207776741 ),
 .UNSPECIFIED. ) ;
#2285 = CARTESIAN_POINT ( 'NONE',  ( 0.4173917947825232511, 0.2813274486834830834, 0.4173917947825235286 ) ) ;
#2286 = CARTESIAN_POINT ( 'NONE',  ( 0.5000000000000000000, 0.3584207495018294498, 0.2514474228372913234 ) ) ;
#2287 = CARTESIAN_POINT ( 'NONE',  ( 0.4935711332666127826, 0.1076599342258180575, 0.2712646304361888694 ) ) ;
#2288 = EDGE_LOOP ( 'NONE', ( #2138, #1193, #2760 ) ) ;
#2289 = CARTESIAN_POINT ( 'NONE',  ( 0.3127109047181897417, 0.4178403063344579005, -0.1665266375449733494 ) ) ;
#2290 = ADVANCED_FACE ( 'NONE', ( #1473 ), #1720, .T. ) ;
#2291 = CARTESIAN_POINT ( 'NONE',  ( 0.5000000000000000000, 0.1673394999523187821, -0.5000000000000000000 ) ) ;
#2292 = CARTESIAN_POINT ( 'NONE',  ( 0.4575514107556857279, 0.02470141882030424396, 0.2395218652686520733 ) ) ;
#2293 = FACE_OUTER_BOUND ( 'NONE', #1379, .T. ) ;
#2294 = CARTESIAN_POINT ( 'NONE',  ( 0.5000000000000000000, 0.3249995539368810138, -0.3255384615384615543 ) ) ;
#2295 = VERTEX_POINT ( 'NONE', #2139 ) ;
#2296 = CARTESIAN_POINT ( 'NONE',  ( 0.5000000000000000000, 0.2198994527161624857, 0.4418182938361374656 ) ) ;
#2297 = CARTESIAN_POINT ( 'NONE',  ( 0.3763380554585336046, -0.4083597715968396713, -0.2894908118911938555 ) ) ;
#2298 = CARTESIAN_POINT ( 'NONE',  ( 0.4656514743425836933, 0.2106977464928130317, 0.2478576633547323327 ) ) ;
#2299 = CARTESIAN_POINT ( 'NONE',  ( 0.4048554157079410909, 0.3732626001783895808, -0.2318619535687092004 ) ) ;
#2300 = CARTESIAN_POINT ( 'NONE',  ( 0.5133148328129629734, 0.2827681664568364450, 0.2338330873194375825 ) ) ;
#2301 = ORIENTED_EDGE ( 'NONE', *, *, #1904, .F. ) ;
#2302 = CARTESIAN_POINT ( 'NONE',  ( 0.5145197195050197347, -0.01680265663299591525, -0.3756059495830116890 ) ) ;
#2303 = CARTESIAN_POINT ( 'NONE',  ( 0.4965008397844402621, 0.02427508161107871237, 0.2734305034203424190 ) ) ;
#2304 = CARTESIAN_POINT ( 'NONE',  ( 0.5000000000000000000, 0.01270955943586374141, 0.2379046081538344071 ) ) ;
#2305 = ORIENTED_EDGE ( 'NONE', *, *, #2109, .F. ) ;
#2306 = DIRECTION ( 'NONE',  ( 0.5022360259048442854, 0.000000000000000000, 0.8647305790148216431 ) ) ;
#2307 = CARTESIAN_POINT ( 'NONE',  ( 0.3629007805458302482, 0.4156575356002917832, 0.2779752876215726975 ) ) ;
#2308 = EDGE_CURVE ( 'NONE', #2486, #943, #36, .T. ) ;
#2309 = EDGE_LOOP ( 'NONE', ( #2763, #1291, #2426, #1081, #527 ) ) ;
#2310 = CARTESIAN_POINT ( 'NONE',  ( 0.4999999999999999445, 0.3285604933792766191, -0.1807567486717087668 ) ) ;
#2311 = FACE_OUTER_BOUND ( 'NONE', #689, .T. ) ;
#2312 = CARTESIAN_POINT ( 'NONE',  ( 0.4692660566066227945, 0.2146890653536225324, 0.2485541509955048467 ) ) ;
#2313 = AXIS2_PLACEMENT_3D ( 'NONE', #204, #828, #2443 ) ;
#2314 = CARTESIAN_POINT ( 'NONE',  ( 0.4741165929429770887, 0.4411753570135271696, -0.2489068947967953416 ) ) ;
#2315 = CARTESIAN_POINT ( 'NONE',  ( 0.6132062828243468600, 0.2248699989940086130, 0.3002225071888472985 ) ) ;
#2316 = CARTESIAN_POINT ( 'NONE',  ( 0.2603198640073668413, 0.4525331312893412505, -0.07344647515813529370 ) ) ;
#2317 = CARTESIAN_POINT ( 'NONE',  ( 0.4848324972623400120, 0.2093947388065951210, -0.5000000000000000000 ) ) ;
#2318 = VECTOR ( 'NONE', #841, 39.37007874015748143 ) ;
#2319 = CARTESIAN_POINT ( 'NONE',  ( 0.5000000000000000000, -0.04013043492040024862, 0.2386266985109699312 ) ) ;
#2320 = CARTESIAN_POINT ( 'NONE',  ( 0.5200856212926768807, 0.2982988976753354060, -0.2217103423366424964 ) ) ;
#2321 = VECTOR ( 'NONE', #694, 39.37007874015748143 ) ;
#2322 = CYLINDRICAL_SURFACE ( 'NONE', #1177, 0.04999999999999998196 ) ;
#2323 = ADVANCED_FACE ( 'NONE', ( #2390 ), #2373, .F. ) ;
#2324 = CARTESIAN_POINT ( 'NONE',  ( 0.3383437262916394461, 0.4631229551886135720, 0.1924547709351126790 ) ) ;
#2325 = CARTESIAN_POINT ( 'NONE',  ( 0.3805707983120085736, -0.3290552758035577563, -0.3805707983120767968 ) ) ;
#2326 = CARTESIAN_POINT ( 'NONE',  ( 0.4659090909090908839, 0.2168968143385732461, 0.2476647127011746552 ) ) ;
#2327 = DIRECTION ( 'NONE',  ( 0.000000000000000000, 0.000000000000000000, -1.000000000000000000 ) ) ;
#2328 = CARTESIAN_POINT ( 'NONE',  ( 0.6348201112546306701, 0.08333333333333112214, 0.3656235161413389223 ) ) ;
#2329 = ORIENTED_EDGE ( 'NONE', *, *, #2343, .F. ) ;
#2330 = CARTESIAN_POINT ( 'NONE',  ( 0.6364279153993287474, 0.06660317049817598978, -0.3690533258968350938 ) ) ;
#2331 = CARTESIAN_POINT ( 'NONE',  ( 0.4584753758612425956, 0.2025582899093353317, 0.2465273024075467778 ) ) ;
#2332 = CARTESIAN_POINT ( 'NONE',  ( 0.5000000000000000000, 0.05000000000000000971, 0.2535462764185549278 ) ) ;
#2333 = VERTEX_POINT ( 'NONE', #2835 ) ;
#2334 = FACE_OUTER_BOUND ( 'NONE', #1476, .T. ) ;
#2335 = CARTESIAN_POINT ( 'NONE',  ( 0.4600000000000000200, 0.000000000000000000, 0.000000000000000000 ) ) ;
#2336 = ORIENTED_EDGE ( 'NONE', *, *, #2488, .T. ) ;
#2337 = CARTESIAN_POINT ( 'NONE',  ( 0.2568749346110251741, 0.4694084480901594691, 0.1732860959892083830 ) ) ;
#2338 = CARTESIAN_POINT ( 'NONE',  ( 0.4699999999999999734, 0.3645715524343289271, -0.2805130712740912524 ) ) ;
#2339 = EDGE_CURVE ( 'NONE', #1774, #1335, #2757, .T. ) ;
#2340 = CARTESIAN_POINT ( 'NONE',  ( 0.000000000000000000, 0.000000000000000000, 0.000000000000000000 ) ) ;
#2341 = CARTESIAN_POINT ( 'NONE',  ( 0.4640102613036450885, 0.2087867783928380183, -0.2475380436275266827 ) ) ;
#2342 = CARTESIAN_POINT ( 'NONE',  ( 0.4440782691495090417, -0.2309915637634195329, 0.5773017498945317572 ) ) ;
#2343 = EDGE_CURVE ( 'NONE', #1351, #733, #1331, .T. ) ;
#2344 = CARTESIAN_POINT ( 'NONE',  ( 0.5238968149512650552, 0.02148826647398358047, -0.3755529139320843424 ) ) ;
#2345 = CARTESIAN_POINT ( 'NONE',  ( 0.6479537559586757700, -0.02327375802457017084, 0.3745288015780807167 ) ) ;
#2346 = CARTESIAN_POINT ( 'NONE',  ( 0.5000000000000000000, 0.02463675271662421618, 0.2470885396294749681 ) ) ;
#2347 = CARTESIAN_POINT ( 'NONE',  ( 0.4575085347961956872, 0.02410140458566782315, 0.2391557136496053615 ) ) ;
#2348 = CARTESIAN_POINT ( 'NONE',  ( 0.5000000000000000000, 0.3606511688438159835, -0.2783882181415680557 ) ) ;
#2349 = ORIENTED_EDGE ( 'NONE', *, *, #1113, .T. ) ;
#2350 = FACE_OUTER_BOUND ( 'NONE', #2288, .T. ) ;
#2351 = CARTESIAN_POINT ( 'NONE',  ( 0.5000000000000000000, 0.3645715524343252079, 0.2805130712740979138 ) ) ;
#2352 = DIRECTION ( 'NONE',  ( 0.000000000000000000, -1.000000000000000000, 0.000000000000000000 ) ) ;
#2353 = B_SPLINE_CURVE_WITH_KNOTS ( 'NONE', 3,
 ( #978, #2526, #2289, #1411, #310, #714, #758, #1664, #2316, #82, #1622, #488, #2569, #1214, #2122, #2067, #22, #1395, #954, #1856, #2774, #1634, #2541, #503 ),
 .UNSPECIFIED., .F., .F.,
 ( 4, 2, 2, 2, 2, 2, 2, 2, 2, 2, 2, 4 ),
 ( 0.003996036487018821658, 0.005432238637794019678, 0.006150339713181617388, 0.006868440788569216832, 0.008304642939344412250, 0.009022744014732011694, 0.009740845090119611138, 0.01117704724089480656, 0.01189514831628240774, 0.01261324939167000544, 0.01404945154244520086, 0.01548565369322039975 ),
 .UNSPECIFIED. ) ;
#2354 = CARTESIAN_POINT ( 'NONE',  ( 0.4727472570967771737, 0.3969252699749389879, -0.2736833398981003973 ) ) ;
#2355 = CARTESIAN_POINT ( 'NONE',  ( 0.2880209178661151115, -0.4357716060189145146, 0.3744271932259496394 ) ) ;
#2356 = AXIS2_PLACEMENT_3D ( 'NONE', #1251, #1065, #1964 ) ;
#2357 = EDGE_CURVE ( 'NONE', #13, #11, #416, .T. ) ;
#2358 = CARTESIAN_POINT ( 'NONE',  ( 0.5199999999999999067, 0.000000000000000000, 0.000000000000000000 ) ) ;
#2359 = CARTESIAN_POINT ( 'NONE',  ( 0.5000000000000000000, 0.000000000000000000, -0.5000000000000000000 ) ) ;
#2360 = VERTEX_POINT ( 'NONE', #849 ) ;
#2361 = DIRECTION ( 'NONE',  ( 0.000000000000000000, -1.000000000000000000, 0.000000000000000000 ) ) ;
#2362 = AXIS2_PLACEMENT_3D ( 'NONE', #1278, #1928, #1518 ) ;
#2363 = CARTESIAN_POINT ( 'NONE',  ( 0.5000000000000000000, 0.1663933972204584832, 0.5010466366427617224 ) ) ;
#2364 = CARTESIAN_POINT ( 'NONE',  ( 0.4741401195200106167, 0.3759407648186538498, -0.2516515933043327879 ) ) ;
#2365 = CARTESIAN_POINT ( 'NONE',  ( 0.4918028962798957626, 0.3830659749701621486, 0.2971696584086656601 ) ) ;
#2366 = DIRECTION ( 'NONE',  ( 0.000000000000000000, -1.000000000000000000, 0.000000000000000000 ) ) ;
#2367 = DATE_AND_TIME ( #1466, #467 ) ;
#2368 = CARTESIAN_POINT ( 'NONE',  ( 0.4357027686426512281, 0.2463538929224570462, 0.5664135992355350258 ) ) ;
#2369 = CARTESIAN_POINT ( 'NONE',  ( 0.04744215277463775110, -0.5000000000000000000, 0.06167479860702905492 ) ) ;
#2370 = CARTESIAN_POINT ( 'NONE',  ( 0.4771510946784335849, 0.2580858402887367675, -0.4519135500098667158 ) ) ;
#2371 = CARTESIAN_POINT ( 'NONE',  ( 0.5000000000000334177, -0.07772576062778722983, 0.3668565198205313016 ) ) ;
#2372 = CARTESIAN_POINT ( 'NONE',  ( 0.5611878037641881978, 0.3072079280380990984, 0.2153383867505849758 ) ) ;
#2373 = CYLINDRICAL_SURFACE ( 'NONE', #2409, 0.02999999999999998848 ) ;
#2374 = CC_DESIGN_PERSON_AND_ORGANIZATION_ASSIGNMENT ( #1895, #2815, ( #42 ) ) ;
#2375 = EDGE_CURVE ( 'NONE', #2849, #1121, #1929, .T. ) ;
#2376 = CARTESIAN_POINT ( 'NONE',  ( 0.4938721330842091306, 0.1970130448050886607, 0.4999999999999998335 ) ) ;
#2377 = ORIENTED_EDGE ( 'NONE', *, *, #652, .T. ) ;
#2378 = CARTESIAN_POINT ( 'NONE',  ( 0.4659090909090908839, 0.3484514888512382780, -0.2476647127011745997 ) ) ;
#2379 = CARTESIAN_POINT ( 'NONE',  ( 0.5000000000000000000, -0.04999999999999998196, -0.1936491673103708788 ) ) ;
#2380 = ORIENTED_EDGE ( 'NONE', *, *, #2894, .F. ) ;
#2381 = CARTESIAN_POINT ( 'NONE',  ( 0.6307405053578724052, 0.1386706787787531647, -0.3495861412841160254 ) ) ;
#2382 = SECURITY_CLASSIFICATION_LEVEL ( 'unclassified' ) ;
#2383 = DIRECTION ( 'NONE',  ( 1.000000000000000000, -0.000000000000000000, -0.000000000000000000 ) ) ;
#2384 =( BOUNDED_SURFACE ( )  B_SPLINE_SURFACE ( 3, 2, ( 
 ( #2254, #862, #2918 ),
 ( #888, #1348, #1803 ),
 ( #2463, #2949, #2689 ),
 ( #2887, #1773, #219 ) ),
 .UNSPECIFIED., .F., .F., .F. ) 
 B_SPLINE_SURFACE_WITH_KNOTS ( ( 4, 4 ),
 ( 3, 3 ),
 ( 0.000000000000000000, 0.0008391596913548183580 ),
 ( 0.000000000000000000, 1.000000000000000000 ),
 .UNSPECIFIED. ) 
 GEOMETRIC_REPRESENTATION_ITEM ( )  RATIONAL_B_SPLINE_SURFACE ( (
 ( 1.000000000000000000, 0.6817159061246835794, 1.000000000000000000),
 ( 1.000000000000000000, 0.6913069968173152224, 1.000000000000000000),
 ( 1.000000000000000000, 0.6996784827205342339, 1.000000000000000000),
 ( 1.000000000000000000, 0.7071067811865475727, 1.000000000000000000) ) ) 
 REPRESENTATION_ITEM ( '' )  SURFACE ( )  );
#2385 = CARTESIAN_POINT ( 'NONE',  ( 0.2894908118911594386, -0.4083597715968616537, 0.3763380554585348259 ) ) ;
#2386 = DIRECTION ( 'NONE',  ( 0.000000000000000000, -1.000000000000000000, 0.000000000000000000 ) ) ;
#2387 = CARTESIAN_POINT ( 'NONE',  ( 0.4962050278136580506, 0.05000000000000009992, -0.2766965192874363266 ) ) ;
#2388 = CARTESIAN_POINT ( 'NONE',  ( 0.4499999999999999556, 0.000000000000000000, -0.1936491673103708788 ) ) ;
#2389 = ORIENTED_EDGE ( 'NONE', *, *, #730, .T. ) ;
#2390 = FACE_OUTER_BOUND ( 'NONE', #547, .T. ) ;
#2391 = CARTESIAN_POINT ( 'NONE',  ( 0.5000000000000000000, 0.3584207495018520429, -0.2783882181415010537 ) ) ;
#2392 = EDGE_CURVE ( 'NONE', #569, #1993, #1862, .T. ) ;
#2393 = ADVANCED_FACE ( 'NONE', ( #164, #788 ), #834, .T. ) ;
#2394 = CARTESIAN_POINT ( 'NONE',  ( 0.2699660840070350898, 0.4904609236040354259, -0.09885597931356991663 ) ) ;
#2395 = CARTESIAN_POINT ( 'NONE',  ( 0.4740710032583735911, 0.2274870457123637779, 0.2479222072212652894 ) ) ;
#2396 = VERTEX_POINT ( 'NONE', #1486 ) ;
#2397 = CARTESIAN_POINT ( 'NONE',  ( 0.4699999999999999734, 0.5000000000000000000, 0.2179449471770336932 ) ) ;
#2398 = LENGTH_MEASURE_WITH_UNIT ( LENGTH_MEASURE( 0.02539999999999999897 ), #586 );
#2399 = CARTESIAN_POINT ( 'NONE',  ( 0.4736092173942709205, 0.3913122367075385633, 0.2658435832012579492 ) ) ;
#2400 = CARTESIAN_POINT ( 'NONE',  ( 0.4697481984607261296, -0.3463994685810146135, 0.3613447680467449796 ) ) ;
#2401 = CARTESIAN_POINT ( 'NONE',  ( 0.4986011821156049462, -0.02329976560647407241, 0.2442614095027638710 ) ) ;
#2402 = CARTESIAN_POINT ( 'NONE',  ( 0.4583333333333333148, 0.2022443516585266388, -0.2465033242958173387 ) ) ;
#2403 = ORIENTED_EDGE ( 'NONE', *, *, #1399, .F. ) ;
#2404 = CARTESIAN_POINT ( 'NONE',  ( 0.4861569536513624668, 0.3513361207841013134, -0.2435643246334421586 ) ) ;
#2405 = CIRCLE ( 'NONE', #2123, 0.1500000000000000222 ) ;
#2406 = DIRECTION ( 'NONE',  ( 0.000000000000000000, 0.000000000000000000, -1.000000000000000000 ) ) ;
#2407 = CARTESIAN_POINT ( 'NONE',  ( 0.2824902815549893975, 0.4543182334770676234, 0.2096606869090620884 ) ) ;
#2408 = CARTESIAN_POINT ( 'NONE',  ( 0.4747681562879819128, 0.2423173341846873718, 0.2476211803669110534 ) ) ;
#2409 = AXIS2_PLACEMENT_3D ( 'NONE', #577, #2361, #1046 ) ;
#2410 = AXIS2_PLACEMENT_3D ( 'NONE', #2775, #504, #1591 ) ;
#2411 = VERTEX_POINT ( 'NONE', #2419 ) ;
#2412 = CARTESIAN_POINT ( 'NONE',  ( 0.4582967084356693865, 0.04337295237221738819, -0.2461607351205486738 ) ) ;
#2413 = EDGE_CURVE ( 'NONE', #2957, #1993, #1370, .T. ) ;
#2414 = CARTESIAN_POINT ( 'NONE',  ( 0.6379344319602229252, 0.05574426278233856474, -0.3710978094203575273 ) ) ;
#2415 = CARTESIAN_POINT ( 'NONE',  ( -1.509243859206853501E-16, -0.5000000000000001110, 9.184850993605148438E-17 ) ) ;
#2416 = CARTESIAN_POINT ( 'NONE',  ( 0.5000000000000000000, -0.04663545637670870464, -0.2201139118923110261 ) ) ;
#2417 = CARTESIAN_POINT ( 'NONE',  ( 0.4825098866424932242, 0.1731321038498735143, -0.2577953431193771294 ) ) ;
#2418 = CARTESIAN_POINT ( 'NONE',  ( 0.4649750994859405684, 0.2000549980051726517, -0.2476259876803749427 ) ) ;
#2419 = CARTESIAN_POINT ( 'NONE',  ( 0.3543515524883912304, 0.4191672338934925302, 0.2725781172986528333 ) ) ;
#2420 = CARTESIAN_POINT ( 'NONE',  ( 0.4596539129521906020, 0.2051463445042134848, 0.2467254621317252761 ) ) ;
#2421 = LINE ( 'NONE', #1976, #609 ) ;
#2422 = VERTEX_POINT ( 'NONE', #638 ) ;
#2423 = B_SPLINE_CURVE_WITH_KNOTS ( 'NONE', 3,
 ( #2768, #2096, #962, #724, #232, #1630, #280, #1139 ),
 .UNSPECIFIED., .F., .F.,
 ( 4, 2, 2, 4 ),
 ( 0.01671781389293657688, 0.01740915047530431498, 0.01810048705767205307, 0.01948316022240753273 ),
 .UNSPECIFIED. ) ;
#2424 = CARTESIAN_POINT ( 'NONE',  ( 0.2700284926452295453, 0.4904323324687965280, 0.09899302001594210976 ) ) ;
#2425 = CARTESIAN_POINT ( 'NONE',  ( 0.4676347033020431532, 0.2157811314056419794, -0.2479022422812778848 ) ) ;
#2426 = ORIENTED_EDGE ( 'NONE', *, *, #2857, .T. ) ;
#2427 = CARTESIAN_POINT ( 'NONE',  ( 0.4994952018916455350, 0.3298586892955359118, -0.2719671313553937431 ) ) ;
#2428 = CARTESIAN_POINT ( 'NONE',  ( 0.4782660634341808770, 0.3899038850364360265, 0.3064248956932306700 ) ) ;
#2429 = CARTESIAN_POINT ( 'NONE',  ( 0.2063083401617637758, 0.4593012717203813766, -0.2063083401617274992 ) ) ;
#2430 = B_SPLINE_CURVE_WITH_KNOTS ( 'NONE', 3,
 ( #336, #1454, #2354, #798, #1037, #1956, #1909, #1440 ),
 .UNSPECIFIED., .F., .F.,
 ( 4, 2, 2, 4 ),
 ( 0.000000000000000000, 0.0008090846235062071215, 0.001213626935259310737, 0.001618169247012414243 ),
 .UNSPECIFIED. ) ;
#2431 = CARTESIAN_POINT ( 'NONE',  ( 0.4693203724064161086, 0.3912253259607676448, -0.3100551369993359008 ) ) ;
#2432 = CARTESIAN_POINT ( 'NONE',  ( 0.5874447409696585964, 0.2789630214527737406, -0.2507158359683561155 ) ) ;
#2433 = EDGE_CURVE ( 'NONE', #2088, #2860, #2077, .T. ) ;
#2434 = CARTESIAN_POINT ( 'NONE',  ( 0.4928777370232826360, 0.3358373586608877637, 0.1668810318706695772 ) ) ;
#2435 = EDGE_LOOP ( 'NONE', ( #179, #1265, #132 ) ) ;
#2436 = CARTESIAN_POINT ( 'NONE',  ( 0.4600000000000000200, 0.3905487874613409738, -0.3122044916596754538 ) ) ;
#2437 = ORIENTED_EDGE ( 'NONE', *, *, #561, .F. ) ;
#2438 = CARTESIAN_POINT ( 'NONE',  ( 0.3254068500761445604, 0.4321375239862040307, -0.2518763016265219146 ) ) ;
#2439 = EDGE_LOOP ( 'NONE', ( #428, #1593, #399, #1045, #2898 ) ) ;
#2440 = CARTESIAN_POINT ( 'NONE',  ( 0.2293019127132859269, 0.4870364285064501253, -0.1136688766672929035 ) ) ;
#2441 = CARTESIAN_POINT ( 'NONE',  ( 0.4848975848836078462, 0.2365111125795482383, 0.2495598919640046875 ) ) ;
#2442 = CARTESIAN_POINT ( 'NONE',  ( 0.4732142857142856429, 0.3478127721774977310, -0.2485609090549116829 ) ) ;
#2443 = DIRECTION ( 'NONE',  ( -1.000000000000000000, 0.000000000000000000, 0.000000000000000000 ) ) ;
#2444 = CARTESIAN_POINT ( 'NONE',  ( 0.1802118288948472702, 0.4686494904590912669, -0.2342753775633433511 ) ) ;
#2445 = CARTESIAN_POINT ( 'NONE',  ( 0.4741504239711978874, 0.3829424031647585824, -0.2571617153327421801 ) ) ;
#2446 = CARTESIAN_POINT ( 'NONE',  ( 0.4714095344141396859, 0.1936444741895742838, -0.2505372262338716460 ) ) ;
#2447 = CARTESIAN_POINT ( 'NONE',  ( 0.5549585691741594218, 0.3117520142116755877, 0.2086689076561019929 ) ) ;
#2448 = CARTESIAN_POINT ( 'NONE',  ( 0.4703712890039196126, 0.3912070090442086867, -0.3097362674118517289 ) ) ;
#2449 = EDGE_CURVE ( 'NONE', #2533, #840, #1117, .T. ) ;
#2450 = EDGE_LOOP ( 'NONE', ( #1859, #48, #2741 ) ) ;
#2451 = CARTESIAN_POINT ( 'NONE',  ( 0.3528166652680278514, 0.4588572334415874643, -0.2030314677551483260 ) ) ;
#2452 = AXIS2_PLACEMENT_3D ( 'NONE', #896, #1611, #927 ) ;
#2453 = CARTESIAN_POINT ( 'NONE',  ( 0.2598506562999215452, 0.4952115170273668765, 0.07052999856123773337 ) ) ;
#2454 = CARTESIAN_POINT ( 'NONE',  ( 0.4990110815050771143, 0.2580502542954919432, -0.2459896674620770385 ) ) ;
#2455 = EDGE_LOOP ( 'NONE', ( #1419, #502, #2277, #898 ) ) ;
#2456 = VECTOR ( 'NONE', #865, 39.37007874015748143 ) ;
#2457 = CIRCLE ( 'NONE', #1840, 0.02999999999999998848 ) ;
#2458 = PLANE ( 'NONE',  #1033 ) ;
#2459 = AXIS2_PLACEMENT_3D ( 'NONE', #976, #1880, #1662 ) ;
#2460 = CARTESIAN_POINT ( 'NONE',  ( 0.4674978674646015908, 0.2127365834981879422, 0.2482134416576151914 ) ) ;
#2461 = CARTESIAN_POINT ( 'NONE',  ( 0.4907343182179512153, 0.3969247968131072724, -0.2830603780892413934 ) ) ;
#2462 = CARTESIAN_POINT ( 'NONE',  ( 0.5356381376255452409, 0.3227407901752609165, -0.1912282291243525556 ) ) ;
#2463 = CARTESIAN_POINT ( 'NONE',  ( 0.5000000000000000000, 0.3407578569069335539, 0.2000778982910075277 ) ) ;
#2464 = VERTEX_POINT ( 'NONE', #1775 ) ;
#2465 = CARTESIAN_POINT ( 'NONE',  ( 0.4989187465278662748, 0.3728436454884251905, -0.2872125647835724327 ) ) ;
#2466 = ORIENTED_EDGE ( 'NONE', *, *, #2392, .T. ) ;
#2467 = DIRECTION ( 'NONE',  ( 0.000000000000000000, 0.000000000000000000, 1.000000000000000000 ) ) ;
#2468 = ORIENTED_EDGE ( 'NONE', *, *, #2545, .F. ) ;
#2469 = EDGE_CURVE ( 'NONE', #2209, #196, #2250, .T. ) ;
#2470 = CARTESIAN_POINT ( 'NONE',  ( 0.4732142857142893067, 0.3478127721774974535, 0.2485609090549120714 ) ) ;
#2471 = EDGE_CURVE ( 'NONE', #444, #2957, #1012, .T. ) ;
#2472 = ORIENTED_EDGE ( 'NONE', *, *, #1772, .F. ) ;
#2473 = CARTESIAN_POINT ( 'NONE',  ( 0.5000000000000000000, 0.3407578569069733554, -0.2000778982910160764 ) ) ;
#2474 = B_SPLINE_CURVE_WITH_KNOTS ( 'NONE', 3,
 ( #1356, #1613, #2296, #1848 ),
 .UNSPECIFIED., .F., .F.,
 ( 4, 4 ),
 ( 0.000000000000000000, 0.005972233749238850184 ),
 .UNSPECIFIED. ) ;
#2475 = CARTESIAN_POINT ( 'NONE',  ( 0.05969864499773216981, 0.5000000000000002220, -0.04592203461364018774 ) ) ;
#2476 = PLANE ( 'NONE',  #800 ) ;
#2477 = CARTESIAN_POINT ( 'NONE',  ( 0.4634971812579755102, 0.2001332970563599045, -0.2475782905144276180 ) ) ;
#2478 = CARTESIAN_POINT ( 'NONE',  ( 0.5243466780566120589, 0.2240486028399112373, 0.3043622926035539633 ) ) ;
#2479 = ORIENTED_EDGE ( 'NONE', *, *, #597, .F. ) ;
#2480 = DIRECTION ( 'NONE',  ( -1.000000000000000000, 0.000000000000000000, 0.000000000000000000 ) ) ;
#2481 = ORIENTED_EDGE ( 'NONE', *, *, #2449, .T. ) ;
#2482 = CARTESIAN_POINT ( 'NONE',  ( 0.5000000000000000000, 0.000000000000000000, 0.000000000000000000 ) ) ;
#2483 = ORIENTED_EDGE ( 'NONE', *, *, #2469, .F. ) ;
#2484 =( BOUNDED_CURVE ( )  B_SPLINE_CURVE ( 3, ( #97, #2628, #543, #2579 ),
 .UNSPECIFIED., .F., .F. ) 
 B_SPLINE_CURVE_WITH_KNOTS ( ( 4, 4 ),
 ( 4.712388980384689674, 5.590025399602832401 ),
 .UNSPECIFIED. ) 
 CURVE ( )  GEOMETRIC_REPRESENTATION_ITEM ( )  RATIONAL_B_SPLINE_CURVE ( ( 1.000000000000000000, 0.9368362683125379675, 0.9368362683125379675, 1.000000000000000000 ) ) 
 REPRESENTATION_ITEM ( '' )  );
#2485 = CARTESIAN_POINT ( 'NONE',  ( 0.4759463036935866476, 0.2233245994595134398, -0.2495271257373052887 ) ) ;
#2486 = VERTEX_POINT ( 'NONE', #625 ) ;
#2487 = ADVANCED_FACE ( 'NONE', ( #412 ), #1547, .T. ) ;
#2488 = EDGE_CURVE ( 'NONE', #2024, #2486, #582, .T. ) ;
#2489 = LINE ( 'NONE', #230, #1219 ) ;
#2490 = CARTESIAN_POINT ( 'NONE',  ( 0.3246135686512457985, -0.3836105473338083383, -0.3246135686512636176 ) ) ;
#2491 = CARTESIAN_POINT ( 'NONE',  ( 0.4900772140918674968, 0.3841555047914064214, -0.2985170458528695892 ) ) ;
#2492 = CARTESIAN_POINT ( 'NONE',  ( 0.4992191197539107006, 0.3630015708740632618, 0.2258437620712193672 ) ) ;
#2493 = CARTESIAN_POINT ( 'NONE',  ( 0.5000000000000000000, 0.3346581469762148209, 0.2092475119085996649 ) ) ;
#2494 = ORIENTED_EDGE ( 'NONE', *, *, #2392, .F. ) ;
#2495 = CARTESIAN_POINT ( 'NONE',  ( 0.5046798093086170001, -0.06030984835793569421, -0.3703374412192923515 ) ) ;
#2496 = B_SPLINE_CURVE_WITH_KNOTS ( 'NONE', 3,
 ( #206, #1087, #860, #2716 ),
 .UNSPECIFIED., .F., .F.,
 ( 4, 4 ),
 ( 3.878959614448864246E-18, 0.004342920222168591797 ),
 .UNSPECIFIED. ) ;
#2497 = CARTESIAN_POINT ( 'NONE',  ( 0.6377518477609168679, 0.05679982114095506046, 0.3707337512937591284 ) ) ;
#2498 = CARTESIAN_POINT ( 'NONE',  ( 0.6456093708083738836, -8.910355468781731768E-13, 0.3750000000000000555 ) ) ;
#2499 = ORIENTED_EDGE ( 'NONE', *, *, #1567, .T. ) ;
#2500 = LINE ( 'NONE', #1371, #1508 ) ;
#2501 = EDGE_LOOP ( 'NONE', ( #107, #2280, #2552, #929 ) ) ;
#2502 = CIRCLE ( 'NONE', #2126, 0.1300000000000000044 ) ;
#2503 = CARTESIAN_POINT ( 'NONE',  ( 0.4599999999999999645, 0.3532603847140011188, -0.3538461538461538658 ) ) ;
#2504 = TOROIDAL_SURFACE ( 'NONE', #1416, 0.2000000000000000111, 0.04999999999999998196 ) ;
#2505 = CARTESIAN_POINT ( 'NONE',  ( 0.4891941532086270250, 0.1460912369800976274, 0.2646927288147842838 ) ) ;
#2506 = CC_DESIGN_DATE_AND_TIME_ASSIGNMENT ( #2841, #1239, ( #1452 ) ) ;
#2507 = ADVANCED_FACE ( 'NONE', ( #2225 ), #1063, .F. ) ;
#2508 = CARTESIAN_POINT ( 'NONE',  ( 0.4606131654433403000, 0.2072730129984365066, 0.2468886862573851371 ) ) ;
#2509 = CARTESIAN_POINT ( 'NONE',  ( 0.4235735468455394392, 0.4438809118128912989, -0.2392967255588408226 ) ) ;
#2510 = CARTESIAN_POINT ( 'NONE',  ( 0.4999999999999998335, 0.3743941963193868627, 0.2550196416972905222 ) ) ;
#2511 = CARTESIAN_POINT ( 'NONE',  ( 0.4945628136372447470, 0.09276424549856056301, 0.2731186983279791924 ) ) ;
#2512 = VECTOR ( 'NONE', #425, 39.37007874015748143 ) ;
#2513 = CARTESIAN_POINT ( 'NONE',  ( 0.6353020431338775031, 0.07660148975699672402, -0.3671086944284769893 ) ) ;
#2514 = DIRECTION ( 'NONE',  ( 0.000000000000000000, 0.000000000000000000, -1.000000000000000000 ) ) ;
#2515 = CARTESIAN_POINT ( 'NONE',  ( 0.6340202793160540917, 0.09747657334344239644, 0.3623999725722204523 ) ) ;
#2516 = CARTESIAN_POINT ( 'NONE',  ( 0.4577394379624718512, 0.02760810596043370910, -0.2411530963618422896 ) ) ;
#2517 = CARTESIAN_POINT ( 'NONE',  ( 0.4807859224117371766, 0.4411320350783564659, 0.2493578694312123811 ) ) ;
#2518 = ORIENTED_EDGE ( 'NONE', *, *, #2931, .T. ) ;
#2519 = CARTESIAN_POINT ( 'NONE',  ( 0.5000000000000000000, 0.3249995539368810138, -0.3255384615384615543 ) ) ;
#2520 = CARTESIAN_POINT ( 'NONE',  ( 0.2417171970418610372, -0.4665599888977949861, -0.1859363054167941509 ) ) ;
#2521 = CARTESIAN_POINT ( 'NONE',  ( 0.4599999999999992428, 0.3905487874613413068, -0.3122044916596752873 ) ) ;
#2522 = CARTESIAN_POINT ( 'NONE',  ( 0.4753355073592290814, 0.3483514807434732741, 0.2478117285702193251 ) ) ;
#2523 = CARTESIAN_POINT ( 'NONE',  ( 0.5152416508807218243, 0.2866962692741690799, 0.2310789016454342093 ) ) ;
#2524 = CARTESIAN_POINT ( 'NONE',  ( 0.3254068500750096349, 0.4321375239867324969, 0.2518763016256644893 ) ) ;
#2525 = VERTEX_POINT ( 'NONE', #72 ) ;
#2526 = CARTESIAN_POINT ( 'NONE',  ( 0.3246548713339843517, 0.4107155980269266982, -0.1790423221158821965 ) ) ;
#2527 = EDGE_CURVE ( 'NONE', #2921, #2525, #2353, .T. ) ;
#2528 = DIRECTION ( 'NONE',  ( 0.000000000000000000, 0.000000000000000000, -1.000000000000000000 ) ) ;
#2529 = CARTESIAN_POINT ( 'NONE',  ( 0.5000000000000000000, -0.02995172138516824858, 0.2555733079606830049 ) ) ;
#2530 = VERTEX_POINT ( 'NONE', #589 ) ;
#2531 = CARTESIAN_POINT ( 'NONE',  ( 0.3846153846153845812, 0.3194855331891567340, -0.5000000000000000000 ) ) ;
#2532 = CARTESIAN_POINT ( 'NONE',  ( 0.5000000000000000000, -0.04663545637670861443, 0.2201139118923111926 ) ) ;
#2533 = VERTEX_POINT ( 'NONE', #2580 ) ;
#2534 = VERTEX_POINT ( 'NONE', #2594 ) ;
#2535 = DIRECTION ( 'NONE',  ( 1.000000000000000000, 0.000000000000000000, 0.000000000000000000 ) ) ;
#2536 = CARTESIAN_POINT ( 'NONE',  ( 0.5773017498945052228, -0.2309915637634303021, -0.4440782691495040457 ) ) ;
#2537 = FACE_OUTER_BOUND ( 'NONE', #998, .T. ) ;
#2538 = CARTESIAN_POINT ( 'NONE',  ( 0.2226639310798008975, 0.4500326898983318391, 0.2894631104038035696 ) ) ;
#2539 = CARTESIAN_POINT ( 'NONE',  ( 0.4913478355672937226, 0.1306039443892848262, 0.2676763234341838493 ) ) ;
#2540 = ORIENTED_EDGE ( 'NONE', *, *, #2619, .T. ) ;
#2541 = CARTESIAN_POINT ( 'NONE',  ( 0.3246235001291850053, 0.4107325553286603204, 0.1790155990879312986 ) ) ;
#2542 = DIRECTION ( 'NONE',  ( 0.000000000000000000, -1.000000000000000000, 0.000000000000000000 ) ) ;
#2543 = CARTESIAN_POINT ( 'NONE',  ( 0.5836167017439988225, 0.2846080727706879476, 0.2444987227988628942 ) ) ;
#2544 = CARTESIAN_POINT ( 'NONE',  ( 0.5152392879448733920, 0.2866884607440093879, -0.2310864998219432087 ) ) ;
#2545 = EDGE_CURVE ( 'NONE', #943, #2295, #2576, .T. ) ;
#2546 = CARTESIAN_POINT ( 'NONE',  ( 0.4848324972623415108, 0.2093947388065937887, 0.5000000000000000000 ) ) ;
#2547 = CARTESIAN_POINT ( 'NONE',  ( 0.2123389340781696721, 0.4983857090851979144, 0.04610551390461836707 ) ) ;
#2548 = CARTESIAN_POINT ( 'NONE',  ( 0.4806067423711255504, 0.1785699030722960601, 0.2561624621488119979 ) ) ;
#2549 = CARTESIAN_POINT ( 'NONE',  ( 0.4699999999999999734, 0.3584207495018520429, -0.2783882181415010537 ) ) ;
#2550 = CARTESIAN_POINT ( 'NONE',  ( 0.4877306760920273598, 0.3520755603529970301, 0.2425109155181466303 ) ) ;
#2551 = CARTESIAN_POINT ( 'NONE',  ( 0.4220870769085057761, 0.3968130864750503140, 0.3043193592532063008 ) ) ;
#2552 = ORIENTED_EDGE ( 'NONE', *, *, #2673, .F. ) ;
#2553 = CARTESIAN_POINT ( 'NONE',  ( 0.6436241247189052883, 0.01661378833104562233, -0.3746918318388072211 ) ) ;
#2554 = CARTESIAN_POINT ( 'NONE',  ( 0.4963248904426708075, 0.03605090159974969760, 0.2759888821762688793 ) ) ;
#2555 = CIRCLE ( 'NONE', #135, 0.4274999999999999911 ) ;
#2556 = CIRCLE ( 'NONE', #992, 0.4600000000000000200 ) ;
#2557 = CARTESIAN_POINT ( 'NONE',  ( 0.5000000000000000000, 0.02136597307275030569, 0.2450995881861415537 ) ) ;
#2558 = ORIENTED_EDGE ( 'NONE', *, *, #73, .T. ) ;
#2559 = CARTESIAN_POINT ( 'NONE',  ( 0.4756884426628389950, 0.2229604490121483429, -0.2495031287374111229 ) ) ;
#2560 = AXIS2_PLACEMENT_3D ( 'NONE', #2340, #1005, #362 ) ;
#2561 = EDGE_CURVE ( 'NONE', #592, #1553, #2818, .T. ) ;
#2562 = CARTESIAN_POINT ( 'NONE',  ( 0.5000000000000000000, -0.1933073619842588242, -0.5000000000000000000 ) ) ;
#2563 = EDGE_CURVE ( 'NONE', #198, #1761, #765, .T. ) ;
#2564 = CARTESIAN_POINT ( 'NONE',  ( 0.4732142857142856429, 0.3584207495018520429, -0.2485609090549116829 ) ) ;
#2565 = CARTESIAN_POINT ( 'NONE',  ( 0.5000000000000000000, 0.000000000000000000, 0.000000000000000000 ) ) ;
#2566 = CARTESIAN_POINT ( 'NONE',  ( 0.5000000000000000000, 0.000000000000000000, 0.000000000000000000 ) ) ;
#2567 = CARTESIAN_POINT ( 'NONE',  ( 0.4460745609419055624, 0.2258705073277299802, 0.5798969292244773310 ) ) ;
#2568 = CARTESIAN_POINT ( 'NONE',  ( 0.4326064685153689360, -0.2518219145082036814, 0.5623884090699808880 ) ) ;
#2569 = CARTESIAN_POINT ( 'NONE',  ( 0.2499939096313802123, 0.4600044539124778509, -0.009254902704055257417 ) ) ;
#2570 = CARTESIAN_POINT ( 'NONE',  ( 0.6499999999760893710, -0.06419572364222862759, 0.3697231239537718817 ) ) ;
#2571 = CARTESIAN_POINT ( 'NONE',  ( 0.4577414771262773296, 0.02764514058387664008, 0.2411709635575721711 ) ) ;
#2572 = CARTESIAN_POINT ( 'NONE',  ( 0.000000000000000000, 0.000000000000000000, -0.5000000000000000000 ) ) ;
#2573 = DIRECTION ( 'NONE',  ( 0.000000000000000000, 0.000000000000000000, -1.000000000000000000 ) ) ;
#2574 = CARTESIAN_POINT ( 'NONE',  ( 0.3119471385711670153, 0.4386564902204660443, 0.2399593373625256709 ) ) ;
#2575 = DIRECTION ( 'NONE',  ( 0.000000000000000000, -1.000000000000000000, 0.000000000000000000 ) ) ;
#2576 =( BOUNDED_CURVE ( )  B_SPLINE_CURVE ( 3, ( #573, #2845, #381, #2135 ),
 .UNSPECIFIED., .F., .F. ) 
 B_SPLINE_CURVE_WITH_KNOTS ( ( 4, 4 ),
 ( 0.7845697606515893430, 0.9942208602654833971 ),
 .UNSPECIFIED. ) 
 CURVE ( )  GEOMETRIC_REPRESENTATION_ITEM ( )  RATIONAL_B_SPLINE_CURVE ( ( 1.000000000000000000, 0.9963405541644059227, 0.9963405541644059227, 1.000000000000000000 ) ) 
 REPRESENTATION_ITEM ( '' )  );
#2577 = CARTESIAN_POINT ( 'NONE',  ( -0.1300000000000000044, 0.000000000000000000, 0.5000000000000000000 ) ) ;
#2578 = CARTESIAN_POINT ( 'NONE',  ( 0.000000000000000000, 0.5000000000000000000, 0.000000000000000000 ) ) ;
#2579 = CARTESIAN_POINT ( 'NONE',  ( 0.5000000000000000000, -0.3194855331891567340, -0.3846153846153846922 ) ) ;
#2580 = CARTESIAN_POINT ( 'NONE',  ( 1.250000000000000000, 4.592425496802573602E-17, -0.3750000000000000555 ) ) ;
#2581 = CARTESIAN_POINT ( 'NONE',  ( 0.6495871215276567412, -0.05059864526114304928, 0.3718242435907542776 ) ) ;
#2582 = CARTESIAN_POINT ( 'NONE',  ( 0.4528016776815419475, 0.001133629588513052240, -0.2070418084281955007 ) ) ;
#2583 = ORIENTED_EDGE ( 'NONE', *, *, #748, .F. ) ;
#2584 = CARTESIAN_POINT ( 'NONE',  ( 0.4692660566065728900, 0.2146890653535660776, -0.2485541509954960482 ) ) ;
#2585 = CARTESIAN_POINT ( 'NONE',  ( 0.5000000000000000000, 0.3532603847140012854, 0.3538461538461537548 ) ) ;
#2586 = DIRECTION ( 'NONE',  ( 0.000000000000000000, -1.000000000000000000, 0.000000000000000000 ) ) ;
#2587 = CARTESIAN_POINT ( 'NONE',  ( 0.4984418278534208380, 0.3123823630290198938, 0.2286069101344367638 ) ) ;
#2588 = CARTESIAN_POINT ( 'NONE',  ( 0.4631313874821644805, 0.2121689627440345727, -0.2472823633790767472 ) ) ;
#2589 = APPROVAL_ROLE ( '' ) ;
#2590 = CARTESIAN_POINT ( 'NONE',  ( 0.5000000000000000000, 0.3645715524343289271, 0.2805130712740912524 ) ) ;
#2591 =( BOUNDED_SURFACE ( )  B_SPLINE_SURFACE ( 3, 2, ( 
 ( #1114, #2003, #2917 ),
 ( #875, #1333, #1347 ),
 ( #2299, #2509, #250 ),
 ( #1156, #499, #1187 ),
 ( #1392, #2267, #2046 ),
 ( #695, #917, #1586 ),
 ( #950, #2314, #2769 ),
 ( #2253, #265, #2079 ) ),
 .UNSPECIFIED., .F., .F., .F. ) 
 B_SPLINE_SURFACE_WITH_KNOTS ( ( 4, 2, 2, 4 ),
 ( 3, 3 ),
 ( 0.02353371841838304904, 0.02512474136419873272, 0.02592025283710657629, 0.02671576431001441640 ),
 ( 0.000000000000000000, 1.000000000000000000 ),
 .UNSPECIFIED. ) 
 GEOMETRIC_REPRESENTATION_ITEM ( )  RATIONAL_B_SPLINE_SURFACE ( (
 ( 1.000000000000000000, 0.5140947060629976750, 1.000000000000000000),
 ( 1.000000000000000000, 0.4959526751167214753, 1.000000000000000000),
 ( 1.000000000000000000, 0.4787708937925836405, 1.000000000000000000),
 ( 1.000000000000000000, 0.4573481840341936944, 1.000000000000000000),
 ( 1.000000000000000000, 0.4509891465181515291, 1.000000000000000000),
 ( 1.000000000000000000, 0.4406254769605654209, 1.000000000000000000),
 ( 1.000000000000000000, 0.4365722128563045978, 1.000000000000000000),
 ( 1.000000000000000000, 0.4338552497214706594, 1.000000000000000000) ) ) 
 REPRESENTATION_ITEM ( '' )  SURFACE ( )  );
#2592 = EDGE_CURVE ( 'NONE', #1116, #966, #272, .T. ) ;
#2593 = CARTESIAN_POINT ( 'NONE',  ( 0.1233367121419248619, -0.4932031855979420176, 0.09487439395533753261 ) ) ;
#2594 = CARTESIAN_POINT ( 'NONE',  ( 0.4741504239711976099, 0.3829424031647588600, 0.2571617153327423466 ) ) ;
#2595 = AXIS2_PLACEMENT_3D ( 'NONE', #332, #682, #1141 ) ;
#2596 = CARTESIAN_POINT ( 'NONE',  ( 0.4699999999999999734, 0.3645715524343289271, 0.2805130712740912524 ) ) ;
#2597 = CARTESIAN_POINT ( 'NONE',  ( 0.4898034735324245936, 0.2836836874157053767, 0.2408406693990875480 ) ) ;
#2598 = ORIENTED_EDGE ( 'NONE', *, *, #1960, .F. ) ;
#2599 = CARTESIAN_POINT ( 'NONE',  ( 0.4977874709687118981, -0.01258750349267476025, 0.2539628877005019603 ) ) ;
#2600 = CIRCLE ( 'NONE', #1319, 0.04000000000000000083 ) ;
#2601 = AXIS2_PLACEMENT_3D ( 'NONE', #490, #2112, #2514 ) ;
#2602 = CARTESIAN_POINT ( 'NONE',  ( 0.4988392799070132111, 0.1825015395688550368, 0.5000000000000001110 ) ) ;
#2603 = ORIENTED_EDGE ( 'NONE', *, *, #489, .F. ) ;
#2604 = VECTOR ( 'NONE', #1020, 39.37007874015748143 ) ;
#2605 = CARTESIAN_POINT ( 'NONE',  ( 0.5000000000000000000, 0.3677720081789803697, -0.2179449471770336932 ) ) ;
#2606 = CARTESIAN_POINT ( 'NONE',  ( 0.4703518481548987218, 0.2204336161063056854, 0.2480817957985356204 ) ) ;
#2607 = UNCERTAINTY_MEASURE_WITH_UNIT (LENGTH_MEASURE( 1.000000000000000082E-05 ), #1713, 'distance_accuracy_value', 'NONE');
#2608 = ORIENTED_EDGE ( 'NONE', *, *, #581, .F. ) ;
#2609 = CARTESIAN_POINT ( 'NONE',  ( 0.5611117617465462004, 0.3072577158711050638, -0.2152629518179852430 ) ) ;
#2610 = PERSON_AND_ORGANIZATION_ROLE ( 'design_supplier' ) ;
#2611 = CARTESIAN_POINT ( 'NONE',  ( 0.6499999999999999112, -0.07772576062784833373, -0.3668565198205184785 ) ) ;
#2612 = CARTESIAN_POINT ( 'NONE',  ( 0.4743479266524194271, -0.1653786450238864669, 0.4743479266524194271 ) ) ;
#2613 = B_SPLINE_CURVE_WITH_KNOTS ( 'NONE', 3,
 ( #1475, #1722, #2602, #2376, #386, #1027 ),
 .UNSPECIFIED., .F., .F.,
 ( 4, 2, 4 ),
 ( 0.000000000000000000, 0.0005768676680493767814, 0.001153735336098753563 ),
 .UNSPECIFIED. ) ;
#2614 = FACE_OUTER_BOUND ( 'NONE', #868, .T. ) ;
#2615 = CARTESIAN_POINT ( 'NONE',  ( 0.6467283383395319163, -0.009614689601709721159, 0.3751169010655140967 ) ) ;
#2616 = CARTESIAN_POINT ( 'NONE',  ( 0.4692949037634894793, 0.2265527751671560786, 0.2479828930876935011 ) ) ;
#2617 = VERTEX_POINT ( 'NONE', #1943 ) ;
#2618 = CARTESIAN_POINT ( 'NONE',  ( 0.5204220729540607326, 0.3237533239631275594, -0.1894947126300880746 ) ) ;
#2619 = EDGE_CURVE ( 'NONE', #2525, #493, #90, .T. ) ;
#2620 = B_SPLINE_CURVE_WITH_KNOTS ( 'NONE', 3,
 ( #2470, #200, #1326, #1310 ),
 .UNSPECIFIED., .F., .F.,
 ( 4, 4 ),
 ( 0.0006817327726772378369, 0.0008689763181140573766 ),
 .UNSPECIFIED. ) ;
#2621 = CARTESIAN_POINT ( 'NONE',  ( 0.5000000000000000000, 0.2970828302972145507, 0.3534089710719472421 ) ) ;
#2622 = CARTESIAN_POINT ( 'NONE',  ( 0.2549413095755359016, 0.4975759674602981408, -0.05067624388168642108 ) ) ;
#2623 = CARTESIAN_POINT ( 'NONE',  ( 0.4759576340511791903, 0.2233405360117813598, 0.2495282125667656337 ) ) ;
#2624 = ORIENTED_EDGE ( 'NONE', *, *, #886, .T. ) ;
#2625 = CARTESIAN_POINT ( 'NONE',  ( 0.5214105369334639528, 0.3121399140899571711, -0.2056434467844740765 ) ) ;
#2626 = CARTESIAN_POINT ( 'NONE',  ( 1.250000000000000000, 5.235365066354934461E-17, -0.4274999999999999911 ) ) ;
#2627 = CARTESIAN_POINT ( 'NONE',  ( 0.4824950323620710857, 0.3980074614685583656, 0.2931588302002329227 ) ) ;
#2628 = CARTESIAN_POINT ( 'NONE',  ( 0.1965234630822902118, -0.5000000000000000000, -0.1511718946786848039 ) ) ;
#2629 = CARTESIAN_POINT ( 'NONE',  ( 0.4379047667715396663, 0.3641283483775562546, -0.2423294002344998366 ) ) ;
#2630 = CARTESIAN_POINT ( 'NONE',  ( 0.4923768892248762130, 0.1218606938464927431, -0.2692192788350913357 ) ) ;
#2631 = CARTESIAN_POINT ( 'NONE',  ( 0.2157910286878517714, 0.4791184232879282523, 0.1659930989906552024 ) ) ;
#2632 = ORIENTED_EDGE ( 'NONE', *, *, #1509, .T. ) ;
#2633 = CARTESIAN_POINT ( 'NONE',  ( 0.6440573804479768905, 0.01403579250403350943, 0.3750000000000334177 ) ) ;
#2634 = FACE_OUTER_BOUND ( 'NONE', #2755, .T. ) ;
#2635 = EDGE_CURVE ( 'NONE', #2669, #343, #1360, .T. ) ;
#2636 = EDGE_CURVE ( 'NONE', #2952, #717, #2751, .T. ) ;
#2637 = CARTESIAN_POINT ( 'NONE',  ( 0.2505186848853604431, 0.4596199843719914746, -0.01856682597146969496 ) ) ;
#2638 = CARTESIAN_POINT ( 'NONE',  ( 0.4600000000000000200, 0.3905487874613408628, 0.3122044916596754538 ) ) ;
#2639 = ORIENTED_EDGE ( 'NONE', *, *, #2229, .T. ) ;
#2640 = COORDINATED_UNIVERSAL_TIME_OFFSET ( 8, 0, .BEHIND. ) ;
#2641 = CARTESIAN_POINT ( 'NONE',  ( 0.4845022973126701937, 0.3980580623181824151, 0.2909461052896114563 ) ) ;
#2642 = CARTESIAN_POINT ( 'NONE',  ( 0.04592203461364852829, 0.5000000000000002220, -0.05969864499774307776 ) ) ;
#2643 = CARTESIAN_POINT ( 'NONE',  ( 0.3378854642854888790, 0.4035639710028289806, 0.1903125779082100177 ) ) ;
#2644 = DIRECTION ( 'NONE',  ( -1.000000000000000000, -0.000000000000000000, -0.000000000000000000 ) ) ;
#2645 = LINE ( 'NONE', #2359, #1606 ) ;
#2646 = ORIENTED_EDGE ( 'NONE', *, *, #145, .F. ) ;
#2647 = CARTESIAN_POINT ( 'NONE',  ( 0.5199999999999892486, 0.3285604933792755089, -0.1807567486717082117 ) ) ;
#2648 = CIRCLE ( 'NONE', #128, 0.04999999999999998196 ) ;
#2649 = ORIENTED_EDGE ( 'NONE', *, *, #73, .F. ) ;
#2650 = DIRECTION ( 'NONE',  ( 0.000000000000000000, 0.000000000000000000, 1.000000000000000000 ) ) ;
#2651 = CARTESIAN_POINT ( 'NONE',  ( 0.2333192399167457742, 0.4844044513340922675, 0.1243592603566260058 ) ) ;
#2652 = DIRECTION ( 'NONE',  ( 0.000000000000000000, -0.000000000000000000, 1.000000000000000000 ) ) ;
#2653 = VECTOR ( 'NONE', #610, 39.37007874015748143 ) ;
#2654 = ORIENTED_EDGE ( 'NONE', *, *, #2894, .T. ) ;
#2655 = CARTESIAN_POINT ( 'NONE',  ( 0.5000000000000000000, 0.04618053391542361469, -0.2535462763061528957 ) ) ;
#2656 = ADVANCED_FACE ( 'NONE', ( #784 ), #1731, .T. ) ;
#2657 = AXIS2_PLACEMENT_3D ( 'NONE', #739, #2107, #2798 ) ;
#2658 = CARTESIAN_POINT ( 'NONE',  ( 0.4732055642840405918, 0.3962925355192916665, 0.3022029434871789655 ) ) ;
#2659 = CARTESIAN_POINT ( 'NONE',  ( 0.4622143893746088472, 0.2067405692461375399, 0.2471943453384994049 ) ) ;
#2660 = CARTESIAN_POINT ( 'NONE',  ( 0.4741539962732040925, 0.3853712153045215638, -0.2590731320381286507 ) ) ;
#2661 = CARTESIAN_POINT ( 'NONE',  ( 0.4817178611366872976, 0.3372899166224109235, -0.1638917696067959673 ) ) ;
#2662 = CARTESIAN_POINT ( 'NONE',  ( 0.4784673967045240950, 0.1830573418915111550, 0.2546189076607776047 ) ) ;
#2663 = ORIENTED_EDGE ( 'NONE', *, *, #1754, .F. ) ;
#2664 = CARTESIAN_POINT ( 'NONE',  ( 0.4914053979915343207, 0.2883290169767967481, -0.2392978249977748273 ) ) ;
#2665 = EDGE_LOOP ( 'NONE', ( #1462, #1765, #2608, #1090 ) ) ;
#2666 = CARTESIAN_POINT ( 'NONE',  ( 0.3543515524875955336, 0.4191672338938192133, -0.2725781172981504574 ) ) ;
#2667 = CARTESIAN_POINT ( 'NONE',  ( 0.2525743514573912663, 0.4581222907154115509, -0.03696217067833546671 ) ) ;
#2668 = CARTESIAN_POINT ( 'NONE',  ( 0.4677221928463365930, 0.2219424696675268427, 0.2478711673032336360 ) ) ;
#2669 = VERTEX_POINT ( 'NONE', #1242 ) ;
#2670 = LINE ( 'NONE', #924, #1658 ) ;
#2671 = CARTESIAN_POINT ( 'NONE',  ( 0.4741539962732059799, 0.3853712153045227296, 0.2590731320381299274 ) ) ;
#2672 = CARTESIAN_POINT ( 'NONE',  ( 0.2894631104037344027, 0.4500326898983323387, -0.2226639310798001758 ) ) ;
#2673 = EDGE_CURVE ( 'NONE', #198, #1189, #1891, .T. ) ;
#2674 = EDGE_CURVE ( 'NONE', #493, #2411, #2600, .T. ) ;
#2675 = CARTESIAN_POINT ( 'NONE',  ( 0.4972988950845159684, 0.3758520303503977700, -0.2900030715207919663 ) ) ;
#2676 = CARTESIAN_POINT ( 'NONE',  ( 0.5124119405097916635, 0.2547263657638367818, -0.2819757343703961361 ) ) ;
#2677 = CARTESIAN_POINT ( 'NONE',  ( 0.5000000000000000000, 0.3278460744626004453, 0.2179449471770336932 ) ) ;
#2678 = CARTESIAN_POINT ( 'NONE',  ( 0.4942011318256686048, 0.2966324698879224675, -0.2362261375671640129 ) ) ;
#2679 = CARTESIAN_POINT ( 'NONE',  ( 0.4608225865469775528, 0.2075503873365830421, 0.2469143181556755495 ) ) ;
#2680 = DIRECTION ( 'NONE',  ( 0.000000000000000000, 0.000000000000000000, 1.000000000000000000 ) ) ;
#2681 = CARTESIAN_POINT ( 'NONE',  ( 0.2129862476773626279, 0.4979590116336484185, -0.04660447607333738362 ) ) ;
#2682 = CARTESIAN_POINT ( 'NONE',  ( 0.4584753758612444274, 0.2025582899093341105, -0.2465273024075471109 ) ) ;
#2683 = ORIENTED_EDGE ( 'NONE', *, *, #344, .T. ) ;
#2684 = CARTESIAN_POINT ( 'NONE',  ( 0.4991959701226729162, 0.3877338223587614707, 0.2663815782708843227 ) ) ;
#2685 = CARTESIAN_POINT ( 'NONE',  ( 0.4173917947824909991, 0.2813274486834996257, -0.4173917947824910546 ) ) ;
#2686 = DIRECTION ( 'NONE',  ( 1.000000000000000000, 0.000000000000000000, 0.000000000000000000 ) ) ;
#2687 = EDGE_CURVE ( 'NONE', #943, #196, #2862, .T. ) ;
#2688 = CARTESIAN_POINT ( 'NONE',  ( 0.6062438535000459483, 0.2449010159607891701, -0.2845051249377604230 ) ) ;
#2689 = CARTESIAN_POINT ( 'NONE',  ( 0.5204201905930080363, 0.3237747628812738254, 0.1894557432329538327 ) ) ;
#2690 = ORIENTED_EDGE ( 'NONE', *, *, #2771, .T. ) ;
#2691 = CARTESIAN_POINT ( 'NONE',  ( 0.5000000000000000000, 0.3645715524343289271, -0.2805130712740912524 ) ) ;
#2692 = EDGE_CURVE ( 'NONE', #733, #1913, #2085, .T. ) ;
#2693 = ORIENTED_EDGE ( 'NONE', *, *, #363, .T. ) ;
#2694 = CARTESIAN_POINT ( 'NONE',  ( 0.000000000000000000, 0.000000000000000000, -0.5000000000000000000 ) ) ;
#2695 = ORIENTED_EDGE ( 'NONE', *, *, #2825, .T. ) ;
#2696 =( BOUNDED_SURFACE ( )  B_SPLINE_SURFACE ( 3, 2, ( 
 ( #1603, #1426, #1620 ),
 ( #2524, #518, #296 ),
 ( #1202, #1409, #2110 ),
 ( #3, #919, #952 ) ),
 .UNSPECIFIED., .F., .F., .T. ) 
 B_SPLINE_SURFACE_WITH_KNOTS ( ( 4, 4 ),
 ( 3, 3 ),
 ( -2.992397996059992238E-17, 0.001395886600255464953 ),
 ( 0.000000000000000000, 1.000000000000000000 ),
 .UNSPECIFIED. ) 
 GEOMETRIC_REPRESENTATION_ITEM ( )  RATIONAL_B_SPLINE_SURFACE ( (
 ( 1.000000000000000000, 0.5633212934496466540, 1.000000000000000000),
 ( 1.000000000000000000, 0.5512554951499039069, 1.000000000000000000),
 ( 1.000000000000000000, 0.5348833323259699624, 1.000000000000000000),
 ( 1.000000000000000000, 0.5140947060618993314, 1.000000000000000000) ) ) 
 REPRESENTATION_ITEM ( '' )  SURFACE ( )  );
#2697 = CIRCLE ( 'NONE', #702, 0.04000000000000000083 ) ;
#2698 = CARTESIAN_POINT ( 'NONE',  ( 0.4799991442422967269, 0.2390939385413354545, -0.2468173163208597365 ) ) ;
#2699 = ORIENTED_EDGE ( 'NONE', *, *, #1420, .F. ) ;
#2700 = CIRCLE ( 'NONE', #1041, 0.2500000000000000000 ) ;
#2701 = CARTESIAN_POINT ( 'NONE',  ( 0.5000000000000000000, 0.3584207495018520429, 0.2783882181415010537 ) ) ;
#2702 = AXIS2_PLACEMENT_3D ( 'NONE', #1700, #80, #335 ) ;
#2703 = CARTESIAN_POINT ( 'NONE',  ( 0.5664135992355514571, 0.2463538929224574348, -0.4357027686426511170 ) ) ;
#2704 = FACE_OUTER_BOUND ( 'NONE', #496, .T. ) ;
#2705 = CARTESIAN_POINT ( 'NONE',  ( 0.4651002102780250058, 0.2966210124038597962, -0.2475885369668031077 ) ) ;
#2706 = CARTESIAN_POINT ( 'NONE',  ( 0.4762396422909859761, 0.1870512084311493073, 0.2531533280042563838 ) ) ;
#2707 = CARTESIAN_POINT ( 'NONE',  ( 0.5000000000000000000, -0.04663545637670906546, -0.2201139118923106375 ) ) ;
#2708 = CARTESIAN_POINT ( 'NONE',  ( 0.4632771895554779196, 0.2122792648763558720, 0.2472912626084698973 ) ) ;
#2709 = CARTESIAN_POINT ( 'NONE',  ( 0.3614126579358776237, 0.3913417721575934705, -0.2086157798265023677 ) ) ;
#2710 = ADVANCED_FACE ( 'NONE', ( #2614 ), #2476, .T. ) ;
#2711 = CARTESIAN_POINT ( 'NONE',  ( 0.4935317503007728424, 0.2949430556653508395, -0.2366856657918730567 ) ) ;
#2712 = ORIENTED_EDGE ( 'NONE', *, *, #2592, .T. ) ;
#2713 = DIMENSIONAL_EXPONENTS ( 1.000000000000000000, 0.000000000000000000, 0.000000000000000000, 0.000000000000000000, 0.000000000000000000, 0.000000000000000000, 0.000000000000000000 ) ;
#2714 = CARTESIAN_POINT ( 'NONE',  ( 0.3925023044936766792, 0.4000834973901974401, 0.3019248496105205182 ) ) ;
#2715 = CARTESIAN_POINT ( 'NONE',  ( 0.4646409758276143775, 0.1994421138849620800, 0.2479143522719777781 ) ) ;
#2716 = CARTESIAN_POINT ( 'NONE',  ( 0.5000000000000000000, -0.1933073619842588797, 0.5000000000000000000 ) ) ;
#2717 = CARTESIAN_POINT ( 'NONE',  ( 0.5510927739059099384, 0.2661223396258273199, 0.4239175183891570886 ) ) ;
#2718 = CARTESIAN_POINT ( 'NONE',  ( 0.5065720483301349164, 0.2705380110306976893, 0.2407862193242889803 ) ) ;
#2719 = B_SPLINE_CURVE_WITH_KNOTS ( 'NONE', 3,
 ( #2743, #2023, #2682, #642, #2939, #244, #1150, #419, #1826, #942 ),
 .UNSPECIFIED., .F., .F.,
 ( 4, 3, 3, 4 ),
 ( -1.316011847010713515E-05, 0.000000000000000000, 0.0002040599209432022380, 0.0004070081358943653579 ),
 .UNSPECIFIED. ) ;
#2720 = CARTESIAN_POINT ( 'NONE',  ( 0.5000000000000000000, 0.3460837196928367998, -0.1903971086008659497 ) ) ;
#2721 = VERTEX_POINT ( 'NONE', #160 ) ;
#2722 = CARTESIAN_POINT ( 'NONE',  ( 0.4760378120981898498, 0.2459133383274665074, -0.2475144565202105906 ) ) ;
#2723 = CARTESIAN_POINT ( 'NONE',  ( 0.6348201112546303371, 0.08333333333333642345, 0.3656235161413378121 ) ) ;
#2724 = FACE_OUTER_BOUND ( 'NONE', #2261, .T. ) ;
#2725 = ORIENTED_EDGE ( 'NONE', *, *, #1617, .T. ) ;
#2726 = CARTESIAN_POINT ( 'NONE',  ( 0.5000000000000000000, 0.04331596927290191912, -0.2958039889734589978 ) ) ;
#2727 = B_SPLINE_CURVE_WITH_KNOTS ( 'NONE', 3,
 ( #2379, #120, #1030, #2200 ),
 .UNSPECIFIED., .F., .F.,
 ( 4, 4 ),
 ( 0.000000000000000000, 0.0006777236727113581652 ),
 .UNSPECIFIED. ) ;
#2728 = ADVANCED_FACE ( 'NONE', ( #902 ), #646, .T. ) ;
#2729 = CARTESIAN_POINT ( 'NONE',  ( 0.4837964642936669613, 0.2670248388032411824, -0.2449034370035944874 ) ) ;
#2730 = ORIENTED_EDGE ( 'NONE', *, *, #926, .T. ) ;
#2731 = DIRECTION ( 'NONE',  ( -0.000000000000000000, -0.000000000000000000, -1.000000000000000000 ) ) ;
#2732 = CARTESIAN_POINT ( 'NONE',  ( 0.5000000000000000000, 0.05000000000000000971, 0.000000000000000000 ) ) ;
#2733 = DIRECTION ( 'NONE',  ( 0.000000000000000000, -0.7076923076923077316, 0.7065207694280020156 ) ) ;
#2734 = CARTESIAN_POINT ( 'NONE',  ( 0.1062274922498266938, 0.4914874978823265406, 0.1062274922497912777 ) ) ;
#2735 = CARTESIAN_POINT ( 'NONE',  ( 0.3378854642871536029, 0.4035639710019287563, -0.1903125779096279946 ) ) ;
#2736 = CARTESIAN_POINT ( 'NONE',  ( 0.4959447360874295607, 0.06104642569380036576, 0.2760670907689876108 ) ) ;
#2737 = ORIENTED_EDGE ( 'NONE', *, *, #2357, .T. ) ;
#2738 = CARTESIAN_POINT ( 'NONE',  ( 0.5089370822975309849, -0.04198896961535093786, -0.3731782682368629533 ) ) ;
#2739 = CARTESIAN_POINT ( 'NONE',  ( 0.4584044759094230703, 0.2024012628812633940, 0.2465153495859922494 ) ) ;
#2740 = CARTESIAN_POINT ( 'NONE',  ( 0.5000000000000000000, 0.007933286794487182103, 0.2321644047559889568 ) ) ;
#2741 = ORIENTED_EDGE ( 'NONE', *, *, #12, .F. ) ;
#2742 = CARTESIAN_POINT ( 'NONE',  ( 0.5000000000000057732, 0.03143539005236142131, -0.2502644182258975114 ) ) ;
#2743 = CARTESIAN_POINT ( 'NONE',  ( 0.4583333333333333148, 0.2022443516585266388, -0.2465033242958173387 ) ) ;
#2744 = ORIENTED_EDGE ( 'NONE', *, *, #1566, .F. ) ;
#2745 = CIRCLE ( 'NONE', #2452, 0.01999999999999999001 ) ;
#2746 = CARTESIAN_POINT ( 'NONE',  ( 0.4600000000000000200, 0.000000000000000000, 0.000000000000000000 ) ) ;
#2747 = ADVANCED_BREP_SHAPE_REPRESENTATION ( 'HD0025', ( #1915, #2560 ), #1226 ) ;
#2748 = CARTESIAN_POINT ( 'NONE',  ( 0.5000000000000000000, 0.3677720081789803697, 0.2179449471770336932 ) ) ;
#2749 = CARTESIAN_POINT ( 'NONE',  ( 0.2157910286894487162, 0.4791184232876159466, -0.1659930989918836641 ) ) ;
#2750 = EDGE_CURVE ( 'NONE', #478, #970, #2002, .T. ) ;
#2751 = CIRCLE ( 'NONE', #1513, 0.1300000000000000044 ) ;
#2752 = CARTESIAN_POINT ( 'NONE',  ( 0.4938277458626369465, 0.3560374957665727313, 0.2366559653834953980 ) ) ;
#2753 = CARTESIAN_POINT ( 'NONE',  ( 0.4799506420604126578, 0.3894728949141337826, 0.3055981155558125661 ) ) ;
#2754 = CARTESIAN_POINT ( 'NONE',  ( 0.5329643009542185395, 0.1578004754289021039, 0.3411460902224289216 ) ) ;
#2755 = EDGE_LOOP ( 'NONE', ( #1338, #2654, #2144, #2305 ) ) ;
#2756 = CARTESIAN_POINT ( 'NONE',  ( 0.5303715791750337472, 0.04967691917858454292, -0.3723039041142415240 ) ) ;
#2757 = B_SPLINE_CURVE_WITH_KNOTS ( 'NONE', 3,
 ( #1948, #2633, #1459, #354, #1974, #593 ),
 .UNSPECIFIED., .F., .F.,
 ( 4, 2, 4 ),
 ( 0.001993227347466250410, 0.003076221987042330325, 0.004159216626618410240 ),
 .UNSPECIFIED. ) ;
#2758 = CARTESIAN_POINT ( 'NONE',  ( 0.5000000000000000000, 5.235365066354934461E-17, -0.4274999999999999911 ) ) ;
#2759 = CARTESIAN_POINT ( 'NONE',  ( 0.4999999999999999445, -0.0006031696991325904414, 0.2117495677178516666 ) ) ;
#2760 = ORIENTED_EDGE ( 'NONE', *, *, #2545, .T. ) ;
#2761 = CARTESIAN_POINT ( 'NONE',  ( 0.4816037630230399214, 0.2315555738357755744, -0.2497630421947806267 ) ) ;
#2762 = CARTESIAN_POINT ( 'NONE',  ( 0.4385393184517522025, 0.3636319481324530312, 0.2429684016302262606 ) ) ;
#2763 = ORIENTED_EDGE ( 'NONE', *, *, #1203, .T. ) ;
#2764 = B_SPLINE_CURVE_WITH_KNOTS ( 'NONE', 3,
 ( #637, #162, #2493, #2677 ),
 .UNSPECIFIED., .F., .F.,
 ( 4, 4 ),
 ( 0.000000000000000000, 0.0008391596913548189001 ),
 .UNSPECIFIED. ) ;
#2765 = ORIENTED_EDGE ( 'NONE', *, *, #691, .T. ) ;
#2766 = CARTESIAN_POINT ( 'NONE',  ( 0.4793404078619906694, 0.2452938221358834381, -0.4650260268785497697 ) ) ;
#2767 = CARTESIAN_POINT ( 'NONE',  ( 0.06167479860710874812, -0.5000000000000001110, -0.04744215277469908398 ) ) ;
#2768 = CARTESIAN_POINT ( 'NONE',  ( 0.3744409935244751853, 0.3856338551820129856, 0.2161826447541039531 ) ) ;
#2769 = CARTESIAN_POINT ( 'NONE',  ( 0.4592978024665503867, 0.3904729120573520729, -0.3123030921323194375 ) ) ;
#2770 = CARTESIAN_POINT ( 'NONE',  ( 0.4738004937143580619, 0.3672440376415330165, 0.2486240806938455616 ) ) ;
#2771 = EDGE_CURVE ( 'NONE', #343, #1553, #2496, .T. ) ;
#2772 = DIRECTION ( 'NONE',  ( 0.000000000000000000, 0.000000000000000000, -1.000000000000000000 ) ) ;
#2773 = ORIENTED_EDGE ( 'NONE', *, *, #1829, .T. ) ;
#2774 = CARTESIAN_POINT ( 'NONE',  ( 0.2913675306590269853, 0.4312334499068085081, 0.1388438668092810968 ) ) ;
#2775 = CARTESIAN_POINT ( 'NONE',  ( -0.5000393700787402196, 0.000000000000000000, 0.000000000000000000 ) ) ;
#2776 = CARTESIAN_POINT ( 'NONE',  ( 0.5898829150696506263, 0.2758267893560798489, 0.2544085775711978914 ) ) ;
#2777 = CARTESIAN_POINT ( 'NONE',  ( 0.4558590636954277797, 0.009810141111813417553, -0.2261934144370445210 ) ) ;
#2778 = CARTESIAN_POINT ( 'NONE',  ( 0.5000000000000000000, 0.2694559951611543713, -0.3809900715905207846 ) ) ;
#2779 = ORIENTED_EDGE ( 'NONE', *, *, #797, .F. ) ;
#2780 = DIRECTION ( 'NONE',  ( 1.000000000000000000, 0.000000000000000000, 0.000000000000000000 ) ) ;
#2781 = CARTESIAN_POINT ( 'NONE',  ( 0.4583333333333333148, 0.2022443516585266110, 0.2465033242958173387 ) ) ;
#2782 = CARTESIAN_POINT ( 'NONE',  ( 0.4631313874828457133, 0.2121689627437308434, 0.2472823633791705611 ) ) ;
#2783 = CARTESIAN_POINT ( 'NONE',  ( 0.4377050040345539239, 0.3724840212359744052, 0.3366961569496248474 ) ) ;
#2784 = CARTESIAN_POINT ( 'NONE',  ( 0.6282512545896191680, 0.1546070758469067496, 0.3417713764090645201 ) ) ;
#2785 = VERTEX_POINT ( 'NONE', #680 ) ;
#2786 = CARTESIAN_POINT ( 'NONE',  ( 0.6360108145077950637, 0.06992625573540896255, -0.3684384623200980813 ) ) ;
#2787 = ADVANCED_FACE ( 'NONE', ( #1783 ), #1071, .F. ) ;
#2788 = CARTESIAN_POINT ( 'NONE',  ( 0.4969379647407532463, 0.005930296745692380939, 0.2662785437439577074 ) ) ;
#2789 = CARTESIAN_POINT ( 'NONE',  ( 0.5000000000000000000, 0.01540087470765359214, 0.2405014482079902982 ) ) ;
#2790 = ORIENTED_EDGE ( 'NONE', *, *, #1528, .T. ) ;
#2791 = CARTESIAN_POINT ( 'NONE',  ( 0.5000000000000000000, -0.001502679284746251138, -0.2081371834732058945 ) ) ;
#2792 = ADVANCED_FACE ( 'NONE', ( #2704 ), #2889, .T. ) ;
#2793 = DIRECTION ( 'NONE',  ( 0.000000000000000000, 0.000000000000000000, -1.000000000000000000 ) ) ;
#2794 = CARTESIAN_POINT ( 'NONE',  ( 0.000000000000000000, 0.000000000000000000, -0.5000000000000000000 ) ) ;
#2795 = CARTESIAN_POINT ( 'NONE',  ( 0.000000000000000000, 0.000000000000000000, 0.5000000000000000000 ) ) ;
#2796 =( BOUNDED_SURFACE ( )  B_SPLINE_SURFACE ( 3, 2, ( 
 ( #2415, #1286, #2190 ),
 ( #2767, #1629, #1815 ),
 ( #2959, #34, #469 ),
 ( #2520, #231, #497 ),
 ( #1423, #1185, #2076 ),
 ( #2297, #2490, #451 ),
 ( #1864, #2061, #947 ),
 ( #1849, #2325, #901 ),
 ( #1374, #2044, #2095 ),
 ( #915, #723, #292 ),
 ( #482, #1357, #2265 ),
 ( #693, #2282, #1168 ),
 ( #2536, #1404, #1597 ),
 ( #1138, #961, #15 ) ),
 .UNSPECIFIED., .F., .F., .T. ) 
 B_SPLINE_SURFACE_WITH_KNOTS ( ( 4, 2, 2, 2, 2, 2, 4 ),
 ( 3, 3 ),
 ( 4.712388980384689674, 4.997027672231789452, 5.281666364078890119, 5.423985710002440896, 5.566305055925990786, 5.708624401849540675, 5.850943747773090564 ),
 ( 0.000000000000000000, 1.000000000000000000 ),
 .UNSPECIFIED. ) 
 GEOMETRIC_REPRESENTATION_ITEM ( )  RATIONAL_B_SPLINE_SURFACE ( (
 ( 1.000000000000000000, 1.000000000000000000, 1.000000000000000000),
 ( 1.000000000000000000, 1.000043313256542277, 1.000000000000000000),
 ( 1.000000000000000000, 0.9931334328312771964, 1.000000000000000000),
 ( 1.000000000000000000, 0.9670427587995550356, 1.000000000000000000),
 ( 1.000000000000000000, 0.9478112995837949528, 1.000000000000000000),
 ( 1.000000000000000000, 0.9128658996920231417, 1.000000000000000000),
 ( 1.000000000000000000, 0.9002242818639479838, 1.000000000000000000),
 ( 1.000000000000000000, 0.8737733196458562501, 1.000000000000000000),
 ( 1.000000000000000000, 0.8599642524880487526, 1.000000000000000000),
 ( 1.000000000000000000, 0.8321919661570978954, 1.000000000000000000),
 ( 1.000000000000000000, 0.8182302371694100129, 1.000000000000000000),
 ( 1.000000000000000000, 0.7913383811792454869, 1.000000000000000000),
 ( 1.000000000000000000, 0.7784124684889299761, 1.000000000000000000),
 ( 1.000000000000000000, 0.7666431006594579545, 1.000000000000000000) ) ) 
 REPRESENTATION_ITEM ( '' )  SURFACE ( )  );
#2797 = AXIS2_PLACEMENT_3D ( 'NONE', #1146, #44, #1429 ) ;
#2798 = DIRECTION ( 'NONE',  ( 0.000000000000000000, 0.000000000000000000, -1.000000000000000000 ) ) ;
#2799 = AXIS2_PLACEMENT_3D ( 'NONE', #1905, #2130, #973 ) ;
#2800 = CARTESIAN_POINT ( 'NONE',  ( 0.4687552393968716369, 0.1810781446445230980, 0.4687552393968719699 ) ) ;
#2801 = LINE ( 'NONE', #1364, #893 ) ;
#2802 = CARTESIAN_POINT ( 'NONE',  ( 0.4971975408292407805, -0.0004886500222276213062, -0.2622492213235816383 ) ) ;
#2803 = CARTESIAN_POINT ( 'NONE',  ( 0.5110620936022091110, -0.03213169578470999321, 0.3744285098224666153 ) ) ;
#2804 = VECTOR ( 'NONE', #1760, 39.37007874015748143 ) ;
#2805 = AXIS2_PLACEMENT_3D ( 'NONE', #2358, #773, #1442 ) ;
#2806 = CARTESIAN_POINT ( 'NONE',  ( 0.6247079674003624961, 0.1775756141868858884, 0.3306000584851577218 ) ) ;
#2807 = ORIENTED_EDGE ( 'NONE', *, *, #1617, .F. ) ;
#2808 = CARTESIAN_POINT ( 'NONE',  ( 0.5088452697500588373, 0.2744447905310460345, -0.2388255215784619023 ) ) ;
#2809 = CARTESIAN_POINT ( 'NONE',  ( 0.3119471385730981927, 0.4386564902194877158, -0.2399593373643136296 ) ) ;
#2810 = VERTEX_POINT ( 'NONE', #1391 ) ;
#2811 = EDGE_CURVE ( 'NONE', #1104, #2082, #246, .T. ) ;
#2812 = ADVANCED_FACE ( 'NONE', ( #2537 ), #2960, .T. ) ;
#2813 = CARTESIAN_POINT ( 'NONE',  ( 0.3119471385711670153, 0.4386564902204658778, 0.2399593373625255599 ) ) ;
#2814 = CARTESIAN_POINT ( 'NONE',  ( 0.4692660566066772510, 0.2146890653534575810, -0.2485541509955213890 ) ) ;
#2815 = PERSON_AND_ORGANIZATION_ROLE ( 'creator' ) ;
#2816 = CARTESIAN_POINT ( 'NONE',  ( 0.4674978674635439369, 0.2127365834990748716, -0.2482134416574124924 ) ) ;
#2817 = CARTESIAN_POINT ( 'NONE',  ( 0.4256683610966739417, -0.2687874908532024709, 0.4256683610966415787 ) ) ;
#2818 = LINE ( 'NONE', #1484, #1608 ) ;
#2819 = CARTESIAN_POINT ( 'NONE',  ( 0.5046839480941073264, -0.06029856514708754889, 0.3703421549653242439 ) ) ;
#2820 = CARTESIAN_POINT ( 'NONE',  ( 0.4702404816895362494, 0.1953468532069350949, -0.2498753409677645365 ) ) ;
#2821 = ORIENTED_EDGE ( 'NONE', *, *, #2128, .F. ) ;
#2822 = CYLINDRICAL_SURFACE ( 'NONE', #848, 0.5000000000000000000 ) ;
#2823 = CARTESIAN_POINT ( 'NONE',  ( 0.3894268438154851464, 0.3793106333586517276, 0.2243844997426102383 ) ) ;
#2824 = ORIENTED_EDGE ( 'NONE', *, *, #1327, .T. ) ;
#2825 = EDGE_CURVE ( 'NONE', #2785, #1351, #1047, .T. ) ;
#2826 = CARTESIAN_POINT ( 'NONE',  ( 0.1300000000000000044, 1.592040838891559342E-17, 0.5000000000000000000 ) ) ;
#2827 = CARTESIAN_POINT ( 'NONE',  ( 0.5000000000000000000, 0.3205949358098831303, 0.2234997598226524107 ) ) ;
#2828 = CARTESIAN_POINT ( 'NONE',  ( 0.4583333333333333148, 0.2022443516585266943, -0.2465033242958173110 ) ) ;
#2829 = APPLICATION_PROTOCOL_DEFINITION ( 'international standard', 'config_control_design', 1994, #1714 ) ;
#2830 = DIRECTION ( 'NONE',  ( 0.7174485228697207173, -0.3343168799689379966, 0.6111463333767866990 ) ) ;
#2831 = CARTESIAN_POINT ( 'NONE',  ( 0.2615639171954021180, -0.4306088727660919435, 0.2615639171954703412 ) ) ;
#2832 = CARTESIAN_POINT ( 'NONE',  ( 0.3889583925444767831, 0.3792735565285382804, -0.2246143585933292330 ) ) ;
#2833 = CARTESIAN_POINT ( 'NONE',  ( 0.4998967804072061982, -0.04097906424306702738, 0.2264444090109360153 ) ) ;
#2834 = CARTESIAN_POINT ( 'NONE',  ( 0.4549129151142464744, 0.005760994746532185212, -0.2195790487064919194 ) ) ;
#2835 = CARTESIAN_POINT ( 'NONE',  ( 0.5200000000000196687, 0.3285604933792873883, 0.1807567486716966376 ) ) ;
#2836 = DIRECTION ( 'NONE',  ( 0.000000000000000000, -1.000000000000000000, 0.000000000000000000 ) ) ;
#2837 = ORIENTED_EDGE ( 'NONE', *, *, #2563, .F. ) ;
#2838 = FACE_OUTER_BOUND ( 'NONE', #447, .T. ) ;
#2839 = VERTEX_POINT ( 'NONE', #932 ) ;
#2840 = CARTESIAN_POINT ( 'NONE',  ( 0.5259335666997900782, 0.3265277233964949954, -0.1844517028760570276 ) ) ;
#2841 = DATE_AND_TIME ( #1922, #1321 ) ;
#2842 = CARTESIAN_POINT ( 'NONE',  ( 0.4600000000000000200, 0.3905487874613408628, 0.3122044916596754538 ) ) ;
#2843 = CARTESIAN_POINT ( 'NONE',  ( 0.5000000000000000000, 0.000000000000000000, 0.4274999999999999911 ) ) ;
#2844 = ADVANCED_FACE ( 'NONE', ( #2062 ), #580, .T. ) ;
#2845 = CARTESIAN_POINT ( 'NONE',  ( 0.4278477985851965593, 0.3780338582035691619, -0.3291136912193819986 ) ) ;
#2846 = AXIS2_PLACEMENT_3D ( 'NONE', #692, #2731, #2535 ) ;
#2847 = CARTESIAN_POINT ( 'NONE',  ( 0.5000000000000000000, -0.04663545637670870464, -0.2201139118923110261 ) ) ;
#2848 = CARTESIAN_POINT ( 'NONE',  ( 0.4930601257599030451, 0.2929674142047049012, 0.2377396007066056027 ) ) ;
#2849 = VERTEX_POINT ( 'NONE', #916 ) ;
#2850 = CARTESIAN_POINT ( 'NONE',  ( 0.4994347969755665306, -0.03362331481434826380, 0.2343368485644692911 ) ) ;
#2851 = CC_DESIGN_SECURITY_CLASSIFICATION ( #520, ( #42 ) ) ;
#2852 = CARTESIAN_POINT ( 'NONE',  ( 0.2124161248099101784, 0.4983322234338361523, 0.04681393623060940701 ) ) ;
#2853 = CARTESIAN_POINT ( 'NONE',  ( 0.4801767615324635252, 0.2573561780046457748, 0.2464070280499733034 ) ) ;
#2854 = DIRECTION ( 'NONE',  ( 0.000000000000000000, 0.000000000000000000, -1.000000000000000000 ) ) ;
#2855 = DIRECTION ( 'NONE',  ( 0.000000000000000000, 0.4820179964579060505, 0.8761613156780583278 ) ) ;
#2856 = CARTESIAN_POINT ( 'NONE',  ( 0.1511718946786848039, -0.5000000000000002220, 0.1965234630822902673 ) ) ;
#2857 = EDGE_CURVE ( 'NONE', #1121, #2721, #1748, .T. ) ;
#2858 = CARTESIAN_POINT ( 'NONE',  ( 0.5342106415611801440, 0.1369673656968754538, -0.3508603891209066683 ) ) ;
#2859 = CARTESIAN_POINT ( 'NONE',  ( 0.4659090909090908839, 0.2168968143385732461, 0.2476647127011746552 ) ) ;
#2860 = VERTEX_POINT ( 'NONE', #1816 ) ;
#2861 = CARTESIAN_POINT ( 'NONE',  ( 1.250000000000000000, 0.000000000000000000, 0.000000000000000000 ) ) ;
#2862 = B_SPLINE_CURVE_WITH_KNOTS ( 'NONE', 3,
 ( #147, #1056, #1957, #2370, #337, #2148 ),
 .UNSPECIFIED., .F., .F.,
 ( 4, 2, 4 ),
 ( 4.906538933386796626E-18, 0.002623772882019394497, 0.005247545764038784658 ),
 .UNSPECIFIED. ) ;
#2863 = CARTESIAN_POINT ( 'NONE',  ( 0.4839254839441040068, 0.2173142479542694294, 0.4932394932615431493 ) ) ;
#2864 = CARTESIAN_POINT ( 'NONE',  ( 0.2701027930269614963, 0.4456520952093151466, 0.09862975821175680446 ) ) ;
#2865 = B_SPLINE_CURVE_WITH_KNOTS ( 'NONE', 3,
 ( #2546, #1000, #1208, #2091, #275, #1401 ),
 .UNSPECIFIED., .F., .F.,
 ( 4, 2, 4 ),
 ( 5.178084196352551749E-17, 0.002623472633306153570, 0.005246945266612255965 ),
 .UNSPECIFIED. ) ;
#2866 = CARTESIAN_POINT ( 'NONE',  ( -0.5000000000000000000, 0.000000000000000000, -0.5000000000000000000 ) ) ;
#2867 = ORIENTED_EDGE ( 'NONE', *, *, #985, .T. ) ;
#2868 = FACE_OUTER_BOUND ( 'NONE', #141, .T. ) ;
#2869 = APPROVAL_STATUS ( 'not_yet_approved' ) ;
#2870 = CARTESIAN_POINT ( 'NONE',  ( 0.4982963603425451526, 0.3737777097105839941, 0.2881144859565566430 ) ) ;
#2871 = CARTESIAN_POINT ( 'NONE',  ( 0.4962050278136577175, 0.05000000000000000971, -0.2766965192874363821 ) ) ;
#2872 = CARTESIAN_POINT ( 'NONE',  ( 0.4732142857142856429, 0.3584207495018520429, -0.2485609090549116829 ) ) ;
#2873 = CARTESIAN_POINT ( 'NONE',  ( 0.000000000000000000, 0.000000000000000000, 0.5000000000000000000 ) ) ;
#2874 = CARTESIAN_POINT ( 'NONE',  ( 0.4779050313029498120, 0.1846656633191597618, -0.2540855633540121117 ) ) ;
#2875 = CARTESIAN_POINT ( 'NONE',  ( 0.5208901633112046348, 0.3182561351390956195, -0.1977747842801630129 ) ) ;
#2876 = EDGE_CURVE ( 'NONE', #201, #2881, #2221, .T. ) ;
#2877 = DIRECTION ( 'NONE',  ( 0.000000000000000000, 0.000000000000000000, 1.000000000000000000 ) ) ;
#2878 = EDGE_CURVE ( 'NONE', #1787, #121, #850, .T. ) ;
#2879 = CARTESIAN_POINT ( 'NONE',  ( 0.2992300663658631898, 0.4777320209076518220, -0.1499816526203974210 ) ) ;
#2880 = CARTESIAN_POINT ( 'NONE',  ( 0.4819791406470675943, 0.2321151386556518648, 0.2497546914354324687 ) ) ;
#2881 = VERTEX_POINT ( 'NONE', #754 ) ;
#2882 = FACE_OUTER_BOUND ( 'NONE', #432, .T. ) ;
#2883 = CARTESIAN_POINT ( 'NONE',  ( 0.4948353655326885314, 0.3795727316848845345, 0.2935896579240721005 ) ) ;
#2884 = CARTESIAN_POINT ( 'NONE',  ( 0.2226639310797754179, 0.4500326898983474377, -0.2894631104038025704 ) ) ;
#2885 = CARTESIAN_POINT ( 'NONE',  ( 0.5000000000000001110, 0.3645715524343286496, -0.2805130712740909749 ) ) ;
#2886 = CARTESIAN_POINT ( 'NONE',  ( 0.4843611852338602919, 0.1673778128305065116, -0.2594603672621105250 ) ) ;
#2887 = CARTESIAN_POINT ( 'NONE',  ( 0.5000000000000000000, 0.3460837196928330806, 0.1903971086008730274 ) ) ;
#2888 = CARTESIAN_POINT ( 'NONE',  ( 0.4699999999999999734, 0.3482521402222504281, -0.2479449471770336921 ) ) ;
#2889 =( BOUNDED_SURFACE ( )  B_SPLINE_SURFACE ( 3, 2, ( 
 ( #2885, #1542, #2445 ),
 ( #1302, #1315, #2660 ),
 ( #2929, #2916, #2903 ),
 ( #1332, #2028, #1112 ),
 ( #2675, #1584, #621 ),
 ( #2220, #2461, #1346 ),
 ( #664, #1969, #193 ),
 ( #2491, #437, #2251 ),
 ( #1101, #1557, #874 ),
 ( #1529, #1769, #2235 ),
 ( #452, #1571, #176 ),
 ( #2431, #393, #217 ),
 ( #1124, #1987, #2945 ),
 ( #498, #2283, #2521 ) ),
 .UNSPECIFIED., .F., .F., .F. ) 
 B_SPLINE_SURFACE_WITH_KNOTS ( ( 4, 2, 2, 2, 2, 2, 4 ),
 ( 3, 3 ),
 ( 1.924458856161770370E-18, 5.791061879987752199E-05, 0.0001158212375997531195, 0.0001737318563996287238, 0.0002316424751995043146, 0.0003474637127992554961, 0.0004632849503990066776 ),
 ( 0.000000000000000000, 1.000000000000000000 ),
 .UNSPECIFIED. ) 
 GEOMETRIC_REPRESENTATION_ITEM ( )  RATIONAL_B_SPLINE_SURFACE ( (
 ( 1.000000000000000000, 0.7544360362902208239, 1.000000000000000000),
 ( 1.000000000000000000, 0.7547384428149149782, 1.000000000000000000),
 ( 1.000000000000000000, 0.7603098750019477992, 1.000000000000000000),
 ( 1.000000000000000000, 0.7795855049741348131, 1.000000000000000000),
 ( 1.000000000000000000, 0.7932030626576335175, 1.000000000000000000),
 ( 1.000000000000000000, 0.8234781534871128406, 1.000000000000000000),
 ( 1.000000000000000000, 0.8403755012088797161, 1.000000000000000000),
 ( 1.000000000000000000, 0.8731733171158378992, 1.000000000000000000),
 ( 1.000000000000000000, 0.8892845622809777417, 1.000000000000000000),
 ( 1.000000000000000000, 0.9344339844478330992, 1.000000000000000000),
 ( 1.000000000000000000, 0.9586904356826404516, 1.000000000000000000),
 ( 1.000000000000000000, 0.9916125076096138358, 1.000000000000000000),
 ( 1.000000000000000000, 1.000047313991962339, 1.000000000000000000),
 ( 1.000000000000000000, 1.000000000000000000, 1.000000000000000000) ) ) 
 REPRESENTATION_ITEM ( '' )  SURFACE ( )  );
#2890 = ORIENTED_EDGE ( 'NONE', *, *, #2128, .T. ) ;
#2891 = CIRCLE ( 'NONE', #1035, 0.5000000000000000000 ) ;
#2892 = DIRECTION ( 'NONE',  ( -0.000000000000000000, 1.000000000000000000, -0.000000000000000000 ) ) ;
#2893 = EDGE_CURVE ( 'NONE', #1642, #201, #706, .T. ) ;
#2894 = EDGE_CURVE ( 'NONE', #1693, #1116, #897, .T. ) ;
#2895 = CARTESIAN_POINT ( 'NONE',  ( 0.2499943876665426112, 0.4600041043137031993, -0.009172205292364083579 ) ) ;
#2896 = CARTESIAN_POINT ( 'NONE',  ( 0.4800527517777422037, 0.2391996707500025077, 0.2468023781321722898 ) ) ;
#2897 = AXIS2_PLACEMENT_3D ( 'NONE', #2566, #1169, #35 ) ;
#2898 = ORIENTED_EDGE ( 'NONE', *, *, #748, .T. ) ;
#2899 = DIRECTION ( 'NONE',  ( 1.000000000000000000, 0.000000000000000000, 0.000000000000000000 ) ) ;
#2900 = COORDINATED_UNIVERSAL_TIME_OFFSET ( 8, 0, .BEHIND. ) ;
#2901 = CARTESIAN_POINT ( 'NONE',  ( 0.5000000000000001110, 0.3645715524343287051, 0.2805130712740909749 ) ) ;
#2902 = CARTESIAN_POINT ( 'NONE',  ( 0.3977442368336288059, 0.3038530633559246574, -0.5170675078837380090 ) ) ;
#2903 = CARTESIAN_POINT ( 'NONE',  ( 0.4740431213417285461, 0.3875218405704249358, -0.2611993101967587938 ) ) ;
#2904 = CARTESIAN_POINT ( 'NONE',  ( 0.4705192712739259542, 0.2950671243049896031, -0.2488793374223714772 ) ) ;
#2905 = CARTESIAN_POINT ( 'NONE',  ( 0.4843395164464702196, 0.1674505733531237717, 0.2594400036525459363 ) ) ;
#2906 = CARTESIAN_POINT ( 'NONE',  ( 0.4948219437337829651, 0.3799791380622515313, -0.2939062261125195419 ) ) ;
#2907 = CARTESIAN_POINT ( 'NONE',  ( 1.250000000000000000, 5.235365066354934461E-17, -0.4274999999999999911 ) ) ;
#2908 = PLANE ( 'NONE',  #2216 ) ;
#2909 =( BOUNDED_CURVE ( )  B_SPLINE_CURVE ( 3, ( #2578, #782, #993, #571 ),
 .UNSPECIFIED., .F., .T. ) 
 B_SPLINE_CURVE_WITH_KNOTS ( ( 4, 4 ),
 ( 4.712388980384689674, 5.590025399602832401 ),
 .UNSPECIFIED. ) 
 CURVE ( )  GEOMETRIC_REPRESENTATION_ITEM ( )  RATIONAL_B_SPLINE_CURVE ( ( 1.000000000000000000, 0.9368362683125379675, 0.9368362683125379675, 1.000000000000000000 ) ) 
 REPRESENTATION_ITEM ( '' )  );
#2910 = CARTESIAN_POINT ( 'NONE',  ( 0.3243542423032031441, 0.4679788920873109714, -0.1798359050481629362 ) ) ;
#2911 = CARTESIAN_POINT ( 'NONE',  ( 0.5004636366970622863, 0.2857465790558157970, -0.2280188529029952837 ) ) ;
#2912 = EDGE_LOOP ( 'NONE', ( #1564, #1480, #847, #1794 ) ) ;
#2913 = EDGE_CURVE ( 'NONE', #1621, #2721, #2078, .T. ) ;
#2914 = FACE_OUTER_BOUND ( 'NONE', #793, .T. ) ;
#2915 = CARTESIAN_POINT ( 'NONE',  ( 0.4522640809156915354, 0.2209163698794108510, -0.4522640809157826292 ) ) ;
#2916 = CARTESIAN_POINT ( 'NONE',  ( 0.4991959701226716395, 0.3877338223587650234, -0.2663815782708862101 ) ) ;
#2917 = CARTESIAN_POINT ( 'NONE',  ( 0.3543515524875954226, 0.4191672338938192133, -0.2725781172981504574 ) ) ;
#2918 = CARTESIAN_POINT ( 'NONE',  ( 0.5214105369334640638, 0.3121399140899571711, 0.2056434467844741043 ) ) ;
#2919 = ORIENTED_EDGE ( 'NONE', *, *, #1772, .T. ) ;
#2920 = CARTESIAN_POINT ( 'NONE',  ( 0.4499999999999999556, -0.04999999999999998196, 0.000000000000000000 ) ) ;
#2921 = VERTEX_POINT ( 'NONE', #2266 ) ;
#2922 = LINE ( 'NONE', #671, #2169 ) ;
#2923 = ORIENTED_EDGE ( 'NONE', *, *, #2229, .F. ) ;
#2924 = CARTESIAN_POINT ( 'NONE',  ( 0.4728460127072063868, 0.2251169327436579604, -0.2480237592497448740 ) ) ;
#2925 = ORIENTED_EDGE ( 'NONE', *, *, #581, .T. ) ;
#2926 = PERSON_AND_ORGANIZATION ( #511, #233 ) ;
#2927 = CARTESIAN_POINT ( 'NONE',  ( 0.4933453962269272464, 0.3812542853599775738, 0.2953217236254494504 ) ) ;
#2928 = FACE_OUTER_BOUND ( 'NONE', #1517, .T. ) ;
#2929 = CARTESIAN_POINT ( 'NONE',  ( 0.4996467598653503983, 0.3693429620652864953, -0.2843022981035035479 ) ) ;
#2930 = CARTESIAN_POINT ( 'NONE',  ( 0.6195075567937154970, 0.2031011564076919684, -0.3157752465565456523 ) ) ;
#2931 = EDGE_CURVE ( 'NONE', #493, #2464, #2423, .T. ) ;
#2932 = EDGE_CURVE ( 'NONE', #11, #121, #813, .T. ) ;
#2933 = CARTESIAN_POINT ( 'NONE',  ( 0.5124077645800673153, 0.2547309282738949299, 0.2819718245286596536 ) ) ;
#2934 = EDGE_LOOP ( 'NONE', ( #2195, #639, #1726, #2021, #2790, #2074, #1448, #1813 ) ) ;
#2935 = CARTESIAN_POINT ( 'NONE',  ( 0.5197689567853752690, 0.2982657095266643132, 0.2212974096800640611 ) ) ;
#2936 = ORIENTED_EDGE ( 'NONE', *, *, #415, .F. ) ;
#2937 = CARTESIAN_POINT ( 'NONE',  ( 0.4583333333333333148, 0.05000000000000000971, 0.2465033242958173110 ) ) ;
#2938 = CIRCLE ( 'NONE', #2702, 0.04000000000000000777 ) ;
#2939 = CARTESIAN_POINT ( 'NONE',  ( 0.4596539129521738931, 0.2051463445041936395, -0.2467254621317225005 ) ) ;
#2940 = B_SPLINE_CURVE_WITH_KNOTS ( 'NONE', 3,
 ( #1688, #338, #785, #1243 ),
 .UNSPECIFIED., .F., .F.,
 ( 4, 4 ),
 ( 0.0005615315908074672811, 0.004342920222168594399 ),
 .UNSPECIFIED. ) ;
#2941 = ORIENTED_EDGE ( 'NONE', *, *, #2527, .T. ) ;
#2942 = CARTESIAN_POINT ( 'NONE',  ( 0.4999999999999622524, 0.3174294989767551534, -0.1973370496554118503 ) ) ;
#2943 = AXIS2_PLACEMENT_3D ( 'NONE', #1908, #2830, #1967 ) ;
#2944 = CARTESIAN_POINT ( 'NONE',  ( 0.3119471385730981927, 0.4386564902194877158, -0.2399593373643136296 ) ) ;
#2945 = CARTESIAN_POINT ( 'NONE',  ( 0.4617863980661854884, 0.3933300495086902715, -0.3087253023807828844 ) ) ;
#2946 = LOCAL_TIME ( 17, 50, 51.00000000000000000, #2640 ) ;
#2947 = CARTESIAN_POINT ( 'NONE',  ( 0.3366961569496247919, 0.3724840212359744052, 0.4377050040345540904 ) ) ;
#2948 = CARTESIAN_POINT ( 'NONE',  ( 0.4979941944532493836, 0.2780949669122761980, 0.2329756977168571941 ) ) ;
#2949 = CARTESIAN_POINT ( 'NONE',  ( 0.4999999999999999445, 0.3233520313245350497, 0.1893431764457799982 ) ) ;
#2950 = CARTESIAN_POINT ( 'NONE',  ( 0.5064540228597341764, 0.2703362737437932650, 0.2408846472721030973 ) ) ;
#2951 = EDGE_CURVE ( 'NONE', #2411, #2422, #2284, .T. ) ;
#2952 = VERTEX_POINT ( 'NONE', #2577 ) ;
#2953 = CARTESIAN_POINT ( 'NONE',  ( 0.4407727610042641575, 0.3932977407775477552, -0.3087501387589399737 ) ) ;
#2954 = EDGE_LOOP ( 'NONE', ( #1847, #245, #117, #1808, #1311 ) ) ;
#2955 = CARTESIAN_POINT ( 'NONE',  ( 0.4499999999999999556, 0.000000000000000000, -0.1936491673103708788 ) ) ;
#2956 = CARTESIAN_POINT ( 'NONE',  ( 0.4776618553583272808, 0.2344787087139777182, -0.2474225060669819898 ) ) ;
#2957 = VERTEX_POINT ( 'NONE', #1211 ) ;
#2958 = CARTESIAN_POINT ( 'NONE',  ( 0.5214105369334645079, 0.3121399140899576152, -0.2056434467844735769 ) ) ;
#2959 = CARTESIAN_POINT ( 'NONE',  ( 0.1233367121418129236, -0.4932031855979638890, -0.09487439395526281460 ) ) ;
#2960 = PLANE ( 'NONE',  #1093 ) ;
ENDSEC;
END-ISO-10303-21;
